2026-09-14T00:00:00.000+05:30 INFO  [platform] Heartbeat OK services=5 jvm_heap_used_pct=65
2026-09-14T00:34:48.000+05:30 WARN  [inventory-service] Low stock alert product_id=NM-5002 remaining=1 warehouse=WH-MUM
2026-09-14T00:35:34.091+05:30 INFO  [cart-service] txn_id=TXN-100002 customer_id=C10026 action=addtocart product_id=NM-1002 qty=1 status=SUCCESS response_ms=145
2026-09-14T00:36:40.072+05:30 INFO  [cart-service] txn_id=TXN-100001 customer_id=C10058 action=addtocart product_id=NM-1002 qty=1 status=SUCCESS response_ms=55
2026-09-14T01:00:02.000+05:30 INFO  [platform] Heartbeat OK services=5 jvm_heap_used_pct=61
2026-09-14T02:00:01.000+05:30 INFO  [platform] Heartbeat OK services=5 jvm_heap_used_pct=69
2026-09-14T03:00:01.000+05:30 INFO  [platform] Heartbeat OK services=5 jvm_heap_used_pct=52
2026-09-14T03:09:37.000+05:30 WARN  [inventory-service] Low stock alert product_id=NM-5003 remaining=9 warehouse=WH-BLR
2026-09-14T04:00:01.000+05:30 INFO  [platform] Heartbeat OK services=5 jvm_heap_used_pct=48
2026-09-14T04:27:08.000+05:30 ERROR [search-service] Elasticsearch query failed: connection reset by peer (node=es-data-02)
2026-09-14T05:00:02.000+05:30 INFO  [platform] Heartbeat OK services=5 jvm_heap_used_pct=64
2026-09-14T05:18:06.277+05:30 INFO  [cart-service] txn_id=TXN-100006 customer_id=C10235 action=addtocart product_id=NM-2002 qty=1 status=SUCCESS response_ms=133
2026-09-14T05:19:57.423+05:30 WARN  [order-service] txn_id=TXN-100007 customer_id=C10235 action=checkout order_id=ORD-550002 product_id=NM-2002 qty=1 amount=1899.00 payment_method=UPI status=DECLINED error_code=PAY_DECLINED response_ms=423 region=North
2026-09-14T05:36:01.101+05:30 INFO  [auth-service] txn_id=TXN-100003 customer_id=C10098 action=login status=SUCCESS response_ms=113
2026-09-14T05:36:35.161+05:30 INFO  [cart-service] txn_id=TXN-100004 customer_id=C10098 action=addtocart product_id=NM-4001 qty=1 status=SUCCESS response_ms=180
2026-09-14T05:38:03.219+05:30 INFO  [order-service] txn_id=TXN-100005 customer_id=C10098 action=checkout order_id=ORD-550001 product_id=NM-4001 qty=1 amount=899.00 payment_method=UPI status=SUCCESS response_ms=219 region=West
2026-09-14T06:00:02.000+05:30 INFO  [platform] Heartbeat OK services=5 jvm_heap_used_pct=47
2026-09-14T06:19:17.032+05:30 INFO  [cart-service] txn_id=TXN-100009 customer_id=C10398 action=addtocart product_id=NM-3004 qty=1 status=SUCCESS response_ms=89
2026-09-14T06:20:57.435+05:30 INFO  [order-service] txn_id=TXN-100010 customer_id=C10398 action=checkout order_id=ORD-550003 product_id=NM-3004 qty=1 amount=599.00 payment_method=UPI status=SUCCESS response_ms=435 region=North
2026-09-14T06:48:23.000+05:30 WARN  [inventory-service] Low stock alert product_id=NM-3004 remaining=1 warehouse=WH-DEL
2026-09-14T06:54:31.227+05:30 INFO  [cart-service] txn_id=TXN-100008 customer_id=C10592 action=addtocart product_id=NM-1005 qty=1 status=SUCCESS response_ms=95
2026-09-14T07:00:00.000+05:30 INFO  [platform] Heartbeat OK services=5 jvm_heap_used_pct=69
2026-09-14T08:00:01.000+05:30 INFO  [platform] Heartbeat OK services=5 jvm_heap_used_pct=54
2026-09-14T08:17:44.150+05:30 INFO  [cart-service] txn_id=TXN-100015 customer_id=C10268 action=addtocart product_id=NM-1002 qty=1 status=SUCCESS response_ms=175
2026-09-14T08:19:30.283+05:30 INFO  [order-service] txn_id=TXN-100016 customer_id=C10268 action=checkout order_id=ORD-550006 product_id=NM-1002 qty=1 amount=2499.00 payment_method=CARD status=SUCCESS response_ms=283 region=North
2026-09-14T08:35:41.241+05:30 INFO  [cart-service] txn_id=TXN-100013 customer_id=C10385 action=addtocart product_id=NM-2003 qty=1 status=SUCCESS response_ms=66
2026-09-14T08:36:26.333+05:30 INFO  [order-service] txn_id=TXN-100014 customer_id=C10385 action=checkout order_id=ORD-550005 product_id=NM-2003 qty=1 amount=2999.00 payment_method=WALLET status=SUCCESS response_ms=333 region=West
2026-09-14T08:41:50.198+05:30 INFO  [cart-service] txn_id=TXN-100011 customer_id=C10498 action=addtocart product_id=NM-6001 qty=1 status=SUCCESS response_ms=59
2026-09-14T08:43:42.355+05:30 INFO  [order-service] txn_id=TXN-100012 customer_id=C10498 action=checkout order_id=ORD-550004 product_id=NM-6001 qty=1 amount=349.00 payment_method=UPI status=SUCCESS response_ms=355 region=West
2026-09-14T08:45:04.171+05:30 INFO  [cart-service] txn_id=TXN-100017 customer_id=C10159 action=addtocart product_id=NM-3003 qty=3 status=SUCCESS response_ms=81
2026-09-14T08:45:50.436+05:30 INFO  [order-service] txn_id=TXN-100018 customer_id=C10159 action=checkout order_id=ORD-550007 product_id=NM-3003 qty=3 amount=3597.00 payment_method=CARD status=SUCCESS response_ms=436 region=North
2026-09-14T09:00:02.000+05:30 INFO  [platform] Heartbeat OK services=5 jvm_heap_used_pct=68
2026-09-14T09:15:55.060+05:30 INFO  [cart-service] txn_id=TXN-100024 customer_id=C10477 action=addtocart product_id=NM-1001 qty=1 status=SUCCESS response_ms=117
2026-09-14T09:18:08.253+05:30 INFO  [cart-service] txn_id=TXN-100019 customer_id=C10276 action=addtocart product_id=NM-1005 qty=1 status=SUCCESS response_ms=35
2026-09-14T09:19:36.478+05:30 INFO  [order-service] txn_id=TXN-100020 customer_id=C10276 action=checkout order_id=ORD-550008 product_id=NM-1005 qty=1 amount=4999.00 payment_method=CARD status=SUCCESS response_ms=478 region=South
2026-09-14T09:22:04.213+05:30 INFO  [cart-service] txn_id=TXN-100021 customer_id=C10400 action=addtocart product_id=NM-2002 qty=1 status=SUCCESS response_ms=41
2026-09-14T09:22:50.393+05:30 INFO  [order-service] txn_id=TXN-100022 customer_id=C10400 action=checkout order_id=ORD-550009 product_id=NM-2002 qty=1 amount=1899.00 payment_method=CARD status=SUCCESS response_ms=393 region=North
2026-09-14T09:42:58.022+05:30 INFO  [cart-service] txn_id=TXN-100023 customer_id=C10526 action=addtocart product_id=NM-3003 qty=3 status=SUCCESS response_ms=106
2026-09-14T10:00:00.000+05:30 INFO  [platform] Heartbeat OK services=5 jvm_heap_used_pct=51
2026-09-14T10:05:01.228+05:30 INFO  [auth-service] txn_id=TXN-100034 customer_id=C10645 action=login status=SUCCESS response_ms=152
2026-09-14T10:05:04.280+05:30 INFO  [cart-service] txn_id=TXN-100035 customer_id=C10645 action=addtocart product_id=NM-1002 qty=1 status=SUCCESS response_ms=168
2026-09-14T10:05:32.180+05:30 INFO  [auth-service] txn_id=TXN-100031 customer_id=C10556 action=login status=SUCCESS response_ms=199
2026-09-14T10:06:07.193+05:30 INFO  [cart-service] txn_id=TXN-100032 customer_id=C10556 action=addtocart product_id=NM-3004 qty=1 status=SUCCESS response_ms=61
2026-09-14T10:07:41.143+05:30 INFO  [order-service] txn_id=TXN-100033 customer_id=C10556 action=checkout order_id=ORD-550012 product_id=NM-3004 qty=1 amount=599.00 payment_method=CARD status=SUCCESS response_ms=143 region=West
2026-09-14T10:23:22.094+05:30 INFO  [auth-service] txn_id=TXN-100028 customer_id=C10041 action=login status=SUCCESS response_ms=135
2026-09-14T10:23:58.120+05:30 INFO  [cart-service] txn_id=TXN-100029 customer_id=C10041 action=addtocart product_id=NM-1005 qty=1 status=SUCCESS response_ms=163
2026-09-14T10:25:10.285+05:30 INFO  [order-service] txn_id=TXN-100030 customer_id=C10041 action=checkout order_id=ORD-550011 product_id=NM-1005 qty=1 amount=4999.00 payment_method=UPI status=SUCCESS response_ms=285 region=North
2026-09-14T10:31:55.222+05:30 INFO  [cart-service] txn_id=TXN-100027 customer_id=C10127 action=addtocart product_id=NM-1003 qty=1 status=SUCCESS response_ms=100
2026-09-14T10:46:19.041+05:30 INFO  [cart-service] txn_id=TXN-100025 customer_id=C10309 action=addtocart product_id=NM-4001 qty=1 status=SUCCESS response_ms=58
2026-09-14T10:47:13.406+05:30 INFO  [order-service] txn_id=TXN-100026 customer_id=C10309 action=checkout order_id=ORD-550010 product_id=NM-4001 qty=1 amount=899.00 payment_method=UPI status=SUCCESS response_ms=406 region=North
2026-09-14T11:00:00.000+05:30 INFO  [platform] Heartbeat OK services=5 jvm_heap_used_pct=63
2026-09-14T11:16:16.036+05:30 INFO  [auth-service] txn_id=TXN-100049 customer_id=C10019 action=login status=SUCCESS response_ms=178
2026-09-14T11:16:37.191+05:30 INFO  [cart-service] txn_id=TXN-100050 customer_id=C10019 action=addtocart product_id=NM-3003 qty=1 status=SUCCESS response_ms=155
2026-09-14T11:17:01.108+05:30 INFO  [cart-service] txn_id=TXN-100044 customer_id=C10031 action=addtocart product_id=NM-4002 qty=2 status=SUCCESS response_ms=109
2026-09-14T11:18:34.480+05:30 INFO  [order-service] txn_id=TXN-100045 customer_id=C10031 action=checkout order_id=ORD-550015 product_id=NM-4002 qty=2 amount=798.00 payment_method=CARD status=SUCCESS response_ms=480 region=South
2026-09-14T11:21:04.248+05:30 INFO  [cart-service] txn_id=TXN-100038 customer_id=C10477 action=addtocart product_id=NM-5002 qty=1 status=SUCCESS response_ms=42
2026-09-14T11:23:41.153+05:30 INFO  [cart-service] txn_id=TXN-100042 customer_id=C10294 action=addtocart product_id=NM-5001 qty=1 status=SUCCESS response_ms=180
2026-09-14T11:25:33.231+05:30 INFO  [order-service] txn_id=TXN-100043 customer_id=C10294 action=checkout order_id=ORD-550014 product_id=NM-5001 qty=1 amount=1299.00 payment_method=CARD status=SUCCESS response_ms=231 region=South
2026-09-14T11:40:25.282+05:30 INFO  [auth-service] txn_id=TXN-100046 customer_id=C10304 action=login status=SUCCESS response_ms=89
2026-09-14T11:40:50.170+05:30 INFO  [cart-service] txn_id=TXN-100047 customer_id=C10304 action=addtocart product_id=NM-2002 qty=1 status=SUCCESS response_ms=73
2026-09-14T11:41:58.304+05:30 INFO  [order-service] txn_id=TXN-100048 customer_id=C10304 action=checkout order_id=ORD-550016 product_id=NM-2002 qty=1 amount=1899.00 payment_method=UPI status=SUCCESS response_ms=304 region=South
2026-09-14T11:46:03.027+05:30 INFO  [cart-service] txn_id=TXN-100040 customer_id=C10262 action=addtocart product_id=NM-1002 qty=1 status=SUCCESS response_ms=138
2026-09-14T11:48:01.392+05:30 INFO  [order-service] txn_id=TXN-100041 customer_id=C10262 action=checkout order_id=ORD-550013 product_id=NM-1002 qty=1 amount=2499.00 payment_method=CARD status=SUCCESS response_ms=392 region=South
2026-09-14T11:53:06.113+05:30 INFO  [auth-service] txn_id=TXN-100036 customer_id=C10579 action=login status=SUCCESS response_ms=46
2026-09-14T11:53:25.171+05:30 INFO  [cart-service] txn_id=TXN-100037 customer_id=C10579 action=addtocart product_id=NM-3004 qty=1 status=SUCCESS response_ms=108
2026-09-14T12:00:01.000+05:30 INFO  [platform] Heartbeat OK services=5 jvm_heap_used_pct=54
2026-09-14T12:00:34.135+05:30 INFO  [cart-service] txn_id=TXN-100039 customer_id=C10157 action=addtocart product_id=NM-1001 qty=1 status=SUCCESS response_ms=73
2026-09-14T12:12:47.286+05:30 INFO  [cart-service] txn_id=TXN-100064 customer_id=C10022 action=addtocart product_id=NM-4002 qty=1 status=SUCCESS response_ms=155
2026-09-14T12:13:51.181+05:30 INFO  [order-service] txn_id=TXN-100065 customer_id=C10022 action=checkout order_id=ORD-550021 product_id=NM-4002 qty=1 amount=399.00 payment_method=COD status=SUCCESS response_ms=181 region=East
2026-09-14T12:14:19.088+05:30 INFO  [auth-service] txn_id=TXN-100061 customer_id=C10049 action=login status=SUCCESS response_ms=203
2026-09-14T12:14:37.050+05:30 INFO  [cart-service] txn_id=TXN-100062 customer_id=C10049 action=addtocart product_id=NM-4002 qty=1 status=SUCCESS response_ms=147
2026-09-14T12:15:10.253+05:30 INFO  [order-service] txn_id=TXN-100063 customer_id=C10049 action=checkout order_id=ORD-550020 product_id=NM-4002 qty=1 amount=399.00 payment_method=UPI status=SUCCESS response_ms=253 region=South
2026-09-14T12:18:52.268+05:30 INFO  [cart-service] txn_id=TXN-100060 customer_id=C10630 action=addtocart product_id=NM-3001 qty=1 status=SUCCESS response_ms=56
2026-09-14T12:20:11.215+05:30 INFO  [auth-service] txn_id=TXN-100055 customer_id=C10196 action=login status=SUCCESS response_ms=81
2026-09-14T12:20:13.136+05:30 INFO  [cart-service] txn_id=TXN-100056 customer_id=C10196 action=addtocart product_id=NM-3001 qty=1 status=SUCCESS response_ms=69
2026-09-14T12:34:32.274+05:30 INFO  [cart-service] txn_id=TXN-100058 customer_id=C10596 action=addtocart product_id=NM-1003 qty=2 status=SUCCESS response_ms=85
2026-09-14T12:35:51.303+05:30 INFO  [order-service] txn_id=TXN-100059 customer_id=C10596 action=checkout order_id=ORD-550019 product_id=NM-1003 qty=2 amount=3598.00 payment_method=CARD status=SUCCESS response_ms=303 region=North
2026-09-14T12:40:43.124+05:30 INFO  [cart-service] txn_id=TXN-100057 customer_id=C10324 action=addtocart product_id=NM-2002 qty=1 status=SUCCESS response_ms=100
2026-09-14T12:57:08.031+05:30 INFO  [cart-service] txn_id=TXN-100051 customer_id=C10548 action=addtocart product_id=NM-2001 qty=1 status=SUCCESS response_ms=98
2026-09-14T12:59:01.356+05:30 INFO  [order-service] txn_id=TXN-100052 customer_id=C10548 action=checkout order_id=ORD-550017 product_id=NM-2001 qty=1 amount=1499.00 payment_method=CARD status=SUCCESS response_ms=356 region=West
2026-09-14T13:00:01.000+05:30 INFO  [platform] Heartbeat OK services=5 jvm_heap_used_pct=41
2026-09-14T13:00:36.139+05:30 INFO  [cart-service] txn_id=TXN-100053 customer_id=C10016 action=addtocart product_id=NM-1001 qty=1 status=SUCCESS response_ms=30
2026-09-14T13:02:09.319+05:30 INFO  [order-service] txn_id=TXN-100054 customer_id=C10016 action=checkout order_id=ORD-550018 product_id=NM-1001 qty=1 amount=18999.00 payment_method=NETBANKING status=SUCCESS response_ms=319 region=East
2026-09-14T13:02:12.103+05:30 INFO  [cart-service] txn_id=TXN-100070 customer_id=C10069 action=addtocart product_id=NM-1002 qty=1 status=SUCCESS response_ms=50
2026-09-14T13:02:51.360+05:30 INFO  [order-service] txn_id=TXN-100071 customer_id=C10069 action=checkout order_id=ORD-550024 product_id=NM-1002 qty=1 amount=2499.00 payment_method=UPI status=SUCCESS response_ms=360 region=West
2026-09-14T13:09:15.261+05:30 INFO  [cart-service] txn_id=TXN-100078 customer_id=C10166 action=addtocart product_id=NM-2003 qty=1 status=SUCCESS response_ms=55
2026-09-14T13:09:49.129+05:30 INFO  [order-service] txn_id=TXN-100079 customer_id=C10166 action=checkout order_id=ORD-550028 product_id=NM-2003 qty=1 amount=2999.00 payment_method=UPI status=SUCCESS response_ms=129 region=North
2026-09-14T13:11:34.276+05:30 INFO  [cart-service] txn_id=TXN-100068 customer_id=C10016 action=addtocart product_id=NM-3004 qty=2 status=SUCCESS response_ms=97
2026-09-14T13:12:09.195+05:30 INFO  [order-service] txn_id=TXN-100069 customer_id=C10016 action=checkout order_id=ORD-550023 product_id=NM-3004 qty=2 amount=1198.00 payment_method=COD status=SUCCESS response_ms=195 region=East
2026-09-14T13:36:22.261+05:30 INFO  [cart-service] txn_id=TXN-100072 customer_id=C10277 action=addtocart product_id=NM-1002 qty=1 status=SUCCESS response_ms=168
2026-09-14T13:37:12.217+05:30 INFO  [order-service] txn_id=TXN-100073 customer_id=C10277 action=checkout order_id=ORD-550025 product_id=NM-1002 qty=1 amount=2499.00 payment_method=CARD status=SUCCESS response_ms=217 region=North
2026-09-14T13:54:53.216+05:30 INFO  [cart-service] txn_id=TXN-100076 customer_id=C10299 action=addtocart product_id=NM-4001 qty=1 status=SUCCESS response_ms=86
2026-09-14T13:55:00.026+05:30 INFO  [cart-service] txn_id=TXN-100066 customer_id=C10106 action=addtocart product_id=NM-2001 qty=1 status=SUCCESS response_ms=179
2026-09-14T13:55:41.123+05:30 INFO  [order-service] txn_id=TXN-100077 customer_id=C10299 action=checkout order_id=ORD-550027 product_id=NM-4001 qty=1 amount=899.00 payment_method=UPI status=SUCCESS response_ms=123 region=North
2026-09-14T13:56:20.147+05:30 INFO  [order-service] txn_id=TXN-100067 customer_id=C10106 action=checkout order_id=ORD-550022 product_id=NM-2001 qty=1 amount=1499.00 payment_method=NETBANKING status=SUCCESS response_ms=147 region=South
2026-09-14T13:57:16.110+05:30 INFO  [cart-service] txn_id=TXN-100074 customer_id=C10423 action=addtocart product_id=NM-5002 qty=1 status=SUCCESS response_ms=153
2026-09-14T13:58:17.434+05:30 INFO  [order-service] txn_id=TXN-100075 customer_id=C10423 action=checkout order_id=ORD-550026 product_id=NM-5002 qty=1 amount=3999.00 payment_method=CARD status=SUCCESS response_ms=434 region=North
2026-09-14T14:00:01.000+05:30 INFO  [platform] Heartbeat OK services=5 jvm_heap_used_pct=69
2026-09-14T14:06:14.160+05:30 INFO  [cart-service] txn_id=TXN-100085 customer_id=C10339 action=addtocart product_id=NM-4001 qty=3 status=SUCCESS response_ms=138
2026-09-14T14:07:07.173+05:30 INFO  [order-service] txn_id=TXN-100086 customer_id=C10339 action=checkout order_id=ORD-550030 product_id=NM-4001 qty=3 amount=2697.00 payment_method=CARD status=SUCCESS response_ms=173 region=South
2026-09-14T14:34:06.000+05:30 WARN  [inventory-service] Low stock alert product_id=NM-2001 remaining=1 warehouse=WH-DEL
2026-09-14T14:37:32.031+05:30 INFO  [auth-service] txn_id=TXN-100083 customer_id=C10433 action=login status=SUCCESS response_ms=218
2026-09-14T14:37:35.261+05:30 INFO  [cart-service] txn_id=TXN-100084 customer_id=C10433 action=addtocart product_id=NM-1003 qty=1 status=SUCCESS response_ms=47
2026-09-14T14:40:45.145+05:30 INFO  [cart-service] txn_id=TXN-100081 customer_id=C10595 action=addtocart product_id=NM-6002 qty=3 status=SUCCESS response_ms=108
2026-09-14T14:42:51.183+05:30 INFO  [order-service] txn_id=TXN-100082 customer_id=C10595 action=checkout order_id=ORD-550029 product_id=NM-6002 qty=3 amount=2397.00 payment_method=UPI status=SUCCESS response_ms=183 region=West
2026-09-14T14:47:23.068+05:30 INFO  [cart-service] txn_id=TXN-100080 customer_id=C10200 action=addtocart product_id=NM-3004 qty=1 status=SUCCESS response_ms=98
2026-09-14T15:00:00.000+05:30 INFO  [platform] Heartbeat OK services=5 jvm_heap_used_pct=68
2026-09-14T15:09:03.242+05:30 INFO  [cart-service] txn_id=TXN-100087 customer_id=C10429 action=addtocart product_id=NM-6002 qty=1 status=SUCCESS response_ms=35
2026-09-14T15:18:32.272+05:30 INFO  [cart-service] txn_id=TXN-100096 customer_id=C10546 action=addtocart product_id=NM-4002 qty=1 status=SUCCESS response_ms=112
2026-09-14T15:20:02.153+05:30 INFO  [order-service] txn_id=TXN-100097 customer_id=C10546 action=checkout order_id=ORD-550033 product_id=NM-4002 qty=1 amount=399.00 payment_method=UPI status=SUCCESS response_ms=153 region=South
2026-09-14T15:33:31.081+05:30 INFO  [auth-service] txn_id=TXN-100094 customer_id=C10029 action=login status=SUCCESS response_ms=90
2026-09-14T15:33:35.164+05:30 INFO  [cart-service] txn_id=TXN-100095 customer_id=C10029 action=addtocart product_id=NM-4001 qty=1 status=SUCCESS response_ms=164
2026-09-14T15:44:47.196+05:30 INFO  [auth-service] txn_id=TXN-100088 customer_id=C10343 action=login status=SUCCESS response_ms=44
2026-09-14T15:44:53.103+05:30 INFO  [cart-service] txn_id=TXN-100089 customer_id=C10343 action=addtocart product_id=NM-3001 qty=1 status=SUCCESS response_ms=125
2026-09-14T15:49:57.157+05:30 INFO  [cart-service] txn_id=TXN-100090 customer_id=C10387 action=addtocart product_id=NM-6001 qty=1 status=SUCCESS response_ms=177
2026-09-14T15:50:36.270+05:30 INFO  [order-service] txn_id=TXN-100091 customer_id=C10387 action=checkout order_id=ORD-550031 product_id=NM-6001 qty=1 amount=349.00 payment_method=UPI status=SUCCESS response_ms=270 region=North
2026-09-14T15:52:24.059+05:30 INFO  [cart-service] txn_id=TXN-100092 customer_id=C10577 action=addtocart product_id=NM-1001 qty=1 status=SUCCESS response_ms=118
2026-09-14T15:54:07.154+05:30 INFO  [order-service] txn_id=TXN-100093 customer_id=C10577 action=checkout order_id=ORD-550032 product_id=NM-1001 qty=1 amount=18999.00 payment_method=WALLET status=SUCCESS response_ms=154 region=North
2026-09-14T16:00:00.000+05:30 INFO  [platform] Heartbeat OK services=5 jvm_heap_used_pct=53
2026-09-14T16:22:13.202+05:30 INFO  [cart-service] txn_id=TXN-100107 customer_id=C10415 action=addtocart product_id=NM-2002 qty=1 status=SUCCESS response_ms=165
2026-09-14T16:23:30.222+05:30 INFO  [cart-service] txn_id=TXN-100105 customer_id=C10120 action=addtocart product_id=NM-3002 qty=1 status=SUCCESS response_ms=151
2026-09-14T16:24:32.183+05:30 INFO  [order-service] txn_id=TXN-100106 customer_id=C10120 action=checkout order_id=ORD-550037 product_id=NM-3002 qty=1 amount=5999.00 payment_method=UPI status=SUCCESS response_ms=183 region=East
2026-09-14T16:25:22.059+05:30 INFO  [cart-service] txn_id=TXN-100103 customer_id=C10439 action=addtocart product_id=NM-1001 qty=1 status=SUCCESS response_ms=31
2026-09-14T16:26:47.365+05:30 INFO  [order-service] txn_id=TXN-100104 customer_id=C10439 action=checkout order_id=ORD-550036 product_id=NM-1001 qty=1 amount=18999.00 payment_method=COD status=SUCCESS response_ms=365 region=West
2026-09-14T16:33:37.151+05:30 INFO  [cart-service] txn_id=TXN-100108 customer_id=C10583 action=addtocart product_id=NM-2002 qty=1 status=SUCCESS response_ms=88
2026-09-14T16:34:15.274+05:30 INFO  [order-service] txn_id=TXN-100109 customer_id=C10583 action=checkout order_id=ORD-550038 product_id=NM-2002 qty=1 amount=1899.00 payment_method=UPI status=SUCCESS response_ms=274 region=North
2026-09-14T16:41:41.088+05:30 INFO  [auth-service] txn_id=TXN-100098 customer_id=C10442 action=login status=SUCCESS response_ms=215
2026-09-14T16:42:04.236+05:30 INFO  [cart-service] txn_id=TXN-100099 customer_id=C10442 action=addtocart product_id=NM-1005 qty=2 status=SUCCESS response_ms=123
2026-09-14T16:42:51.274+05:30 INFO  [order-service] txn_id=TXN-100100 customer_id=C10442 action=checkout order_id=ORD-550034 product_id=NM-1005 qty=2 amount=9998.00 payment_method=COD status=SUCCESS response_ms=274 region=North
2026-09-14T16:46:04.210+05:30 INFO  [cart-service] txn_id=TXN-100101 customer_id=C10217 action=addtocart product_id=NM-1005 qty=1 status=SUCCESS response_ms=135
2026-09-14T16:47:59.341+05:30 INFO  [order-service] txn_id=TXN-100102 customer_id=C10217 action=checkout order_id=ORD-550035 product_id=NM-1005 qty=1 amount=4999.00 payment_method=COD status=SUCCESS response_ms=341 region=West
2026-09-14T17:00:01.000+05:30 INFO  [platform] Heartbeat OK services=5 jvm_heap_used_pct=59
2026-09-14T17:05:10.096+05:30 INFO  [cart-service] txn_id=TXN-100114 customer_id=C10223 action=addtocart product_id=NM-5001 qty=1 status=SUCCESS response_ms=104
2026-09-14T17:16:08.036+05:30 INFO  [cart-service] txn_id=TXN-100115 customer_id=C10068 action=addtocart product_id=NM-6002 qty=2 status=SUCCESS response_ms=79
2026-09-14T17:16:54.125+05:30 INFO  [cart-service] txn_id=TXN-100112 customer_id=C10121 action=addtocart product_id=NM-3004 qty=2 status=SUCCESS response_ms=179
2026-09-14T17:17:36.268+05:30 INFO  [order-service] txn_id=TXN-100116 customer_id=C10068 action=checkout order_id=ORD-550040 product_id=NM-6002 qty=2 amount=1598.00 payment_method=WALLET status=SUCCESS response_ms=268 region=South
2026-09-14T17:32:29.194+05:30 INFO  [auth-service] txn_id=TXN-100117 customer_id=C10199 action=login status=SUCCESS response_ms=82
2026-09-14T17:33:00.147+05:30 INFO  [cart-service] txn_id=TXN-100118 customer_id=C10199 action=addtocart product_id=NM-3004 qty=1 status=SUCCESS response_ms=103
2026-09-14T17:33:42.440+05:30 INFO  [order-service] txn_id=TXN-100119 customer_id=C10199 action=checkout order_id=ORD-550041 product_id=NM-3004 qty=1 amount=599.00 payment_method=NETBANKING status=SUCCESS response_ms=440 region=South
2026-09-14T17:41:57.037+05:30 INFO  [cart-service] txn_id=TXN-100113 customer_id=C10325 action=addtocart product_id=NM-2003 qty=1 status=SUCCESS response_ms=68
2026-09-14T17:47:42.202+05:30 INFO  [cart-service] txn_id=TXN-100110 customer_id=C10343 action=addtocart product_id=NM-2002 qty=2 status=SUCCESS response_ms=114
2026-09-14T17:49:06.229+05:30 INFO  [order-service] txn_id=TXN-100111 customer_id=C10343 action=checkout order_id=ORD-550039 product_id=NM-2002 qty=2 amount=3798.00 payment_method=NETBANKING status=SUCCESS response_ms=229 region=North
2026-09-14T18:00:02.000+05:30 INFO  [platform] Heartbeat OK services=5 jvm_heap_used_pct=70
2026-09-14T18:26:14.219+05:30 INFO  [cart-service] txn_id=TXN-100120 customer_id=C10402 action=addtocart product_id=NM-2002 qty=1 status=SUCCESS response_ms=120
2026-09-14T18:27:49.222+05:30 INFO  [order-service] txn_id=TXN-100121 customer_id=C10402 action=checkout order_id=ORD-550042 product_id=NM-2002 qty=1 amount=1899.00 payment_method=UPI status=SUCCESS response_ms=222 region=South
2026-09-14T18:33:58.219+05:30 INFO  [cart-service] txn_id=TXN-100133 customer_id=C10302 action=addtocart product_id=NM-1001 qty=1 status=SUCCESS response_ms=37
2026-09-14T18:35:25.455+05:30 INFO  [order-service] txn_id=TXN-100134 customer_id=C10302 action=checkout order_id=ORD-550047 product_id=NM-1001 qty=1 amount=18999.00 payment_method=CARD status=SUCCESS response_ms=455 region=South
2026-09-14T18:45:53.000+05:30 ERROR [search-service] Elasticsearch query failed: connection reset by peer (node=es-data-02)
2026-09-14T18:47:03.100+05:30 INFO  [cart-service] txn_id=TXN-100125 customer_id=C10496 action=addtocart product_id=NM-1002 qty=1 status=SUCCESS response_ms=48
2026-09-14T18:48:02.423+05:30 WARN  [order-service] txn_id=TXN-100126 customer_id=C10496 action=checkout order_id=ORD-550044 product_id=NM-1002 qty=1 amount=2499.00 payment_method=WALLET status=DECLINED error_code=PAY_DECLINED response_ms=423 region=North
2026-09-14T18:53:42.072+05:30 INFO  [auth-service] txn_id=TXN-100127 customer_id=C10169 action=login status=SUCCESS response_ms=115
2026-09-14T18:54:09.114+05:30 INFO  [cart-service] txn_id=TXN-100128 customer_id=C10169 action=addtocart product_id=NM-4001 qty=2 status=SUCCESS response_ms=120
2026-09-14T18:55:24.465+05:30 INFO  [order-service] txn_id=TXN-100129 customer_id=C10169 action=checkout order_id=ORD-550045 product_id=NM-4001 qty=2 amount=1798.00 payment_method=UPI status=SUCCESS response_ms=465 region=North
2026-09-14T18:55:27.278+05:30 INFO  [cart-service] txn_id=TXN-100122 customer_id=C10139 action=addtocart product_id=NM-1003 qty=1 status=SUCCESS response_ms=48
2026-09-14T18:56:05.203+05:30 INFO  [cart-service] txn_id=TXN-100132 customer_id=C10152 action=addtocart product_id=NM-2001 qty=1 status=SUCCESS response_ms=151
2026-09-14T18:56:19.437+05:30 INFO  [order-service] txn_id=TXN-100123 customer_id=C10139 action=checkout order_id=ORD-550043 product_id=NM-1003 qty=1 amount=1799.00 payment_method=CARD status=SUCCESS response_ms=437 region=East
2026-09-14T18:58:19.218+05:30 INFO  [cart-service] txn_id=TXN-100130 customer_id=C10386 action=addtocart product_id=NM-6002 qty=1 status=SUCCESS response_ms=115
2026-09-14T18:59:08.331+05:30 INFO  [order-service] txn_id=TXN-100131 customer_id=C10386 action=checkout order_id=ORD-550046 product_id=NM-6002 qty=1 amount=799.00 payment_method=CARD status=SUCCESS response_ms=331 region=North
2026-09-14T19:00:01.000+05:30 INFO  [platform] Heartbeat OK services=5 jvm_heap_used_pct=62
2026-09-14T19:00:04.069+05:30 INFO  [cart-service] txn_id=TXN-100124 customer_id=C10020 action=addtocart product_id=NM-2003 qty=1 status=SUCCESS response_ms=175
2026-09-14T19:01:39.255+05:30 INFO  [cart-service] txn_id=TXN-100148 customer_id=C10551 action=addtocart product_id=NM-6001 qty=1 status=SUCCESS response_ms=144
2026-09-14T19:08:21.237+05:30 INFO  [cart-service] txn_id=TXN-100153 customer_id=C10328 action=addtocart product_id=NM-1001 qty=1 status=SUCCESS response_ms=32
2026-09-14T19:11:06.279+05:30 INFO  [auth-service] txn_id=TXN-100151 customer_id=C10633 action=login status=SUCCESS response_ms=105
2026-09-14T19:11:42.300+05:30 INFO  [cart-service] txn_id=TXN-100152 customer_id=C10633 action=addtocart product_id=NM-3004 qty=1 status=SUCCESS response_ms=124
2026-09-14T19:17:06.117+05:30 INFO  [cart-service] txn_id=TXN-100159 customer_id=C10304 action=addtocart product_id=NM-1005 qty=1 status=SUCCESS response_ms=104
2026-09-14T19:17:36.168+05:30 INFO  [cart-service] txn_id=TXN-100149 customer_id=C10442 action=addtocart product_id=NM-4002 qty=1 status=SUCCESS response_ms=38
2026-09-14T19:18:42.331+05:30 INFO  [order-service] txn_id=TXN-100150 customer_id=C10442 action=checkout order_id=ORD-550051 product_id=NM-4002 qty=1 amount=399.00 payment_method=COD status=SUCCESS response_ms=331 region=North
2026-09-14T19:22:55.057+05:30 INFO  [auth-service] txn_id=TXN-100135 customer_id=C10026 action=login status=SUCCESS response_ms=83
2026-09-14T19:23:33.282+05:30 INFO  [cart-service] txn_id=TXN-100136 customer_id=C10026 action=addtocart product_id=NM-6002 qty=1 status=SUCCESS response_ms=82
2026-09-14T19:24:44.183+05:30 INFO  [auth-service] txn_id=TXN-100157 customer_id=C10066 action=login status=SUCCESS response_ms=201
2026-09-14T19:25:04.116+05:30 INFO  [cart-service] txn_id=TXN-100158 customer_id=C10066 action=addtocart product_id=NM-3002 qty=1 status=SUCCESS response_ms=123
2026-09-14T19:35:55.173+05:30 INFO  [cart-service] txn_id=TXN-100143 customer_id=C10633 action=addtocart product_id=NM-1002 qty=1 status=SUCCESS response_ms=73
2026-09-14T19:36:02.225+05:30 INFO  [auth-service] txn_id=TXN-100155 customer_id=C10482 action=login status=SUCCESS response_ms=58
2026-09-14T19:36:36.159+05:30 INFO  [cart-service] txn_id=TXN-100156 customer_id=C10482 action=addtocart product_id=NM-1005 qty=1 status=SUCCESS response_ms=161
2026-09-14T19:36:45.129+05:30 INFO  [cart-service] txn_id=TXN-100144 customer_id=C10100 action=addtocart product_id=NM-3002 qty=1 status=SUCCESS response_ms=40
2026-09-14T19:38:04.195+05:30 INFO  [cart-service] txn_id=TXN-100140 customer_id=C10597 action=addtocart product_id=NM-3004 qty=1 status=SUCCESS response_ms=56
2026-09-14T19:38:43.037+05:30 INFO  [auth-service] txn_id=TXN-100145 customer_id=C10230 action=login status=SUCCESS response_ms=92
2026-09-14T19:38:53.074+05:30 INFO  [cart-service] txn_id=TXN-100146 customer_id=C10230 action=addtocart product_id=NM-1002 qty=1 status=SUCCESS response_ms=105
2026-09-14T19:39:12.149+05:30 INFO  [order-service] txn_id=TXN-100147 customer_id=C10230 action=checkout order_id=ORD-550050 product_id=NM-1002 qty=1 amount=2499.00 payment_method=COD status=SUCCESS response_ms=149 region=North
2026-09-14T19:40:22.296+05:30 INFO  [cart-service] txn_id=TXN-100138 customer_id=C10208 action=addtocart product_id=NM-4002 qty=1 status=SUCCESS response_ms=113
2026-09-14T19:40:46.146+05:30 INFO  [cart-service] txn_id=TXN-100137 customer_id=C10528 action=addtocart product_id=NM-2003 qty=1 status=SUCCESS response_ms=179
2026-09-14T19:41:50.240+05:30 INFO  [order-service] txn_id=TXN-100139 customer_id=C10208 action=checkout order_id=ORD-550048 product_id=NM-4002 qty=1 amount=399.00 payment_method=WALLET status=SUCCESS response_ms=240 region=West
2026-09-14T19:43:34.093+05:30 INFO  [cart-service] txn_id=TXN-100154 customer_id=C10001 action=addtocart product_id=NM-3001 qty=1 status=SUCCESS response_ms=177
2026-09-14T19:59:32.245+05:30 INFO  [cart-service] txn_id=TXN-100141 customer_id=C10605 action=addtocart product_id=NM-1002 qty=1 status=SUCCESS response_ms=113
2026-09-14T20:00:02.000+05:30 INFO  [platform] Heartbeat OK services=5 jvm_heap_used_pct=69
2026-09-14T20:00:44.323+05:30 INFO  [order-service] txn_id=TXN-100142 customer_id=C10605 action=checkout order_id=ORD-550049 product_id=NM-1002 qty=1 amount=2499.00 payment_method=CARD status=SUCCESS response_ms=323 region=West
2026-09-14T20:03:44.080+05:30 INFO  [auth-service] txn_id=TXN-100165 customer_id=C10001 action=login status=SUCCESS response_ms=194
2026-09-14T20:04:14.189+05:30 INFO  [cart-service] txn_id=TXN-100166 customer_id=C10001 action=addtocart product_id=NM-2001 qty=1 status=SUCCESS response_ms=117
2026-09-14T20:04:52.389+05:30 INFO  [order-service] txn_id=TXN-100167 customer_id=C10001 action=checkout order_id=ORD-550054 product_id=NM-2001 qty=1 amount=1499.00 payment_method=WALLET status=SUCCESS response_ms=389 region=North
2026-09-14T20:06:09.278+05:30 INFO  [cart-service] txn_id=TXN-100168 customer_id=C10527 action=addtocart product_id=NM-1004 qty=1 status=SUCCESS response_ms=114
2026-09-14T20:07:02.376+05:30 INFO  [order-service] txn_id=TXN-100169 customer_id=C10527 action=checkout order_id=ORD-550055 product_id=NM-1004 qty=1 amount=27999.00 payment_method=UPI status=SUCCESS response_ms=376 region=East
2026-09-14T20:15:07.125+05:30 INFO  [auth-service] txn_id=TXN-100173 customer_id=C10007 action=login status=SUCCESS response_ms=163
2026-09-14T20:15:22.278+05:30 INFO  [cart-service] txn_id=TXN-100172 customer_id=C10349 action=addtocart product_id=NM-6002 qty=2 status=SUCCESS response_ms=144
2026-09-14T20:15:37.238+05:30 INFO  [cart-service] txn_id=TXN-100174 customer_id=C10007 action=addtocart product_id=NM-1001 qty=1 status=SUCCESS response_ms=78
2026-09-14T20:16:33.142+05:30 INFO  [order-service] txn_id=TXN-100175 customer_id=C10007 action=checkout order_id=ORD-550057 product_id=NM-1001 qty=1 amount=18999.00 payment_method=UPI status=SUCCESS response_ms=142 region=North
2026-09-14T20:17:25.119+05:30 INFO  [cart-service] txn_id=TXN-100170 customer_id=C10143 action=addtocart product_id=NM-1002 qty=1 status=SUCCESS response_ms=139
2026-09-14T20:18:56.189+05:30 INFO  [order-service] txn_id=TXN-100171 customer_id=C10143 action=checkout order_id=ORD-550056 product_id=NM-1002 qty=1 amount=2499.00 payment_method=UPI status=SUCCESS response_ms=189 region=South
2026-09-14T20:24:38.108+05:30 INFO  [cart-service] txn_id=TXN-100176 customer_id=C10210 action=addtocart product_id=NM-2002 qty=1 status=SUCCESS response_ms=148
2026-09-14T20:25:41.123+05:30 INFO  [order-service] txn_id=TXN-100177 customer_id=C10210 action=checkout order_id=ORD-550058 product_id=NM-2002 qty=1 amount=1899.00 payment_method=UPI status=SUCCESS response_ms=123 region=South
2026-09-14T20:27:22.140+05:30 INFO  [cart-service] txn_id=TXN-100178 customer_id=C10583 action=addtocart product_id=NM-1001 qty=1 status=SUCCESS response_ms=134
2026-09-14T20:29:11.392+05:30 INFO  [order-service] txn_id=TXN-100179 customer_id=C10583 action=checkout order_id=ORD-550059 product_id=NM-1001 qty=1 amount=18999.00 payment_method=COD status=SUCCESS response_ms=392 region=North
2026-09-14T20:36:07.184+05:30 INFO  [auth-service] txn_id=TXN-100160 customer_id=C10129 action=login status=SUCCESS response_ms=206
2026-09-14T20:36:17.298+05:30 INFO  [cart-service] txn_id=TXN-100161 customer_id=C10129 action=addtocart product_id=NM-3003 qty=1 status=SUCCESS response_ms=73
2026-09-14T20:38:04.174+05:30 INFO  [order-service] txn_id=TXN-100162 customer_id=C10129 action=checkout order_id=ORD-550052 product_id=NM-3003 qty=1 amount=1199.00 payment_method=UPI status=SUCCESS response_ms=174 region=North
2026-09-14T20:53:33.080+05:30 INFO  [cart-service] txn_id=TXN-100163 customer_id=C10444 action=addtocart product_id=NM-4002 qty=1 status=SUCCESS response_ms=42
2026-09-14T20:53:56.354+05:30 INFO  [order-service] txn_id=TXN-100164 customer_id=C10444 action=checkout order_id=ORD-550053 product_id=NM-4002 qty=1 amount=399.00 payment_method=CARD status=SUCCESS response_ms=354 region=South
2026-09-14T21:00:01.000+05:30 INFO  [platform] Heartbeat OK services=5 jvm_heap_used_pct=52
2026-09-14T21:08:17.078+05:30 INFO  [cart-service] txn_id=TXN-100189 customer_id=C10311 action=addtocart product_id=NM-2001 qty=2 status=SUCCESS response_ms=120
2026-09-14T21:09:51.161+05:30 INFO  [order-service] txn_id=TXN-100190 customer_id=C10311 action=checkout order_id=ORD-550063 product_id=NM-2001 qty=2 amount=2998.00 payment_method=WALLET status=SUCCESS response_ms=161 region=South
2026-09-14T21:11:00.106+05:30 INFO  [auth-service] txn_id=TXN-100180 customer_id=C10091 action=login status=SUCCESS response_ms=144
2026-09-14T21:11:16.299+05:30 INFO  [cart-service] txn_id=TXN-100181 customer_id=C10091 action=addtocart product_id=NM-4002 qty=1 status=SUCCESS response_ms=96
2026-09-14T21:12:38.466+05:30 INFO  [order-service] txn_id=TXN-100182 customer_id=C10091 action=checkout order_id=ORD-550060 product_id=NM-4002 qty=1 amount=399.00 payment_method=CARD status=SUCCESS response_ms=466 region=East
2026-09-14T21:13:19.000+05:30 WARN  [inventory-service] Low stock alert product_id=NM-4002 remaining=9 warehouse=WH-BLR
2026-09-14T21:15:01.041+05:30 INFO  [cart-service] txn_id=TXN-100186 customer_id=C10320 action=addtocart product_id=NM-1002 qty=1 status=SUCCESS response_ms=150
2026-09-14T21:27:48.191+05:30 INFO  [cart-service] txn_id=TXN-100187 customer_id=C10136 action=addtocart product_id=NM-3004 qty=1 status=SUCCESS response_ms=72
2026-09-14T21:29:23.221+05:30 INFO  [order-service] txn_id=TXN-100188 customer_id=C10136 action=checkout order_id=ORD-550062 product_id=NM-3004 qty=1 amount=599.00 payment_method=NETBANKING status=SUCCESS response_ms=221 region=South
2026-09-14T21:58:06.024+05:30 INFO  [auth-service] txn_id=TXN-100183 customer_id=C10076 action=login status=SUCCESS response_ms=118
2026-09-14T21:58:36.183+05:30 INFO  [cart-service] txn_id=TXN-100184 customer_id=C10076 action=addtocart product_id=NM-2001 qty=2 status=SUCCESS response_ms=114
2026-09-14T21:59:47.264+05:30 INFO  [order-service] txn_id=TXN-100185 customer_id=C10076 action=checkout order_id=ORD-550061 product_id=NM-2001 qty=2 amount=2998.00 payment_method=NETBANKING status=SUCCESS response_ms=264 region=South
2026-09-14T22:00:01.000+05:30 INFO  [platform] Heartbeat OK services=5 jvm_heap_used_pct=43
2026-09-14T22:12:09.199+05:30 INFO  [cart-service] txn_id=TXN-100197 customer_id=C10036 action=addtocart product_id=NM-5001 qty=2 status=SUCCESS response_ms=80
2026-09-14T22:13:08.250+05:30 INFO  [order-service] txn_id=TXN-100198 customer_id=C10036 action=checkout order_id=ORD-550066 product_id=NM-5001 qty=2 amount=2598.00 payment_method=COD status=SUCCESS response_ms=250 region=East
2026-09-14T22:16:20.264+05:30 INFO  [cart-service] txn_id=TXN-100193 customer_id=C10368 action=addtocart product_id=NM-4001 qty=1 status=SUCCESS response_ms=35
2026-09-14T22:17:14.085+05:30 INFO  [auth-service] txn_id=TXN-100199 customer_id=C10604 action=login status=SUCCESS response_ms=177
2026-09-14T22:17:28.086+05:30 INFO  [cart-service] txn_id=TXN-100200 customer_id=C10604 action=addtocart product_id=NM-1003 qty=1 status=SUCCESS response_ms=44
2026-09-14T22:17:39.175+05:30 INFO  [order-service] txn_id=TXN-100194 customer_id=C10368 action=checkout order_id=ORD-550064 product_id=NM-4001 qty=1 amount=899.00 payment_method=COD status=SUCCESS response_ms=175 region=North
2026-09-14T22:21:12.189+05:30 INFO  [cart-service] txn_id=TXN-100201 customer_id=C10079 action=addtocart product_id=NM-6001 qty=1 status=SUCCESS response_ms=78
2026-09-14T22:34:29.294+05:30 INFO  [auth-service] txn_id=TXN-100203 customer_id=C10071 action=login status=SUCCESS response_ms=135
2026-09-14T22:35:00.291+05:30 INFO  [cart-service] txn_id=TXN-100204 customer_id=C10071 action=addtocart product_id=NM-1002 qty=3 status=SUCCESS response_ms=72
2026-09-14T22:37:31.073+05:30 INFO  [cart-service] txn_id=TXN-100195 customer_id=C10209 action=addtocart product_id=NM-2003 qty=1 status=SUCCESS response_ms=60
2026-09-14T22:38:15.248+05:30 INFO  [order-service] txn_id=TXN-100196 customer_id=C10209 action=checkout order_id=ORD-550065 product_id=NM-2003 qty=1 amount=2999.00 payment_method=UPI status=SUCCESS response_ms=248 region=North
2026-09-14T22:47:41.258+05:30 INFO  [cart-service] txn_id=TXN-100202 customer_id=C10226 action=addtocart product_id=NM-1002 qty=1 status=SUCCESS response_ms=171
2026-09-14T23:00:00.000+05:30 INFO  [platform] Heartbeat OK services=5 jvm_heap_used_pct=62
2026-09-14T23:00:53.290+05:30 INFO  [auth-service] txn_id=TXN-100191 customer_id=C10551 action=login status=SUCCESS response_ms=83
2026-09-14T23:01:19.267+05:30 INFO  [cart-service] txn_id=TXN-100192 customer_id=C10551 action=addtocart product_id=NM-3002 qty=1 status=SUCCESS response_ms=164
2026-09-14T23:10:15.155+05:30 INFO  [cart-service] txn_id=TXN-100212 customer_id=C10315 action=addtocart product_id=NM-5003 qty=1 status=SUCCESS response_ms=31
2026-09-14T23:10:46.201+05:30 INFO  [cart-service] txn_id=TXN-100210 customer_id=C10636 action=addtocart product_id=NM-1001 qty=1 status=SUCCESS response_ms=152
2026-09-14T23:11:56.292+05:30 INFO  [order-service] txn_id=TXN-100211 customer_id=C10636 action=checkout order_id=ORD-550069 product_id=NM-1001 qty=1 amount=18999.00 payment_method=NETBANKING status=SUCCESS response_ms=292 region=South
2026-09-14T23:26:00.235+05:30 INFO  [cart-service] txn_id=TXN-100208 customer_id=C10530 action=addtocart product_id=NM-1001 qty=1 status=SUCCESS response_ms=136
2026-09-14T23:26:52.139+05:30 WARN  [order-service] txn_id=TXN-100209 customer_id=C10530 action=checkout order_id=ORD-550068 product_id=NM-1001 qty=1 amount=18999.00 payment_method=CARD status=DECLINED error_code=PAY_DECLINED response_ms=139 region=South
2026-09-14T23:27:49.256+05:30 INFO  [cart-service] txn_id=TXN-100215 customer_id=C10324 action=addtocart product_id=NM-3004 qty=1 status=SUCCESS response_ms=65
2026-09-14T23:28:58.251+05:30 INFO  [cart-service] txn_id=TXN-100220 customer_id=C10517 action=addtocart product_id=NM-6002 qty=1 status=SUCCESS response_ms=118
2026-09-14T23:29:18.128+05:30 INFO  [order-service] txn_id=TXN-100216 customer_id=C10324 action=checkout order_id=ORD-550070 product_id=NM-3004 qty=1 amount=599.00 payment_method=UPI status=SUCCESS response_ms=128 region=South
2026-09-14T23:45:27.083+05:30 INFO  [auth-service] txn_id=TXN-100213 customer_id=C10024 action=login status=SUCCESS response_ms=116
2026-09-14T23:45:44.094+05:30 INFO  [cart-service] txn_id=TXN-100214 customer_id=C10024 action=addtocart product_id=NM-2002 qty=3 status=SUCCESS response_ms=62
2026-09-14T23:46:23.283+05:30 INFO  [auth-service] txn_id=TXN-100217 customer_id=C10593 action=login status=SUCCESS response_ms=106
2026-09-14T23:46:28.172+05:30 INFO  [cart-service] txn_id=TXN-100218 customer_id=C10593 action=addtocart product_id=NM-3004 qty=1 status=SUCCESS response_ms=62
2026-09-14T23:47:50.383+05:30 INFO  [order-service] txn_id=TXN-100219 customer_id=C10593 action=checkout order_id=ORD-550071 product_id=NM-3004 qty=1 amount=599.00 payment_method=COD status=SUCCESS response_ms=383 region=South
2026-09-14T23:57:32.265+05:30 INFO  [auth-service] txn_id=TXN-100205 customer_id=C10590 action=login status=SUCCESS response_ms=83
2026-09-14T23:57:37.128+05:30 INFO  [cart-service] txn_id=TXN-100206 customer_id=C10590 action=addtocart product_id=NM-1002 qty=1 status=SUCCESS response_ms=163
2026-09-14T23:58:25.475+05:30 INFO  [order-service] txn_id=TXN-100207 customer_id=C10590 action=checkout order_id=ORD-550067 product_id=NM-1002 qty=1 amount=2499.00 payment_method=UPI status=SUCCESS response_ms=475 region=South
2026-09-15T00:00:02.000+05:30 INFO  [platform] Heartbeat OK services=5 jvm_heap_used_pct=46
2026-09-15T01:00:00.000+05:30 INFO  [platform] Heartbeat OK services=5 jvm_heap_used_pct=69
2026-09-15T01:16:41.170+05:30 INFO  [cart-service] txn_id=TXN-100221 customer_id=C10139 action=addtocart product_id=NM-3002 qty=2 status=SUCCESS response_ms=139
2026-09-15T01:18:08.164+05:30 INFO  [order-service] txn_id=TXN-100222 customer_id=C10139 action=checkout order_id=ORD-550072 product_id=NM-3002 qty=2 amount=11998.00 payment_method=COD status=SUCCESS response_ms=164 region=East
2026-09-15T02:00:01.000+05:30 INFO  [platform] Heartbeat OK services=5 jvm_heap_used_pct=70
2026-09-15T02:28:17.142+05:30 INFO  [auth-service] txn_id=TXN-100223 customer_id=C10181 action=login status=SUCCESS response_ms=130
2026-09-15T02:28:24.080+05:30 INFO  [cart-service] txn_id=TXN-100224 customer_id=C10181 action=addtocart product_id=NM-3002 qty=3 status=SUCCESS response_ms=95
2026-09-15T03:00:00.000+05:30 INFO  [platform] Heartbeat OK services=5 jvm_heap_used_pct=49
2026-09-15T04:00:00.000+05:30 INFO  [platform] Heartbeat OK services=5 jvm_heap_used_pct=56
2026-09-15T04:26:07.159+05:30 INFO  [cart-service] txn_id=TXN-100225 customer_id=C10510 action=addtocart product_id=NM-1005 qty=1 status=SUCCESS response_ms=126
2026-09-15T04:27:16.355+05:30 INFO  [order-service] txn_id=TXN-100226 customer_id=C10510 action=checkout order_id=ORD-550073 product_id=NM-1005 qty=1 amount=4999.00 payment_method=UPI status=SUCCESS response_ms=355 region=West
2026-09-15T05:00:02.000+05:30 INFO  [platform] Heartbeat OK services=5 jvm_heap_used_pct=50
2026-09-15T05:16:18.243+05:30 INFO  [cart-service] txn_id=TXN-100229 customer_id=C10087 action=addtocart product_id=NM-3004 qty=1 status=SUCCESS response_ms=38
2026-09-15T05:41:41.134+05:30 INFO  [auth-service] txn_id=TXN-100227 customer_id=C10567 action=login status=SUCCESS response_ms=152
2026-09-15T05:42:08.136+05:30 INFO  [cart-service] txn_id=TXN-100228 customer_id=C10567 action=addtocart product_id=NM-1002 qty=1 status=SUCCESS response_ms=45
2026-09-15T05:47:24.000+05:30 WARN  [inventory-service] Low stock alert product_id=NM-1005 remaining=5 warehouse=WH-BLR
2026-09-15T06:00:01.000+05:30 INFO  [platform] Heartbeat OK services=5 jvm_heap_used_pct=44
2026-09-15T06:15:06.290+05:30 INFO  [auth-service] txn_id=TXN-100230 customer_id=C10001 action=login status=SUCCESS response_ms=96
2026-09-15T06:15:29.176+05:30 INFO  [cart-service] txn_id=TXN-100231 customer_id=C10001 action=addtocart product_id=NM-5001 qty=1 status=SUCCESS response_ms=120
2026-09-15T06:39:51.260+05:30 INFO  [cart-service] txn_id=TXN-100232 customer_id=C10558 action=addtocart product_id=NM-6001 qty=1 status=SUCCESS response_ms=66
2026-09-15T07:00:01.000+05:30 INFO  [platform] Heartbeat OK services=5 jvm_heap_used_pct=38
2026-09-15T08:00:00.000+05:30 INFO  [platform] Heartbeat OK services=5 jvm_heap_used_pct=42
2026-09-15T08:15:59.214+05:30 INFO  [cart-service] txn_id=TXN-100235 customer_id=C10033 action=addtocart product_id=NM-6001 qty=1 status=SUCCESS response_ms=126
2026-09-15T08:28:23.140+05:30 INFO  [cart-service] txn_id=TXN-100233 customer_id=C10185 action=addtocart product_id=NM-3004 qty=2 status=SUCCESS response_ms=48
2026-09-15T08:33:54.156+05:30 INFO  [cart-service] txn_id=TXN-100234 customer_id=C10196 action=addtocart product_id=NM-3002 qty=1 status=SUCCESS response_ms=69
2026-09-15T08:38:01.149+05:30 INFO  [auth-service] txn_id=TXN-100239 customer_id=C10391 action=login status=SUCCESS response_ms=213
2026-09-15T08:38:09.253+05:30 INFO  [cart-service] txn_id=TXN-100240 customer_id=C10391 action=addtocart product_id=NM-2004 qty=1 status=SUCCESS response_ms=44
2026-09-15T08:42:06.207+05:30 INFO  [auth-service] txn_id=TXN-100236 customer_id=C10621 action=login status=SUCCESS response_ms=96
2026-09-15T08:42:25.026+05:30 INFO  [cart-service] txn_id=TXN-100237 customer_id=C10621 action=addtocart product_id=NM-1002 qty=1 status=SUCCESS response_ms=126
2026-09-15T08:47:02.201+05:30 INFO  [cart-service] txn_id=TXN-100238 customer_id=C10103 action=addtocart product_id=NM-3001 qty=1 status=SUCCESS response_ms=157
2026-09-15T08:56:39.092+05:30 INFO  [cart-service] txn_id=TXN-100241 customer_id=C10327 action=addtocart product_id=NM-2002 qty=1 status=SUCCESS response_ms=133
2026-09-15T08:57:39.426+05:30 INFO  [order-service] txn_id=TXN-100242 customer_id=C10327 action=checkout order_id=ORD-550074 product_id=NM-2002 qty=1 amount=1899.00 payment_method=UPI status=SUCCESS response_ms=426 region=West
2026-09-15T09:00:01.000+05:30 INFO  [platform] Heartbeat OK services=5 jvm_heap_used_pct=70
2026-09-15T09:04:46.054+05:30 INFO  [auth-service] txn_id=TXN-100243 customer_id=C10169 action=login status=SUCCESS response_ms=170
2026-09-15T09:05:20.119+05:30 INFO  [cart-service] txn_id=TXN-100244 customer_id=C10169 action=addtocart product_id=NM-4002 qty=3 status=SUCCESS response_ms=82
2026-09-15T09:21:38.284+05:30 INFO  [cart-service] txn_id=TXN-100249 customer_id=C10249 action=addtocart product_id=NM-1001 qty=1 status=SUCCESS response_ms=49
2026-09-15T09:22:18.266+05:30 INFO  [order-service] txn_id=TXN-100250 customer_id=C10249 action=checkout order_id=ORD-550075 product_id=NM-1001 qty=1 amount=18999.00 payment_method=UPI status=SUCCESS response_ms=266 region=South
2026-09-15T09:26:45.082+05:30 INFO  [cart-service] txn_id=TXN-100247 customer_id=C10273 action=addtocart product_id=NM-5002 qty=1 status=SUCCESS response_ms=170
2026-09-15T09:30:50.253+05:30 INFO  [cart-service] txn_id=TXN-100248 customer_id=C10011 action=addtocart product_id=NM-4002 qty=1 status=SUCCESS response_ms=177
2026-09-15T09:35:38.115+05:30 INFO  [auth-service] txn_id=TXN-100251 customer_id=C10127 action=login status=SUCCESS response_ms=141
2026-09-15T09:36:02.250+05:30 INFO  [cart-service] txn_id=TXN-100252 customer_id=C10127 action=addtocart product_id=NM-2003 qty=1 status=SUCCESS response_ms=105
2026-09-15T09:36:28.085+05:30 INFO  [cart-service] txn_id=TXN-100246 customer_id=C10222 action=addtocart product_id=NM-3004 qty=1 status=SUCCESS response_ms=136
2026-09-15T09:37:53.286+05:30 INFO  [order-service] txn_id=TXN-100253 customer_id=C10127 action=checkout order_id=ORD-550076 product_id=NM-2003 qty=1 amount=2999.00 payment_method=UPI status=SUCCESS response_ms=286 region=East
2026-09-15T09:40:29.000+05:30 ERROR [search-service] Elasticsearch query failed: connection reset by peer (node=es-data-02)
2026-09-15T09:47:49.210+05:30 INFO  [cart-service] txn_id=TXN-100245 customer_id=C10364 action=addtocart product_id=NM-2001 qty=1 status=SUCCESS response_ms=57
2026-09-15T10:00:00.000+05:30 INFO  [platform] Heartbeat OK services=5 jvm_heap_used_pct=42
2026-09-15T10:08:21.191+05:30 INFO  [cart-service] txn_id=TXN-100263 customer_id=C10196 action=addtocart product_id=NM-2004 qty=1 status=SUCCESS response_ms=128
2026-09-15T10:09:50.287+05:30 INFO  [order-service] txn_id=TXN-100264 customer_id=C10196 action=checkout order_id=ORD-550079 product_id=NM-2004 qty=1 amount=2299.00 payment_method=CARD status=SUCCESS response_ms=287 region=South
2026-09-15T10:23:18.000+05:30 WARN  [inventory-service] Low stock alert product_id=NM-1002 remaining=3 warehouse=WH-BLR
2026-09-15T10:35:00.065+05:30 INFO  [cart-service] txn_id=TXN-100256 customer_id=C10285 action=addtocart product_id=NM-2002 qty=3 status=SUCCESS response_ms=157
2026-09-15T10:41:46.188+05:30 INFO  [auth-service] txn_id=TXN-100254 customer_id=C10373 action=login status=SUCCESS response_ms=182
2026-09-15T10:42:16.223+05:30 INFO  [cart-service] txn_id=TXN-100255 customer_id=C10373 action=addtocart product_id=NM-1003 qty=1 status=SUCCESS response_ms=114
2026-09-15T10:51:29.094+05:30 INFO  [auth-service] txn_id=TXN-100260 customer_id=C10396 action=login status=SUCCESS response_ms=137
2026-09-15T10:51:32.040+05:30 INFO  [cart-service] txn_id=TXN-100261 customer_id=C10396 action=addtocart product_id=NM-1002 qty=1 status=SUCCESS response_ms=161
2026-09-15T10:51:55.193+05:30 INFO  [order-service] txn_id=TXN-100262 customer_id=C10396 action=checkout order_id=ORD-550078 product_id=NM-1002 qty=1 amount=2499.00 payment_method=COD status=SUCCESS response_ms=193 region=South
2026-09-15T10:56:58.260+05:30 INFO  [auth-service] txn_id=TXN-100257 customer_id=C10437 action=login status=SUCCESS response_ms=125
2026-09-15T10:57:21.116+05:30 INFO  [cart-service] txn_id=TXN-100258 customer_id=C10437 action=addtocart product_id=NM-3001 qty=2 status=SUCCESS response_ms=110
2026-09-15T10:59:16.399+05:30 INFO  [order-service] txn_id=TXN-100259 customer_id=C10437 action=checkout order_id=ORD-550077 product_id=NM-3001 qty=2 amount=6998.00 payment_method=COD status=SUCCESS response_ms=399 region=West
2026-09-15T11:00:00.000+05:30 INFO  [platform] Heartbeat OK services=5 jvm_heap_used_pct=66
2026-09-15T11:05:48.024+05:30 INFO  [cart-service] txn_id=TXN-100269 customer_id=C10630 action=addtocart product_id=NM-1002 qty=1 status=SUCCESS response_ms=93
2026-09-15T11:06:04.407+05:30 INFO  [order-service] txn_id=TXN-100270 customer_id=C10630 action=checkout order_id=ORD-550081 product_id=NM-1002 qty=1 amount=2499.00 payment_method=UPI status=SUCCESS response_ms=407 region=West
2026-09-15T11:14:16.033+05:30 INFO  [cart-service] txn_id=TXN-100265 customer_id=C10206 action=addtocart product_id=NM-3001 qty=1 status=SUCCESS response_ms=172
2026-09-15T11:19:57.170+05:30 INFO  [cart-service] txn_id=TXN-100266 customer_id=C10545 action=addtocart product_id=NM-1002 qty=1 status=SUCCESS response_ms=158
2026-09-15T11:21:26.402+05:30 INFO  [order-service] txn_id=TXN-100267 customer_id=C10545 action=checkout order_id=ORD-550080 product_id=NM-1002 qty=1 amount=2499.00 payment_method=CARD status=SUCCESS response_ms=402 region=West
2026-09-15T11:43:42.235+05:30 INFO  [cart-service] txn_id=TXN-100268 customer_id=C10587 action=addtocart product_id=NM-1003 qty=1 status=SUCCESS response_ms=119
2026-09-15T11:47:09.040+05:30 INFO  [auth-service] txn_id=TXN-100273 customer_id=C10519 action=login status=SUCCESS response_ms=202
2026-09-15T11:47:35.028+05:30 INFO  [cart-service] txn_id=TXN-100274 customer_id=C10519 action=addtocart product_id=NM-2003 qty=1 status=SUCCESS response_ms=149
2026-09-15T11:48:04.096+05:30 INFO  [cart-service] txn_id=TXN-100271 customer_id=C10273 action=addtocart product_id=NM-2002 qty=1 status=SUCCESS response_ms=118
2026-09-15T11:49:10.378+05:30 INFO  [order-service] txn_id=TXN-100272 customer_id=C10273 action=checkout order_id=ORD-550082 product_id=NM-2002 qty=1 amount=1899.00 payment_method=CARD status=SUCCESS response_ms=378 region=West
2026-09-15T12:00:01.000+05:30 INFO  [platform] Heartbeat OK services=5 jvm_heap_used_pct=64
2026-09-15T12:08:40.084+05:30 INFO  [cart-service] txn_id=TXN-100280 customer_id=C10254 action=addtocart product_id=NM-2003 qty=1 status=SUCCESS response_ms=57
2026-09-15T12:09:25.348+05:30 INFO  [order-service] txn_id=TXN-100281 customer_id=C10254 action=checkout order_id=ORD-550084 product_id=NM-2003 qty=1 amount=2999.00 payment_method=UPI status=SUCCESS response_ms=348 region=South
2026-09-15T12:11:50.000+05:30 ERROR [search-service] Elasticsearch query failed: connection reset by peer (node=es-data-02)
2026-09-15T12:14:28.027+05:30 INFO  [cart-service] txn_id=TXN-100282 customer_id=C10119 action=addtocart product_id=NM-6001 qty=2 status=SUCCESS response_ms=116
2026-09-15T12:16:03.230+05:30 INFO  [order-service] txn_id=TXN-100283 customer_id=C10119 action=checkout order_id=ORD-550085 product_id=NM-6001 qty=2 amount=698.00 payment_method=CARD status=SUCCESS response_ms=230 region=North
2026-09-15T12:20:48.256+05:30 INFO  [cart-service] txn_id=TXN-100278 customer_id=C10336 action=addtocart product_id=NM-2004 qty=2 status=SUCCESS response_ms=171
2026-09-15T12:22:15.289+05:30 INFO  [order-service] txn_id=TXN-100279 customer_id=C10336 action=checkout order_id=ORD-550083 product_id=NM-2004 qty=2 amount=4598.00 payment_method=UPI status=SUCCESS response_ms=289 region=East
2026-09-15T12:34:09.195+05:30 INFO  [auth-service] txn_id=TXN-100275 customer_id=C10439 action=login status=SUCCESS response_ms=123
2026-09-15T12:34:19.279+05:30 INFO  [cart-service] txn_id=TXN-100276 customer_id=C10439 action=addtocart product_id=NM-6001 qty=1 status=SUCCESS response_ms=157
2026-09-15T12:51:13.000+05:30 ERROR [search-service] Elasticsearch query failed: connection reset by peer (node=es-data-02)
2026-09-15T12:58:36.285+05:30 INFO  [cart-service] txn_id=TXN-100277 customer_id=C10463 action=addtocart product_id=NM-6001 qty=1 status=SUCCESS response_ms=122
2026-09-15T13:00:00.000+05:30 INFO  [platform] Heartbeat OK services=5 jvm_heap_used_pct=69
2026-09-15T13:11:27.000+05:30 WARN  [inventory-service] Low stock alert product_id=NM-3001 remaining=6 warehouse=WH-MUM
2026-09-15T13:26:48.268+05:30 INFO  [auth-service] txn_id=TXN-100284 customer_id=C10075 action=login status=SUCCESS response_ms=172
2026-09-15T13:27:26.146+05:30 INFO  [cart-service] txn_id=TXN-100285 customer_id=C10075 action=addtocart product_id=NM-5002 qty=1 status=SUCCESS response_ms=120
2026-09-15T13:31:45.129+05:30 INFO  [cart-service] txn_id=TXN-100286 customer_id=C10009 action=addtocart product_id=NM-1004 qty=1 status=SUCCESS response_ms=163
2026-09-15T13:33:09.479+05:30 WARN  [order-service] txn_id=TXN-100287 customer_id=C10009 action=checkout order_id=ORD-550086 product_id=NM-1004 qty=1 amount=27999.00 payment_method=NETBANKING status=DECLINED error_code=PAY_DECLINED response_ms=479 region=West
2026-09-15T13:54:27.085+05:30 INFO  [auth-service] txn_id=TXN-100290 customer_id=C10387 action=login status=SUCCESS response_ms=61
2026-09-15T13:54:44.171+05:30 INFO  [cart-service] txn_id=TXN-100291 customer_id=C10387 action=addtocart product_id=NM-3001 qty=1 status=SUCCESS response_ms=137
2026-09-15T14:00:02.000+05:30 INFO  [platform] Heartbeat OK services=5 jvm_heap_used_pct=45
2026-09-15T14:00:36.203+05:30 INFO  [auth-service] txn_id=TXN-100288 customer_id=C10526 action=login status=SUCCESS response_ms=62
2026-09-15T14:01:12.062+05:30 INFO  [cart-service] txn_id=TXN-100289 customer_id=C10526 action=addtocart product_id=NM-6001 qty=2 status=SUCCESS response_ms=174
2026-09-15T14:05:29.198+05:30 INFO  [cart-service] txn_id=TXN-100299 customer_id=C10646 action=addtocart product_id=NM-6002 qty=1 status=SUCCESS response_ms=129
2026-09-15T14:06:35.158+05:30 INFO  [order-service] txn_id=TXN-100300 customer_id=C10646 action=checkout order_id=ORD-550090 product_id=NM-6002 qty=1 amount=799.00 payment_method=COD status=SUCCESS response_ms=158 region=South
2026-09-15T14:06:59.162+05:30 INFO  [auth-service] txn_id=TXN-100292 customer_id=C10568 action=login status=SUCCESS response_ms=165
2026-09-15T14:07:25.062+05:30 INFO  [cart-service] txn_id=TXN-100293 customer_id=C10568 action=addtocart product_id=NM-2002 qty=1 status=SUCCESS response_ms=139
2026-09-15T14:08:34.188+05:30 INFO  [order-service] txn_id=TXN-100294 customer_id=C10568 action=checkout order_id=ORD-550087 product_id=NM-2002 qty=1 amount=1899.00 payment_method=COD status=SUCCESS response_ms=188 region=East
2026-09-15T14:34:07.033+05:30 INFO  [cart-service] txn_id=TXN-100297 customer_id=C10430 action=addtocart product_id=NM-5001 qty=1 status=SUCCESS response_ms=175
2026-09-15T14:35:38.311+05:30 INFO  [order-service] txn_id=TXN-100298 customer_id=C10430 action=checkout order_id=ORD-550089 product_id=NM-5001 qty=1 amount=1299.00 payment_method=CARD status=SUCCESS response_ms=311 region=South
2026-09-15T14:42:11.074+05:30 INFO  [cart-service] txn_id=TXN-100295 customer_id=C10343 action=addtocart product_id=NM-1005 qty=1 status=SUCCESS response_ms=31
2026-09-15T14:42:34.358+05:30 INFO  [order-service] txn_id=TXN-100296 customer_id=C10343 action=checkout order_id=ORD-550088 product_id=NM-1005 qty=1 amount=4999.00 payment_method=UPI status=SUCCESS response_ms=358 region=North
2026-09-15T14:58:59.028+05:30 INFO  [cart-service] txn_id=TXN-100301 customer_id=C10243 action=addtocart product_id=NM-2003 qty=2 status=SUCCESS response_ms=47
2026-09-15T15:00:02.000+05:30 INFO  [platform] Heartbeat OK services=5 jvm_heap_used_pct=43
2026-09-15T15:02:36.245+05:30 INFO  [cart-service] txn_id=TXN-100302 customer_id=C10587 action=addtocart product_id=NM-2001 qty=1 status=SUCCESS response_ms=83
2026-09-15T15:03:43.378+05:30 INFO  [order-service] txn_id=TXN-100303 customer_id=C10587 action=checkout order_id=ORD-550091 product_id=NM-2001 qty=1 amount=1499.00 payment_method=UPI status=SUCCESS response_ms=378 region=South
2026-09-15T15:04:30.037+05:30 INFO  [auth-service] txn_id=TXN-100306 customer_id=C10172 action=login status=SUCCESS response_ms=178
2026-09-15T15:05:10.221+05:30 INFO  [cart-service] txn_id=TXN-100307 customer_id=C10172 action=addtocart product_id=NM-1004 qty=1 status=SUCCESS response_ms=146
2026-09-15T15:06:27.254+05:30 INFO  [order-service] txn_id=TXN-100308 customer_id=C10172 action=checkout order_id=ORD-550093 product_id=NM-1004 qty=1 amount=27999.00 payment_method=UPI status=SUCCESS response_ms=254 region=South
2026-09-15T15:09:40.229+05:30 INFO  [cart-service] txn_id=TXN-100309 customer_id=C10245 action=addtocart product_id=NM-1005 qty=1 status=SUCCESS response_ms=137
2026-09-15T15:09:52.032+05:30 INFO  [auth-service] txn_id=TXN-100310 customer_id=C10066 action=login status=SUCCESS response_ms=89
2026-09-15T15:10:07.142+05:30 INFO  [cart-service] txn_id=TXN-100311 customer_id=C10066 action=addtocart product_id=NM-3003 qty=1 status=SUCCESS response_ms=72
2026-09-15T15:11:30.262+05:30 INFO  [cart-service] txn_id=TXN-100304 customer_id=C10140 action=addtocart product_id=NM-2004 qty=1 status=SUCCESS response_ms=32
2026-09-15T15:12:47.328+05:30 INFO  [order-service] txn_id=TXN-100305 customer_id=C10140 action=checkout order_id=ORD-550092 product_id=NM-2004 qty=1 amount=2299.00 payment_method=NETBANKING status=SUCCESS response_ms=328 region=East
2026-09-15T15:17:40.256+05:30 INFO  [cart-service] txn_id=TXN-100314 customer_id=C10187 action=addtocart product_id=NM-2004 qty=1 status=SUCCESS response_ms=165
2026-09-15T15:19:10.252+05:30 INFO  [order-service] txn_id=TXN-100315 customer_id=C10187 action=checkout order_id=ORD-550095 product_id=NM-2004 qty=1 amount=2299.00 payment_method=CARD status=SUCCESS response_ms=252 region=West
2026-09-15T15:34:57.024+05:30 INFO  [auth-service] txn_id=TXN-100316 customer_id=C10646 action=login status=SUCCESS response_ms=115
2026-09-15T15:35:05.264+05:30 INFO  [cart-service] txn_id=TXN-100317 customer_id=C10646 action=addtocart product_id=NM-3004 qty=2 status=SUCCESS response_ms=158
2026-09-15T15:36:51.478+05:30 INFO  [order-service] txn_id=TXN-100318 customer_id=C10646 action=checkout order_id=ORD-550096 product_id=NM-3004 qty=2 amount=1198.00 payment_method=WALLET status=SUCCESS response_ms=478 region=South
2026-09-15T15:51:00.129+05:30 INFO  [cart-service] txn_id=TXN-100312 customer_id=C10265 action=addtocart product_id=NM-2003 qty=1 status=SUCCESS response_ms=77
2026-09-15T15:51:49.336+05:30 INFO  [order-service] txn_id=TXN-100313 customer_id=C10265 action=checkout order_id=ORD-550094 product_id=NM-2003 qty=1 amount=2999.00 payment_method=UPI status=SUCCESS response_ms=336 region=South
2026-09-15T16:00:01.000+05:30 INFO  [platform] Heartbeat OK services=5 jvm_heap_used_pct=60
2026-09-15T16:17:26.253+05:30 INFO  [cart-service] txn_id=TXN-100320 customer_id=C10340 action=addtocart product_id=NM-5001 qty=1 status=SUCCESS response_ms=76
2026-09-15T16:18:15.176+05:30 INFO  [order-service] txn_id=TXN-100321 customer_id=C10340 action=checkout order_id=ORD-550097 product_id=NM-5001 qty=1 amount=1299.00 payment_method=COD status=SUCCESS response_ms=176 region=South
2026-09-15T16:18:20.127+05:30 INFO  [auth-service] txn_id=TXN-100324 customer_id=C10257 action=login status=SUCCESS response_ms=100
2026-09-15T16:18:51.152+05:30 INFO  [cart-service] txn_id=TXN-100325 customer_id=C10257 action=addtocart product_id=NM-1003 qty=1 status=SUCCESS response_ms=156
2026-09-15T16:20:33.358+05:30 INFO  [order-service] txn_id=TXN-100326 customer_id=C10257 action=checkout order_id=ORD-550099 product_id=NM-1003 qty=1 amount=1799.00 payment_method=UPI status=SUCCESS response_ms=358 region=West
2026-09-15T16:32:47.271+05:30 INFO  [cart-service] txn_id=TXN-100322 customer_id=C10593 action=addtocart product_id=NM-6001 qty=1 status=SUCCESS response_ms=174
2026-09-15T16:33:36.261+05:30 INFO  [order-service] txn_id=TXN-100323 customer_id=C10593 action=checkout order_id=ORD-550098 product_id=NM-6001 qty=1 amount=349.00 payment_method=WALLET status=SUCCESS response_ms=261 region=South
2026-09-15T16:53:26.067+05:30 INFO  [cart-service] txn_id=TXN-100327 customer_id=C10286 action=addtocart product_id=NM-1005 qty=1 status=SUCCESS response_ms=125
2026-09-15T16:53:56.180+05:30 INFO  [cart-service] txn_id=TXN-100319 customer_id=C10043 action=addtocart product_id=NM-1005 qty=3 status=SUCCESS response_ms=114
2026-09-15T16:59:49.000+05:30 ERROR [search-service] Elasticsearch query failed: connection reset by peer (node=es-data-02)
2026-09-15T17:00:02.000+05:30 INFO  [platform] Heartbeat OK services=5 jvm_heap_used_pct=47
2026-09-15T17:06:39.262+05:30 INFO  [cart-service] txn_id=TXN-100341 customer_id=C10313 action=addtocart product_id=NM-2003 qty=1 status=SUCCESS response_ms=61
2026-09-15T17:08:09.202+05:30 INFO  [order-service] txn_id=TXN-100342 customer_id=C10313 action=checkout order_id=ORD-550104 product_id=NM-2003 qty=1 amount=2999.00 payment_method=UPI status=SUCCESS response_ms=202 region=South
2026-09-15T17:08:39.272+05:30 INFO  [cart-service] txn_id=TXN-100338 customer_id=C10156 action=addtocart product_id=NM-2002 qty=1 status=SUCCESS response_ms=113
2026-09-15T17:10:15.428+05:30 INFO  [order-service] txn_id=TXN-100339 customer_id=C10156 action=checkout order_id=ORD-550103 product_id=NM-2002 qty=1 amount=1899.00 payment_method=CARD status=SUCCESS response_ms=428 region=North
2026-09-15T17:10:21.230+05:30 INFO  [cart-service] txn_id=TXN-100337 customer_id=C10069 action=addtocart product_id=NM-1001 qty=1 status=SUCCESS response_ms=80
2026-09-15T17:29:22.073+05:30 INFO  [cart-service] txn_id=TXN-100332 customer_id=C10136 action=addtocart product_id=NM-6002 qty=1 status=SUCCESS response_ms=172
2026-09-15T17:30:17.455+05:30 INFO  [order-service] txn_id=TXN-100333 customer_id=C10136 action=checkout order_id=ORD-550101 product_id=NM-6002 qty=1 amount=799.00 payment_method=UPI status=SUCCESS response_ms=455 region=South
2026-09-15T17:36:06.169+05:30 INFO  [cart-service] txn_id=TXN-100335 customer_id=C10290 action=addtocart product_id=NM-5001 qty=2 status=SUCCESS response_ms=69
2026-09-15T17:37:18.382+05:30 INFO  [order-service] txn_id=TXN-100336 customer_id=C10290 action=checkout order_id=ORD-550102 product_id=NM-5001 qty=2 amount=2598.00 payment_method=UPI status=SUCCESS response_ms=382 region=South
2026-09-15T17:42:50.031+05:30 INFO  [cart-service] txn_id=TXN-100328 customer_id=C10368 action=addtocart product_id=NM-6001 qty=1 status=SUCCESS response_ms=98
2026-09-15T17:44:32.156+05:30 INFO  [order-service] txn_id=TXN-100329 customer_id=C10368 action=checkout order_id=ORD-550100 product_id=NM-6001 qty=1 amount=349.00 payment_method=CARD status=SUCCESS response_ms=156 region=North
2026-09-15T17:50:35.106+05:30 INFO  [cart-service] txn_id=TXN-100340 customer_id=C10430 action=addtocart product_id=NM-1004 qty=1 status=SUCCESS response_ms=123
2026-09-15T17:50:58.054+05:30 INFO  [cart-service] txn_id=TXN-100334 customer_id=C10179 action=addtocart product_id=NM-1005 qty=1 status=SUCCESS response_ms=48
2026-09-15T17:59:10.036+05:30 INFO  [auth-service] txn_id=TXN-100330 customer_id=C10253 action=login status=SUCCESS response_ms=194
2026-09-15T17:59:45.215+05:30 INFO  [cart-service] txn_id=TXN-100331 customer_id=C10253 action=addtocart product_id=NM-1003 qty=1 status=SUCCESS response_ms=60
2026-09-15T18:00:02.000+05:30 INFO  [platform] Heartbeat OK services=5 jvm_heap_used_pct=69
2026-09-15T18:04:04.000+05:30 WARN  [inventory-service] Low stock alert product_id=NM-3004 remaining=9 warehouse=WH-MUM
2026-09-15T18:16:34.000+05:30 ERROR [search-service] Elasticsearch query failed: connection reset by peer (node=es-data-02)
2026-09-15T18:40:41.036+05:30 INFO  [cart-service] txn_id=TXN-100344 customer_id=C10130 action=addtocart product_id=NM-3004 qty=3 status=SUCCESS response_ms=159
2026-09-15T18:50:30.081+05:30 INFO  [cart-service] txn_id=TXN-100345 customer_id=C10226 action=addtocart product_id=NM-2002 qty=1 status=SUCCESS response_ms=49
2026-09-15T18:51:16.130+05:30 INFO  [cart-service] txn_id=TXN-100346 customer_id=C10197 action=addtocart product_id=NM-3002 qty=1 status=SUCCESS response_ms=171
2026-09-15T18:55:47.021+05:30 INFO  [cart-service] txn_id=TXN-100343 customer_id=C10060 action=addtocart product_id=NM-6002 qty=2 status=SUCCESS response_ms=128
2026-09-15T19:00:00.000+05:30 INFO  [platform] Heartbeat OK services=5 jvm_heap_used_pct=54
2026-09-15T19:03:08.098+05:30 INFO  [cart-service] txn_id=TXN-100355 customer_id=C10422 action=addtocart product_id=NM-3002 qty=1 status=SUCCESS response_ms=64
2026-09-15T19:04:39.179+05:30 INFO  [order-service] txn_id=TXN-100356 customer_id=C10422 action=checkout order_id=ORD-550107 product_id=NM-3002 qty=1 amount=5999.00 payment_method=CARD status=SUCCESS response_ms=179 region=North
2026-09-15T19:12:43.211+05:30 INFO  [auth-service] txn_id=TXN-100366 customer_id=C10588 action=login status=SUCCESS response_ms=165
2026-09-15T19:13:02.099+05:30 INFO  [cart-service] txn_id=TXN-100367 customer_id=C10588 action=addtocart product_id=NM-1005 qty=1 status=SUCCESS response_ms=170
2026-09-15T19:14:28.330+05:30 INFO  [order-service] txn_id=TXN-100368 customer_id=C10588 action=checkout order_id=ORD-550112 product_id=NM-1005 qty=1 amount=4999.00 payment_method=UPI status=SUCCESS response_ms=330 region=North
2026-09-15T19:26:31.187+05:30 INFO  [cart-service] txn_id=TXN-100354 customer_id=C10646 action=addtocart product_id=NM-6001 qty=1 status=SUCCESS response_ms=169
2026-09-15T19:26:48.134+05:30 INFO  [auth-service] txn_id=TXN-100347 customer_id=C10252 action=login status=SUCCESS response_ms=176
2026-09-15T19:27:19.277+05:30 INFO  [cart-service] txn_id=TXN-100348 customer_id=C10252 action=addtocart product_id=NM-1003 qty=1 status=SUCCESS response_ms=34
2026-09-15T19:28:28.087+05:30 INFO  [cart-service] txn_id=TXN-100369 customer_id=C10580 action=addtocart product_id=NM-1004 qty=2 status=SUCCESS response_ms=72
2026-09-15T19:28:39.281+05:30 INFO  [order-service] txn_id=TXN-100349 customer_id=C10252 action=checkout order_id=ORD-550105 product_id=NM-1003 qty=1 amount=1799.00 payment_method=NETBANKING status=SUCCESS response_ms=281 region=South
2026-09-15T19:29:45.126+05:30 INFO  [order-service] txn_id=TXN-100370 customer_id=C10580 action=checkout order_id=ORD-550113 product_id=NM-1004 qty=2 amount=55998.00 payment_method=UPI status=SUCCESS response_ms=126 region=South
2026-09-15T19:32:56.087+05:30 INFO  [auth-service] txn_id=TXN-100350 customer_id=C10628 action=login status=SUCCESS response_ms=101
2026-09-15T19:33:10.046+05:30 INFO  [cart-service] txn_id=TXN-100351 customer_id=C10628 action=addtocart product_id=NM-6002 qty=2 status=SUCCESS response_ms=103
2026-09-15T19:33:46.000+05:30 WARN  [inventory-service] Low stock alert product_id=NM-3001 remaining=2 warehouse=WH-BLR
2026-09-15T19:34:44.421+05:30 INFO  [order-service] txn_id=TXN-100352 customer_id=C10628 action=checkout order_id=ORD-550106 product_id=NM-6002 qty=2 amount=1598.00 payment_method=CARD status=SUCCESS response_ms=421 region=West
2026-09-15T19:35:36.216+05:30 INFO  [cart-service] txn_id=TXN-100353 customer_id=C10185 action=addtocart product_id=NM-3004 qty=1 status=SUCCESS response_ms=36
2026-09-15T19:45:16.211+05:30 INFO  [cart-service] txn_id=TXN-100364 customer_id=C10192 action=addtocart product_id=NM-1003 qty=1 status=SUCCESS response_ms=179
2026-09-15T19:46:07.082+05:30 INFO  [auth-service] txn_id=TXN-100361 customer_id=C10540 action=login status=SUCCESS response_ms=58
2026-09-15T19:46:46.254+05:30 INFO  [cart-service] txn_id=TXN-100362 customer_id=C10540 action=addtocart product_id=NM-1002 qty=1 status=SUCCESS response_ms=155
2026-09-15T19:47:13.432+05:30 INFO  [order-service] txn_id=TXN-100365 customer_id=C10192 action=checkout order_id=ORD-550111 product_id=NM-1003 qty=1 amount=1799.00 payment_method=UPI status=SUCCESS response_ms=432 region=South
2026-09-15T19:47:37.478+05:30 INFO  [order-service] txn_id=TXN-100363 customer_id=C10540 action=checkout order_id=ORD-550110 product_id=NM-1002 qty=1 amount=2499.00 payment_method=UPI status=SUCCESS response_ms=478 region=West
2026-09-15T19:48:32.051+05:30 INFO  [cart-service] txn_id=TXN-100357 customer_id=C10032 action=addtocart product_id=NM-1001 qty=1 status=SUCCESS response_ms=56
2026-09-15T19:48:52.369+05:30 INFO  [order-service] txn_id=TXN-100358 customer_id=C10032 action=checkout order_id=ORD-550108 product_id=NM-1001 qty=1 amount=18999.00 payment_method=CARD status=SUCCESS response_ms=369 region=South
2026-09-15T19:50:20.235+05:30 INFO  [cart-service] txn_id=TXN-100371 customer_id=C10105 action=addtocart product_id=NM-2001 qty=2 status=SUCCESS response_ms=118
2026-09-15T20:00:02.000+05:30 INFO  [platform] Heartbeat OK services=5 jvm_heap_used_pct=39
2026-09-15T20:00:48.080+05:30 INFO  [cart-service] txn_id=TXN-100359 customer_id=C10534 action=addtocart product_id=NM-6001 qty=1 status=SUCCESS response_ms=75
2026-09-15T20:01:52.475+05:30 INFO  [order-service] txn_id=TXN-100360 customer_id=C10534 action=checkout order_id=ORD-550109 product_id=NM-6001 qty=1 amount=349.00 payment_method=NETBANKING status=SUCCESS response_ms=475 region=West
2026-09-15T20:03:29.077+05:30 INFO  [cart-service] txn_id=TXN-100388 customer_id=C10524 action=addtocart product_id=NM-5002 qty=1 status=SUCCESS response_ms=169
2026-09-15T20:05:13.121+05:30 INFO  [cart-service] txn_id=TXN-100372 customer_id=C10426 action=addtocart product_id=NM-1004 qty=1 status=SUCCESS response_ms=166
2026-09-15T20:11:21.276+05:30 INFO  [cart-service] txn_id=TXN-100373 customer_id=C10032 action=addtocart product_id=NM-2003 qty=1 status=SUCCESS response_ms=127
2026-09-15T20:13:28.402+05:30 INFO  [order-service] txn_id=TXN-100374 customer_id=C10032 action=checkout order_id=ORD-550114 product_id=NM-2003 qty=1 amount=2999.00 payment_method=CARD status=SUCCESS response_ms=402 region=South
2026-09-15T20:17:07.192+05:30 INFO  [cart-service] txn_id=TXN-100383 customer_id=C10051 action=addtocart product_id=NM-3001 qty=1 status=SUCCESS response_ms=151
2026-09-15T20:18:28.459+05:30 INFO  [order-service] txn_id=TXN-100384 customer_id=C10051 action=checkout order_id=ORD-550117 product_id=NM-3001 qty=1 amount=3499.00 payment_method=UPI status=SUCCESS response_ms=459 region=South
2026-09-15T20:20:24.276+05:30 INFO  [cart-service] txn_id=TXN-100375 customer_id=C10095 action=addtocart product_id=NM-1004 qty=2 status=SUCCESS response_ms=146
2026-09-15T20:38:13.288+05:30 INFO  [auth-service] txn_id=TXN-100385 customer_id=C10408 action=login status=SUCCESS response_ms=118
2026-09-15T20:38:46.061+05:30 INFO  [cart-service] txn_id=TXN-100386 customer_id=C10408 action=addtocart product_id=NM-4002 qty=1 status=SUCCESS response_ms=85
2026-09-15T20:39:17.436+05:30 INFO  [order-service] txn_id=TXN-100387 customer_id=C10408 action=checkout order_id=ORD-550118 product_id=NM-4002 qty=1 amount=399.00 payment_method=UPI status=SUCCESS response_ms=436 region=South
2026-09-15T20:46:11.293+05:30 INFO  [auth-service] txn_id=TXN-100378 customer_id=C10294 action=login status=SUCCESS response_ms=149
2026-09-15T20:46:51.031+05:30 INFO  [cart-service] txn_id=TXN-100379 customer_id=C10294 action=addtocart product_id=NM-2002 qty=1 status=SUCCESS response_ms=162
2026-09-15T20:51:23.190+05:30 INFO  [cart-service] txn_id=TXN-100376 customer_id=C10121 action=addtocart product_id=NM-2001 qty=1 status=SUCCESS response_ms=118
2026-09-15T20:52:35.310+05:30 INFO  [order-service] txn_id=TXN-100377 customer_id=C10121 action=checkout order_id=ORD-550115 product_id=NM-2001 qty=1 amount=1499.00 payment_method=UPI status=SUCCESS response_ms=310 region=West
2026-09-15T21:00:02.000+05:30 INFO  [platform] Heartbeat OK services=5 jvm_heap_used_pct=63
2026-09-15T21:00:36.247+05:30 INFO  [auth-service] txn_id=TXN-100380 customer_id=C10571 action=login status=SUCCESS response_ms=114
2026-09-15T21:00:41.068+05:30 INFO  [cart-service] txn_id=TXN-100401 customer_id=C10008 action=addtocart product_id=NM-1001 qty=1 status=SUCCESS response_ms=176
2026-09-15T21:00:47.118+05:30 INFO  [cart-service] txn_id=TXN-100381 customer_id=C10571 action=addtocart product_id=NM-6002 qty=2 status=SUCCESS response_ms=154
2026-09-15T21:01:06.152+05:30 INFO  [order-service] txn_id=TXN-100382 customer_id=C10571 action=checkout order_id=ORD-550116 product_id=NM-6002 qty=2 amount=1598.00 payment_method=NETBANKING status=SUCCESS response_ms=152 region=South
2026-09-15T21:02:45.453+05:30 INFO  [order-service] txn_id=TXN-100402 customer_id=C10008 action=checkout order_id=ORD-550122 product_id=NM-1001 qty=1 amount=18999.00 payment_method=CARD status=SUCCESS response_ms=453 region=West
2026-09-15T21:11:32.168+05:30 INFO  [cart-service] txn_id=TXN-100403 customer_id=C10079 action=addtocart product_id=NM-3004 qty=1 status=SUCCESS response_ms=115
2026-09-15T21:12:57.217+05:30 INFO  [order-service] txn_id=TXN-100404 customer_id=C10079 action=checkout order_id=ORD-550123 product_id=NM-3004 qty=1 amount=599.00 payment_method=UPI status=SUCCESS response_ms=217 region=North
2026-09-15T21:16:51.292+05:30 INFO  [cart-service] txn_id=TXN-100389 customer_id=C10181 action=addtocart product_id=NM-1002 qty=2 status=SUCCESS response_ms=71
2026-09-15T21:20:21.079+05:30 INFO  [auth-service] txn_id=TXN-100396 customer_id=C10527 action=login status=SUCCESS response_ms=98
2026-09-15T21:20:38.187+05:30 INFO  [cart-service] txn_id=TXN-100397 customer_id=C10527 action=addtocart product_id=NM-1003 qty=1 status=SUCCESS response_ms=68
2026-09-15T21:31:18.040+05:30 INFO  [auth-service] txn_id=TXN-100393 customer_id=C10363 action=login status=SUCCESS response_ms=194
2026-09-15T21:31:20.049+05:30 INFO  [cart-service] txn_id=TXN-100394 customer_id=C10363 action=addtocart product_id=NM-5001 qty=1 status=SUCCESS response_ms=72
2026-09-15T21:31:30.000+05:30 ERROR [search-service] Elasticsearch query failed: connection reset by peer (node=es-data-02)
2026-09-15T21:31:39.273+05:30 INFO  [order-service] txn_id=TXN-100395 customer_id=C10363 action=checkout order_id=ORD-550120 product_id=NM-5001 qty=1 amount=1299.00 payment_method=CARD status=SUCCESS response_ms=273 region=North
2026-09-15T21:38:01.243+05:30 INFO  [cart-service] txn_id=TXN-100399 customer_id=C10453 action=addtocart product_id=NM-4001 qty=2 status=SUCCESS response_ms=95
2026-09-15T21:38:49.175+05:30 INFO  [order-service] txn_id=TXN-100400 customer_id=C10453 action=checkout order_id=ORD-550121 product_id=NM-4001 qty=2 amount=1798.00 payment_method=UPI status=SUCCESS response_ms=175 region=South
2026-09-15T21:46:39.115+05:30 INFO  [cart-service] txn_id=TXN-100390 customer_id=C10614 action=addtocart product_id=NM-3004 qty=3 status=SUCCESS response_ms=154
2026-09-15T21:51:27.027+05:30 INFO  [cart-service] txn_id=TXN-100391 customer_id=C10229 action=addtocart product_id=NM-1002 qty=1 status=SUCCESS response_ms=76
2026-09-15T21:52:10.181+05:30 INFO  [order-service] txn_id=TXN-100392 customer_id=C10229 action=checkout order_id=ORD-550119 product_id=NM-1002 qty=1 amount=2499.00 payment_method=UPI status=SUCCESS response_ms=181 region=East
2026-09-15T21:55:34.058+05:30 INFO  [cart-service] txn_id=TXN-100405 customer_id=C10373 action=addtocart product_id=NM-3004 qty=1 status=SUCCESS response_ms=157
2026-09-15T21:57:44.080+05:30 INFO  [cart-service] txn_id=TXN-100398 customer_id=C10072 action=addtocart product_id=NM-2002 qty=1 status=SUCCESS response_ms=128
2026-09-15T22:00:02.000+05:30 INFO  [platform] Heartbeat OK services=5 jvm_heap_used_pct=44
2026-09-15T22:07:23.259+05:30 INFO  [cart-service] txn_id=TXN-100416 customer_id=C10315 action=addtocart product_id=NM-2004 qty=1 status=SUCCESS response_ms=142
2026-09-15T22:10:49.173+05:30 INFO  [cart-service] txn_id=TXN-100407 customer_id=C10125 action=addtocart product_id=NM-2003 qty=1 status=SUCCESS response_ms=120
2026-09-15T22:17:11.282+05:30 INFO  [cart-service] txn_id=TXN-100418 customer_id=C10098 action=addtocart product_id=NM-3001 qty=1 status=SUCCESS response_ms=168
2026-09-15T22:21:13.000+05:30 WARN  [inventory-service] Low stock alert product_id=NM-2002 remaining=8 warehouse=WH-DEL
2026-09-15T22:22:46.108+05:30 INFO  [cart-service] txn_id=TXN-100417 customer_id=C10024 action=addtocart product_id=NM-3004 qty=1 status=SUCCESS response_ms=87
2026-09-15T22:27:31.175+05:30 INFO  [auth-service] txn_id=TXN-100412 customer_id=C10040 action=login status=SUCCESS response_ms=149
2026-09-15T22:28:10.035+05:30 INFO  [cart-service] txn_id=TXN-100413 customer_id=C10040 action=addtocart product_id=NM-1003 qty=1 status=SUCCESS response_ms=101
2026-09-15T22:30:41.275+05:30 INFO  [cart-service] txn_id=TXN-100414 customer_id=C10405 action=addtocart product_id=NM-1001 qty=1 status=SUCCESS response_ms=47
2026-09-15T22:31:19.436+05:30 INFO  [order-service] txn_id=TXN-100415 customer_id=C10405 action=checkout order_id=ORD-550126 product_id=NM-1001 qty=1 amount=18999.00 payment_method=NETBANKING status=SUCCESS response_ms=436 region=West
2026-09-15T22:32:22.098+05:30 INFO  [cart-service] txn_id=TXN-100410 customer_id=C10647 action=addtocart product_id=NM-2003 qty=1 status=SUCCESS response_ms=38
2026-09-15T22:33:33.175+05:30 INFO  [order-service] txn_id=TXN-100411 customer_id=C10647 action=checkout order_id=ORD-550125 product_id=NM-2003 qty=1 amount=2999.00 payment_method=COD status=SUCCESS response_ms=175 region=North
2026-09-15T22:34:22.196+05:30 INFO  [cart-service] txn_id=TXN-100419 customer_id=C10230 action=addtocart product_id=NM-1005 qty=1 status=SUCCESS response_ms=136
2026-09-15T22:35:23.137+05:30 INFO  [order-service] txn_id=TXN-100420 customer_id=C10230 action=checkout order_id=ORD-550127 product_id=NM-1005 qty=1 amount=4999.00 payment_method=COD status=SUCCESS response_ms=137 region=North
2026-09-15T22:35:48.244+05:30 INFO  [cart-service] txn_id=TXN-100408 customer_id=C10252 action=addtocart product_id=NM-2003 qty=2 status=SUCCESS response_ms=46
2026-09-15T22:37:24.025+05:30 INFO  [cart-service] txn_id=TXN-100406 customer_id=C10624 action=addtocart product_id=NM-1001 qty=1 status=SUCCESS response_ms=178
2026-09-15T22:37:41.472+05:30 INFO  [order-service] txn_id=TXN-100409 customer_id=C10252 action=checkout order_id=ORD-550124 product_id=NM-2003 qty=2 amount=5998.00 payment_method=UPI status=SUCCESS response_ms=472 region=South
2026-09-15T23:00:02.000+05:30 INFO  [platform] Heartbeat OK services=5 jvm_heap_used_pct=68
2026-09-15T23:11:50.079+05:30 INFO  [auth-service] txn_id=TXN-100423 customer_id=C10030 action=login status=SUCCESS response_ms=208
2026-09-15T23:11:58.064+05:30 INFO  [cart-service] txn_id=TXN-100424 customer_id=C10030 action=addtocart product_id=NM-2002 qty=1 status=SUCCESS response_ms=130
2026-09-15T23:13:53.355+05:30 INFO  [order-service] txn_id=TXN-100425 customer_id=C10030 action=checkout order_id=ORD-550129 product_id=NM-2002 qty=1 amount=1899.00 payment_method=CARD status=SUCCESS response_ms=355 region=South
2026-09-15T23:33:59.126+05:30 INFO  [cart-service] txn_id=TXN-100421 customer_id=C10464 action=addtocart product_id=NM-1004 qty=1 status=SUCCESS response_ms=119
2026-09-15T23:35:36.128+05:30 INFO  [order-service] txn_id=TXN-100422 customer_id=C10464 action=checkout order_id=ORD-550128 product_id=NM-1004 qty=1 amount=27999.00 payment_method=CARD status=SUCCESS response_ms=128 region=North
2026-09-15T23:49:34.203+05:30 INFO  [auth-service] txn_id=TXN-100426 customer_id=C10596 action=login status=SUCCESS response_ms=190
2026-09-15T23:49:57.162+05:30 INFO  [cart-service] txn_id=TXN-100427 customer_id=C10596 action=addtocart product_id=NM-3001 qty=2 status=SUCCESS response_ms=137
2026-09-15T23:52:54.249+05:30 INFO  [cart-service] txn_id=TXN-100428 customer_id=C10350 action=addtocart product_id=NM-1001 qty=2 status=SUCCESS response_ms=87
2026-09-15T23:54:02.154+05:30 INFO  [order-service] txn_id=TXN-100429 customer_id=C10350 action=checkout order_id=ORD-550130 product_id=NM-1001 qty=2 amount=37998.00 payment_method=UPI status=SUCCESS response_ms=154 region=North
2026-09-16T00:00:00.000+05:30 INFO  [platform] Heartbeat OK services=5 jvm_heap_used_pct=48
2026-09-16T00:05:13.029+05:30 INFO  [cart-service] txn_id=TXN-100430 customer_id=C10539 action=addtocart product_id=NM-3001 qty=1 status=SUCCESS response_ms=40
2026-09-16T00:06:23.352+05:30 INFO  [order-service] txn_id=TXN-100431 customer_id=C10539 action=checkout order_id=ORD-550131 product_id=NM-3001 qty=1 amount=3499.00 payment_method=COD status=SUCCESS response_ms=352 region=North
2026-09-16T00:16:48.039+05:30 INFO  [cart-service] txn_id=TXN-100432 customer_id=C10142 action=addtocart product_id=NM-1003 qty=1 status=SUCCESS response_ms=36
2026-09-16T00:27:40.000+05:30 WARN  [inventory-service] Low stock alert product_id=NM-6001 remaining=2 warehouse=WH-DEL
2026-09-16T01:00:01.000+05:30 INFO  [platform] Heartbeat OK services=5 jvm_heap_used_pct=61
2026-09-16T01:27:31.049+05:30 INFO  [cart-service] txn_id=TXN-100433 customer_id=C10632 action=addtocart product_id=NM-6001 qty=1 status=SUCCESS response_ms=68
2026-09-16T01:34:32.000+05:30 WARN  [inventory-service] Low stock alert product_id=NM-2004 remaining=5 warehouse=WH-MUM
2026-09-16T02:00:00.000+05:30 INFO  [platform] Heartbeat OK services=5 jvm_heap_used_pct=58
2026-09-16T03:00:02.000+05:30 INFO  [platform] Heartbeat OK services=5 jvm_heap_used_pct=53
2026-09-16T03:51:26.132+05:30 INFO  [cart-service] txn_id=TXN-100434 customer_id=C10302 action=addtocart product_id=NM-6002 qty=1 status=SUCCESS response_ms=52
2026-09-16T03:51:55.130+05:30 INFO  [order-service] txn_id=TXN-100435 customer_id=C10302 action=checkout order_id=ORD-550132 product_id=NM-6002 qty=1 amount=799.00 payment_method=UPI status=SUCCESS response_ms=130 region=South
2026-09-16T04:00:02.000+05:30 INFO  [platform] Heartbeat OK services=5 jvm_heap_used_pct=70
2026-09-16T04:00:57.000+05:30 WARN  [inventory-service] Low stock alert product_id=NM-1004 remaining=8 warehouse=WH-DEL
2026-09-16T04:05:31.000+05:30 WARN  [inventory-service] Low stock alert product_id=NM-1001 remaining=8 warehouse=WH-DEL
2026-09-16T05:00:02.000+05:30 INFO  [platform] Heartbeat OK services=5 jvm_heap_used_pct=39
2026-09-16T05:37:45.267+05:30 INFO  [auth-service] txn_id=TXN-100436 customer_id=C10330 action=login status=SUCCESS response_ms=60
2026-09-16T05:37:49.157+05:30 INFO  [cart-service] txn_id=TXN-100437 customer_id=C10330 action=addtocart product_id=NM-3002 qty=1 status=SUCCESS response_ms=175
2026-09-16T05:38:22.310+05:30 INFO  [order-service] txn_id=TXN-100438 customer_id=C10330 action=checkout order_id=ORD-550133 product_id=NM-3002 qty=1 amount=5999.00 payment_method=UPI status=SUCCESS response_ms=310 region=East
2026-09-16T06:00:01.000+05:30 INFO  [platform] Heartbeat OK services=5 jvm_heap_used_pct=54
2026-09-16T06:14:12.166+05:30 INFO  [cart-service] txn_id=TXN-100439 customer_id=C10461 action=addtocart product_id=NM-1005 qty=1 status=SUCCESS response_ms=80
2026-09-16T06:34:07.000+05:30 WARN  [inventory-service] Low stock alert product_id=NM-4001 remaining=4 warehouse=WH-BLR
2026-09-16T07:00:00.000+05:30 INFO  [platform] Heartbeat OK services=5 jvm_heap_used_pct=43
2026-09-16T07:05:14.240+05:30 INFO  [cart-service] txn_id=TXN-100440 customer_id=C10269 action=addtocart product_id=NM-6002 qty=1 status=SUCCESS response_ms=102
2026-09-16T07:16:06.091+05:30 INFO  [cart-service] txn_id=TXN-100441 customer_id=C10262 action=addtocart product_id=NM-2003 qty=1 status=SUCCESS response_ms=123
2026-09-16T07:17:23.212+05:30 INFO  [order-service] txn_id=TXN-100442 customer_id=C10262 action=checkout order_id=ORD-550134 product_id=NM-2003 qty=1 amount=2999.00 payment_method=UPI status=SUCCESS response_ms=212 region=South
2026-09-16T07:51:54.138+05:30 INFO  [cart-service] txn_id=TXN-100443 customer_id=C10484 action=addtocart product_id=NM-1002 qty=1 status=SUCCESS response_ms=44
2026-09-16T07:53:05.323+05:30 INFO  [order-service] txn_id=TXN-100444 customer_id=C10484 action=checkout order_id=ORD-550135 product_id=NM-1002 qty=1 amount=2499.00 payment_method=CARD status=SUCCESS response_ms=323 region=South
2026-09-16T08:00:01.000+05:30 INFO  [platform] Heartbeat OK services=5 jvm_heap_used_pct=69
2026-09-16T08:05:59.299+05:30 INFO  [cart-service] txn_id=TXN-100450 customer_id=C10078 action=addtocart product_id=NM-3001 qty=1 status=SUCCESS response_ms=153
2026-09-16T08:07:05.186+05:30 WARN  [order-service] txn_id=TXN-100451 customer_id=C10078 action=checkout order_id=ORD-550138 product_id=NM-3001 qty=1 amount=3499.00 payment_method=UPI status=DECLINED error_code=PAY_DECLINED response_ms=186 region=North
2026-09-16T08:45:12.227+05:30 INFO  [cart-service] txn_id=TXN-100449 customer_id=C10209 action=addtocart product_id=NM-2001 qty=2 status=SUCCESS response_ms=59
2026-09-16T08:45:56.039+05:30 INFO  [cart-service] txn_id=TXN-100447 customer_id=C10379 action=addtocart product_id=NM-3001 qty=1 status=SUCCESS response_ms=172
2026-09-16T08:47:19.261+05:30 INFO  [order-service] txn_id=TXN-100448 customer_id=C10379 action=checkout order_id=ORD-550137 product_id=NM-3001 qty=1 amount=3499.00 payment_method=CARD status=SUCCESS response_ms=261 region=South
2026-09-16T08:47:48.000+05:30 WARN  [inventory-service] Low stock alert product_id=NM-5001 remaining=6 warehouse=WH-DEL
2026-09-16T08:51:13.214+05:30 INFO  [cart-service] txn_id=TXN-100445 customer_id=C10065 action=addtocart product_id=NM-1002 qty=1 status=SUCCESS response_ms=35
2026-09-16T08:52:24.474+05:30 INFO  [order-service] txn_id=TXN-100446 customer_id=C10065 action=checkout order_id=ORD-550136 product_id=NM-1002 qty=1 amount=2499.00 payment_method=WALLET status=SUCCESS response_ms=474 region=East
2026-09-16T09:00:02.000+05:30 INFO  [platform] Heartbeat OK services=5 jvm_heap_used_pct=70
2026-09-16T09:13:21.115+05:30 INFO  [cart-service] txn_id=TXN-100452 customer_id=C10042 action=addtocart product_id=NM-6001 qty=3 status=SUCCESS response_ms=33
2026-09-16T09:46:32.235+05:30 INFO  [cart-service] txn_id=TXN-100453 customer_id=C10588 action=addtocart product_id=NM-3003 qty=1 status=SUCCESS response_ms=118
2026-09-16T09:48:40.288+05:30 INFO  [order-service] txn_id=TXN-100454 customer_id=C10588 action=checkout order_id=ORD-550139 product_id=NM-3003 qty=1 amount=1199.00 payment_method=NETBANKING status=SUCCESS response_ms=288 region=North
2026-09-16T10:00:00.000+05:30 INFO  [platform] Heartbeat OK services=5 jvm_heap_used_pct=42
2026-09-16T10:09:20.000+05:30 WARN  [inventory-service] Low stock alert product_id=NM-2001 remaining=5 warehouse=WH-BLR
2026-09-16T10:19:58.155+05:30 INFO  [cart-service] txn_id=TXN-100458 customer_id=C10175 action=addtocart product_id=NM-5001 qty=1 status=SUCCESS response_ms=113
2026-09-16T10:25:56.224+05:30 INFO  [cart-service] txn_id=TXN-100461 customer_id=C10548 action=addtocart product_id=NM-1001 qty=1 status=SUCCESS response_ms=176
2026-09-16T10:36:03.074+05:30 INFO  [auth-service] txn_id=TXN-100459 customer_id=C10403 action=login status=SUCCESS response_ms=122
2026-09-16T10:36:41.197+05:30 INFO  [cart-service] txn_id=TXN-100460 customer_id=C10403 action=addtocart product_id=NM-1004 qty=1 status=SUCCESS response_ms=52
2026-09-16T10:37:32.000+05:30 ERROR [search-service] Elasticsearch query failed: connection reset by peer (node=es-data-02)
2026-09-16T10:42:40.200+05:30 INFO  [cart-service] txn_id=TXN-100462 customer_id=C10288 action=addtocart product_id=NM-3002 qty=1 status=SUCCESS response_ms=33
2026-09-16T10:43:44.163+05:30 INFO  [order-service] txn_id=TXN-100463 customer_id=C10288 action=checkout order_id=ORD-550141 product_id=NM-3002 qty=1 amount=5999.00 payment_method=UPI status=SUCCESS response_ms=163 region=West
2026-09-16T10:52:00.167+05:30 INFO  [cart-service] txn_id=TXN-100455 customer_id=C10223 action=addtocart product_id=NM-5001 qty=1 status=SUCCESS response_ms=64
2026-09-16T10:52:59.144+05:30 INFO  [order-service] txn_id=TXN-100456 customer_id=C10223 action=checkout order_id=ORD-550140 product_id=NM-5001 qty=1 amount=1299.00 payment_method=UPI status=SUCCESS response_ms=144 region=West
2026-09-16T10:59:07.109+05:30 INFO  [cart-service] txn_id=TXN-100457 customer_id=C10002 action=addtocart product_id=NM-1004 qty=1 status=SUCCESS response_ms=57
2026-09-16T11:00:01.000+05:30 INFO  [platform] Heartbeat OK services=5 jvm_heap_used_pct=71
2026-09-16T11:08:36.021+05:30 INFO  [cart-service] txn_id=TXN-100466 customer_id=C10580 action=addtocart product_id=NM-1001 qty=1 status=SUCCESS response_ms=58
2026-09-16T11:10:09.264+05:30 INFO  [order-service] txn_id=TXN-100467 customer_id=C10580 action=checkout order_id=ORD-550142 product_id=NM-1001 qty=1 amount=18999.00 payment_method=WALLET status=SUCCESS response_ms=264 region=South
2026-09-16T11:11:48.213+05:30 INFO  [cart-service] txn_id=TXN-100464 customer_id=C10601 action=addtocart product_id=NM-1003 qty=1 status=SUCCESS response_ms=93
2026-09-16T11:16:58.082+05:30 INFO  [cart-service] txn_id=TXN-100470 customer_id=C10046 action=addtocart product_id=NM-6002 qty=1 status=SUCCESS response_ms=168
2026-09-16T11:18:30.276+05:30 INFO  [order-service] txn_id=TXN-100471 customer_id=C10046 action=checkout order_id=ORD-550144 product_id=NM-6002 qty=1 amount=799.00 payment_method=CARD status=SUCCESS response_ms=276 region=East
2026-09-16T11:32:56.156+05:30 INFO  [cart-service] txn_id=TXN-100468 customer_id=C10343 action=addtocart product_id=NM-1001 qty=1 status=SUCCESS response_ms=37
2026-09-16T11:33:55.472+05:30 INFO  [order-service] txn_id=TXN-100469 customer_id=C10343 action=checkout order_id=ORD-550143 product_id=NM-1001 qty=1 amount=18999.00 payment_method=CARD status=SUCCESS response_ms=472 region=North
2026-09-16T11:40:31.192+05:30 INFO  [cart-service] txn_id=TXN-100465 customer_id=C10114 action=addtocart product_id=NM-6001 qty=1 status=SUCCESS response_ms=122
2026-09-16T12:00:00.000+05:30 INFO  [platform] Heartbeat OK services=5 jvm_heap_used_pct=48
2026-09-16T12:12:11.098+05:30 INFO  [cart-service] txn_id=TXN-100472 customer_id=C10140 action=addtocart product_id=NM-6001 qty=1 status=SUCCESS response_ms=34
2026-09-16T12:13:21.339+05:30 INFO  [order-service] txn_id=TXN-100473 customer_id=C10140 action=checkout order_id=ORD-550145 product_id=NM-6001 qty=1 amount=349.00 payment_method=NETBANKING status=SUCCESS response_ms=339 region=East
2026-09-16T12:17:38.226+05:30 INFO  [cart-service] txn_id=TXN-100477 customer_id=C10352 action=addtocart product_id=NM-1003 qty=1 status=SUCCESS response_ms=122
2026-09-16T12:19:28.208+05:30 INFO  [order-service] txn_id=TXN-100478 customer_id=C10352 action=checkout order_id=ORD-550146 product_id=NM-1003 qty=1 amount=1799.00 payment_method=UPI status=SUCCESS response_ms=208 region=North
2026-09-16T12:22:20.248+05:30 INFO  [cart-service] txn_id=TXN-100479 customer_id=C10596 action=addtocart product_id=NM-1002 qty=1 status=SUCCESS response_ms=103
2026-09-16T12:23:32.151+05:30 INFO  [order-service] txn_id=TXN-100480 customer_id=C10596 action=checkout order_id=ORD-550147 product_id=NM-1002 qty=1 amount=2499.00 payment_method=UPI status=SUCCESS response_ms=151 region=North
2026-09-16T12:29:51.289+05:30 INFO  [cart-service] txn_id=TXN-100475 customer_id=C10400 action=addtocart product_id=NM-3004 qty=1 status=SUCCESS response_ms=88
2026-09-16T12:35:29.288+05:30 INFO  [cart-service] txn_id=TXN-100476 customer_id=C10396 action=addtocart product_id=NM-6002 qty=1 status=SUCCESS response_ms=133
2026-09-16T12:44:13.104+05:30 INFO  [cart-service] txn_id=TXN-100474 customer_id=C10119 action=addtocart product_id=NM-5001 qty=1 status=SUCCESS response_ms=176
2026-09-16T12:56:37.000+05:30 ERROR [search-service] Elasticsearch query failed: connection reset by peer (node=es-data-02)
2026-09-16T13:00:02.000+05:30 INFO  [platform] Heartbeat OK services=5 jvm_heap_used_pct=64
2026-09-16T13:06:34.159+05:30 INFO  [cart-service] txn_id=TXN-100493 customer_id=C10191 action=addtocart product_id=NM-5002 qty=1 status=SUCCESS response_ms=167
2026-09-16T13:06:56.071+05:30 INFO  [cart-service] txn_id=TXN-100488 customer_id=C10286 action=addtocart product_id=NM-2002 qty=1 status=SUCCESS response_ms=40
2026-09-16T13:08:03.339+05:30 INFO  [order-service] txn_id=TXN-100489 customer_id=C10286 action=checkout order_id=ORD-550151 product_id=NM-2002 qty=1 amount=1899.00 payment_method=NETBANKING status=SUCCESS response_ms=339 region=South
2026-09-16T13:08:11.236+05:30 INFO  [order-service] txn_id=TXN-100494 customer_id=C10191 action=checkout order_id=ORD-550152 product_id=NM-5002 qty=1 amount=3999.00 payment_method=UPI status=SUCCESS response_ms=236 region=South
2026-09-16T13:35:09.189+05:30 INFO  [cart-service] txn_id=TXN-100486 customer_id=C10412 action=addtocart product_id=NM-6001 qty=1 status=SUCCESS response_ms=142
2026-09-16T13:36:32.258+05:30 INFO  [order-service] txn_id=TXN-100487 customer_id=C10412 action=checkout order_id=ORD-550150 product_id=NM-6001 qty=1 amount=349.00 payment_method=UPI status=SUCCESS response_ms=258 region=West
2026-09-16T13:38:04.000+05:30 WARN  [inventory-service] Low stock alert product_id=NM-5001 remaining=3 warehouse=WH-BLR
2026-09-16T13:38:55.104+05:30 INFO  [cart-service] txn_id=TXN-100484 customer_id=C10010 action=addtocart product_id=NM-2003 qty=2 status=SUCCESS response_ms=94
2026-09-16T13:39:05.218+05:30 INFO  [auth-service] txn_id=TXN-100481 customer_id=C10455 action=login status=SUCCESS response_ms=45
2026-09-16T13:39:22.277+05:30 INFO  [cart-service] txn_id=TXN-100482 customer_id=C10455 action=addtocart product_id=NM-1005 qty=1 status=SUCCESS response_ms=102
2026-09-16T13:39:58.377+05:30 INFO  [order-service] txn_id=TXN-100483 customer_id=C10455 action=checkout order_id=ORD-550148 product_id=NM-1005 qty=1 amount=4999.00 payment_method=CARD status=SUCCESS response_ms=377 region=North
2026-09-16T13:40:12.360+05:30 INFO  [order-service] txn_id=TXN-100485 customer_id=C10010 action=checkout order_id=ORD-550149 product_id=NM-2003 qty=2 amount=5998.00 payment_method=NETBANKING status=SUCCESS response_ms=360 region=North
2026-09-16T13:48:25.165+05:30 INFO  [auth-service] txn_id=TXN-100491 customer_id=C10429 action=login status=SUCCESS response_ms=75
2026-09-16T13:48:49.136+05:30 INFO  [cart-service] txn_id=TXN-100492 customer_id=C10429 action=addtocart product_id=NM-5001 qty=1 status=SUCCESS response_ms=31
2026-09-16T13:59:23.042+05:30 INFO  [cart-service] txn_id=TXN-100490 customer_id=C10057 action=addtocart product_id=NM-2002 qty=1 status=SUCCESS response_ms=121
2026-09-16T14:00:02.000+05:30 INFO  [platform] Heartbeat OK services=5 jvm_heap_used_pct=69
2026-09-16T14:04:22.091+05:30 INFO  [cart-service] txn_id=TXN-100502 customer_id=C10246 action=addtocart product_id=NM-1002 qty=1 status=SUCCESS response_ms=51
2026-09-16T14:05:00.000+05:30 ERROR [search-service] Elasticsearch query failed: connection reset by peer (node=es-data-02)
2026-09-16T14:05:42.163+05:30 INFO  [cart-service] txn_id=TXN-100495 customer_id=C10178 action=addtocart product_id=NM-5001 qty=1 status=SUCCESS response_ms=164
2026-09-16T14:06:09.216+05:30 INFO  [order-service] txn_id=TXN-100503 customer_id=C10246 action=checkout order_id=ORD-550154 product_id=NM-1002 qty=1 amount=2499.00 payment_method=UPI status=SUCCESS response_ms=216 region=North
2026-09-16T14:06:54.279+05:30 INFO  [order-service] txn_id=TXN-100496 customer_id=C10178 action=checkout order_id=ORD-550153 product_id=NM-5001 qty=1 amount=1299.00 payment_method=UPI status=SUCCESS response_ms=279 region=South
2026-09-16T14:17:19.141+05:30 INFO  [cart-service] txn_id=TXN-100504 customer_id=C10264 action=addtocart product_id=NM-5001 qty=3 status=SUCCESS response_ms=130
2026-09-16T14:18:26.403+05:30 INFO  [order-service] txn_id=TXN-100505 customer_id=C10264 action=checkout order_id=ORD-550155 product_id=NM-5001 qty=3 amount=3897.00 payment_method=CARD status=SUCCESS response_ms=403 region=South
2026-09-16T14:19:11.227+05:30 INFO  [cart-service] txn_id=TXN-100497 customer_id=C10637 action=addtocart product_id=NM-6001 qty=1 status=SUCCESS response_ms=66
2026-09-16T14:44:38.280+05:30 INFO  [cart-service] txn_id=TXN-100501 customer_id=C10521 action=addtocart product_id=NM-1001 qty=1 status=SUCCESS response_ms=68
2026-09-16T14:49:58.257+05:30 INFO  [cart-service] txn_id=TXN-100500 customer_id=C10130 action=addtocart product_id=NM-2001 qty=1 status=SUCCESS response_ms=48
2026-09-16T14:51:31.147+05:30 INFO  [auth-service] txn_id=TXN-100498 customer_id=C10530 action=login status=SUCCESS response_ms=138
2026-09-16T14:51:42.081+05:30 INFO  [cart-service] txn_id=TXN-100499 customer_id=C10530 action=addtocart product_id=NM-3002 qty=1 status=SUCCESS response_ms=110
2026-09-16T14:58:37.028+05:30 INFO  [cart-service] txn_id=TXN-100506 customer_id=C10337 action=addtocart product_id=NM-1002 qty=2 status=SUCCESS response_ms=109
2026-09-16T14:59:26.225+05:30 INFO  [order-service] txn_id=TXN-100507 customer_id=C10337 action=checkout order_id=ORD-550156 product_id=NM-1002 qty=2 amount=4998.00 payment_method=COD status=SUCCESS response_ms=225 region=West
2026-09-16T15:00:00.000+05:30 INFO  [platform] Heartbeat OK services=5 jvm_heap_used_pct=39
2026-09-16T15:02:03.147+05:30 INFO  [cart-service] txn_id=TXN-100514 customer_id=C10038 action=addtocart product_id=NM-1003 qty=1 status=SUCCESS response_ms=45
2026-09-16T15:02:40.249+05:30 INFO  [auth-service] txn_id=TXN-100515 customer_id=C10157 action=login status=SUCCESS response_ms=152
2026-09-16T15:02:55.129+05:30 INFO  [cart-service] txn_id=TXN-100516 customer_id=C10157 action=addtocart product_id=NM-3004 qty=1 status=SUCCESS response_ms=62
2026-09-16T15:03:28.174+05:30 INFO  [cart-service] txn_id=TXN-100508 customer_id=C10532 action=addtocart product_id=NM-1001 qty=1 status=SUCCESS response_ms=138
2026-09-16T15:03:45.000+05:30 WARN  [inventory-service] Low stock alert product_id=NM-3003 remaining=7 warehouse=WH-BLR
2026-09-16T15:04:13.395+05:30 INFO  [order-service] txn_id=TXN-100517 customer_id=C10157 action=checkout order_id=ORD-550158 product_id=NM-3004 qty=1 amount=599.00 payment_method=CARD status=SUCCESS response_ms=395 region=East
2026-09-16T15:07:04.286+05:30 INFO  [cart-service] txn_id=TXN-100519 customer_id=C10247 action=addtocart product_id=NM-5001 qty=1 status=SUCCESS response_ms=159
2026-09-16T15:07:37.411+05:30 INFO  [order-service] txn_id=TXN-100520 customer_id=C10247 action=checkout order_id=ORD-550159 product_id=NM-5001 qty=1 amount=1299.00 payment_method=UPI status=SUCCESS response_ms=411 region=North
2026-09-16T15:09:16.241+05:30 INFO  [auth-service] txn_id=TXN-100512 customer_id=C10202 action=login status=SUCCESS response_ms=92
2026-09-16T15:09:25.218+05:30 INFO  [cart-service] txn_id=TXN-100518 customer_id=C10023 action=addtocart product_id=NM-3004 qty=2 status=SUCCESS response_ms=52
2026-09-16T15:09:28.089+05:30 INFO  [cart-service] txn_id=TXN-100513 customer_id=C10202 action=addtocart product_id=NM-1002 qty=1 status=SUCCESS response_ms=96
2026-09-16T15:46:00.163+05:30 INFO  [auth-service] txn_id=TXN-100509 customer_id=C10571 action=login status=SUCCESS response_ms=81
2026-09-16T15:46:19.166+05:30 INFO  [cart-service] txn_id=TXN-100510 customer_id=C10571 action=addtocart product_id=NM-6001 qty=1 status=SUCCESS response_ms=31
2026-09-16T15:47:25.270+05:30 INFO  [order-service] txn_id=TXN-100511 customer_id=C10571 action=checkout order_id=ORD-550157 product_id=NM-6001 qty=1 amount=349.00 payment_method=UPI status=SUCCESS response_ms=270 region=South
2026-09-16T16:00:01.000+05:30 INFO  [platform] Heartbeat OK services=5 jvm_heap_used_pct=39
2026-09-16T16:16:32.292+05:30 INFO  [auth-service] txn_id=TXN-100524 customer_id=C10004 action=login status=SUCCESS response_ms=71
2026-09-16T16:16:35.049+05:30 INFO  [cart-service] txn_id=TXN-100525 customer_id=C10004 action=addtocart product_id=NM-4001 qty=1 status=SUCCESS response_ms=75
2026-09-16T16:18:02.411+05:30 INFO  [order-service] txn_id=TXN-100526 customer_id=C10004 action=checkout order_id=ORD-550161 product_id=NM-4001 qty=1 amount=899.00 payment_method=UPI status=SUCCESS response_ms=411 region=West
2026-09-16T16:22:27.195+05:30 INFO  [cart-service] txn_id=TXN-100534 customer_id=C10137 action=addtocart product_id=NM-1004 qty=1 status=SUCCESS response_ms=96
2026-09-16T16:23:15.432+05:30 INFO  [order-service] txn_id=TXN-100535 customer_id=C10137 action=checkout order_id=ORD-550165 product_id=NM-1004 qty=1 amount=27999.00 payment_method=COD status=SUCCESS response_ms=432 region=South
2026-09-16T16:27:05.000+05:30 WARN  [inventory-service] Low stock alert product_id=NM-1005 remaining=5 warehouse=WH-DEL
2026-09-16T16:28:38.128+05:30 INFO  [cart-service] txn_id=TXN-100532 customer_id=C10514 action=addtocart product_id=NM-5001 qty=2 status=SUCCESS response_ms=69
2026-09-16T16:29:59.337+05:30 INFO  [order-service] txn_id=TXN-100533 customer_id=C10514 action=checkout order_id=ORD-550164 product_id=NM-5001 qty=2 amount=2598.00 payment_method=CARD status=SUCCESS response_ms=337 region=East
2026-09-16T16:34:33.273+05:30 INFO  [cart-service] txn_id=TXN-100530 customer_id=C10416 action=addtocart product_id=NM-6002 qty=1 status=SUCCESS response_ms=73
2026-09-16T16:35:54.252+05:30 INFO  [order-service] txn_id=TXN-100531 customer_id=C10416 action=checkout order_id=ORD-550163 product_id=NM-6002 qty=1 amount=799.00 payment_method=UPI status=SUCCESS response_ms=252 region=South
2026-09-16T16:36:31.121+05:30 INFO  [auth-service] txn_id=TXN-100521 customer_id=C10645 action=login status=SUCCESS response_ms=147
2026-09-16T16:36:43.071+05:30 INFO  [cart-service] txn_id=TXN-100522 customer_id=C10645 action=addtocart product_id=NM-2002 qty=1 status=SUCCESS response_ms=53
2026-09-16T16:37:49.243+05:30 INFO  [order-service] txn_id=TXN-100523 customer_id=C10645 action=checkout order_id=ORD-550160 product_id=NM-2002 qty=1 amount=1899.00 payment_method=UPI status=SUCCESS response_ms=243 region=North
2026-09-16T16:38:12.042+05:30 INFO  [auth-service] txn_id=TXN-100527 customer_id=C10617 action=login status=SUCCESS response_ms=108
2026-09-16T16:38:20.168+05:30 INFO  [cart-service] txn_id=TXN-100528 customer_id=C10617 action=addtocart product_id=NM-3003 qty=1 status=SUCCESS response_ms=34
2026-09-16T16:39:45.446+05:30 INFO  [order-service] txn_id=TXN-100529 customer_id=C10617 action=checkout order_id=ORD-550162 product_id=NM-3003 qty=1 amount=1199.00 payment_method=UPI status=SUCCESS response_ms=446 region=West
2026-09-16T17:00:01.000+05:30 INFO  [platform] Heartbeat OK services=5 jvm_heap_used_pct=51
2026-09-16T17:10:39.000+05:30 WARN  [inventory-service] Low stock alert product_id=NM-6001 remaining=9 warehouse=WH-DEL
2026-09-16T17:14:25.219+05:30 INFO  [cart-service] txn_id=TXN-100543 customer_id=C10078 action=addtocart product_id=NM-4002 qty=1 status=SUCCESS response_ms=129
2026-09-16T17:18:23.084+05:30 INFO  [cart-service] txn_id=TXN-100538 customer_id=C10404 action=addtocart product_id=NM-1003 qty=1 status=SUCCESS response_ms=31
2026-09-16T17:29:31.275+05:30 INFO  [auth-service] txn_id=TXN-100541 customer_id=C10230 action=login status=SUCCESS response_ms=145
2026-09-16T17:30:09.185+05:30 INFO  [cart-service] txn_id=TXN-100542 customer_id=C10230 action=addtocart product_id=NM-5003 qty=1 status=SUCCESS response_ms=45
2026-09-16T17:39:31.039+05:30 INFO  [cart-service] txn_id=TXN-100544 customer_id=C10471 action=addtocart product_id=NM-3004 qty=2 status=SUCCESS response_ms=82
2026-09-16T17:40:50.376+05:30 INFO  [order-service] txn_id=TXN-100545 customer_id=C10471 action=checkout order_id=ORD-550168 product_id=NM-3004 qty=2 amount=1198.00 payment_method=UPI status=SUCCESS response_ms=376 region=West
2026-09-16T17:47:20.203+05:30 INFO  [cart-service] txn_id=TXN-100539 customer_id=C10407 action=addtocart product_id=NM-5001 qty=1 status=SUCCESS response_ms=39
2026-09-16T17:49:07.143+05:30 INFO  [order-service] txn_id=TXN-100540 customer_id=C10407 action=checkout order_id=ORD-550167 product_id=NM-5001 qty=1 amount=1299.00 payment_method=UPI status=SUCCESS response_ms=143 region=West
2026-09-16T17:56:53.229+05:30 INFO  [cart-service] txn_id=TXN-100536 customer_id=C10120 action=addtocart product_id=NM-6002 qty=3 status=SUCCESS response_ms=117
2026-09-16T17:58:26.287+05:30 INFO  [order-service] txn_id=TXN-100537 customer_id=C10120 action=checkout order_id=ORD-550166 product_id=NM-6002 qty=3 amount=2397.00 payment_method=COD status=SUCCESS response_ms=287 region=East
2026-09-16T18:00:00.000+05:30 INFO  [platform] Heartbeat OK services=5 jvm_heap_used_pct=71
2026-09-16T18:04:03.080+05:30 INFO  [auth-service] txn_id=TXN-100561 customer_id=C10212 action=login status=SUCCESS response_ms=47
2026-09-16T18:04:12.058+05:30 INFO  [cart-service] txn_id=TXN-100562 customer_id=C10212 action=addtocart product_id=NM-1001 qty=3 status=SUCCESS response_ms=44
2026-09-16T18:04:24.283+05:30 INFO  [cart-service] txn_id=TXN-100554 customer_id=C10403 action=addtocart product_id=NM-6002 qty=2 status=SUCCESS response_ms=115
2026-09-16T18:05:00.357+05:30 INFO  [order-service] txn_id=TXN-100563 customer_id=C10212 action=checkout order_id=ORD-550173 product_id=NM-1001 qty=3 amount=56997.00 payment_method=UPI status=SUCCESS response_ms=357 region=East
2026-09-16T18:06:13.404+05:30 INFO  [order-service] txn_id=TXN-100555 customer_id=C10403 action=checkout order_id=ORD-550170 product_id=NM-6002 qty=2 amount=1598.00 payment_method=CARD status=SUCCESS response_ms=404 region=North
2026-09-16T18:08:52.000+05:30 WARN  [inventory-service] Low stock alert product_id=NM-3003 remaining=1 warehouse=WH-BLR
2026-09-16T18:10:48.250+05:30 INFO  [auth-service] txn_id=TXN-100556 customer_id=C10596 action=login status=SUCCESS response_ms=62
2026-09-16T18:11:21.083+05:30 INFO  [cart-service] txn_id=TXN-100557 customer_id=C10596 action=addtocart product_id=NM-6001 qty=1 status=SUCCESS response_ms=134
2026-09-16T18:12:35.000+05:30 ERROR [search-service] Elasticsearch query failed: connection reset by peer (node=es-data-02)
2026-09-16T18:12:39.225+05:30 INFO  [order-service] txn_id=TXN-100558 customer_id=C10596 action=checkout order_id=ORD-550171 product_id=NM-6001 qty=1 amount=349.00 payment_method=UPI status=SUCCESS response_ms=225 region=North
2026-09-16T18:13:54.134+05:30 INFO  [auth-service] txn_id=TXN-100546 customer_id=C10442 action=login status=SUCCESS response_ms=212
2026-09-16T18:14:28.202+05:30 INFO  [cart-service] txn_id=TXN-100547 customer_id=C10442 action=addtocart product_id=NM-6002 qty=1 status=SUCCESS response_ms=78
2026-09-16T18:34:07.100+05:30 INFO  [auth-service] txn_id=TXN-100550 customer_id=C10245 action=login status=SUCCESS response_ms=50
2026-09-16T18:34:09.031+05:30 INFO  [cart-service] txn_id=TXN-100559 customer_id=C10064 action=addtocart product_id=NM-3002 qty=2 status=SUCCESS response_ms=66
2026-09-16T18:34:44.216+05:30 INFO  [cart-service] txn_id=TXN-100551 customer_id=C10245 action=addtocart product_id=NM-1003 qty=1 status=SUCCESS response_ms=174
2026-09-16T18:35:55.300+05:30 WARN  [order-service] txn_id=TXN-100560 customer_id=C10064 action=checkout order_id=ORD-550172 product_id=NM-3002 qty=2 amount=11998.00 payment_method=UPI status=DECLINED error_code=PAY_DECLINED response_ms=300 region=South
2026-09-16T18:49:50.151+05:30 INFO  [auth-service] txn_id=TXN-100564 customer_id=C10351 action=login status=SUCCESS response_ms=199
2026-09-16T18:50:07.057+05:30 INFO  [cart-service] txn_id=TXN-100565 customer_id=C10351 action=addtocart product_id=NM-1002 qty=1 status=SUCCESS response_ms=159
2026-09-16T18:50:12.000+05:30 WARN  [inventory-service] Low stock alert product_id=NM-3003 remaining=3 warehouse=WH-BLR
2026-09-16T18:50:29.035+05:30 INFO  [cart-service] txn_id=TXN-100552 customer_id=C10486 action=addtocart product_id=NM-6002 qty=1 status=SUCCESS response_ms=100
2026-09-16T18:52:09.383+05:30 INFO  [order-service] txn_id=TXN-100553 customer_id=C10486 action=checkout order_id=ORD-550169 product_id=NM-6002 qty=1 amount=799.00 payment_method=UPI status=SUCCESS response_ms=383 region=East
2026-09-16T18:52:25.201+05:30 INFO  [auth-service] txn_id=TXN-100548 customer_id=C10542 action=login status=SUCCESS response_ms=154
2026-09-16T18:52:52.226+05:30 INFO  [cart-service] txn_id=TXN-100549 customer_id=C10542 action=addtocart product_id=NM-5002 qty=3 status=SUCCESS response_ms=113
2026-09-16T19:00:02.000+05:30 INFO  [platform] Heartbeat OK services=5 jvm_heap_used_pct=69
2026-09-16T19:16:23.085+05:30 INFO  [auth-service] txn_id=TXN-100566 customer_id=C10156 action=login status=SUCCESS response_ms=208
2026-09-16T19:16:45.085+05:30 INFO  [cart-service] txn_id=TXN-100567 customer_id=C10156 action=addtocart product_id=NM-2004 qty=1 status=SUCCESS response_ms=30
2026-09-16T19:17:47.035+05:30 INFO  [cart-service] txn_id=TXN-100571 customer_id=C10014 action=addtocart product_id=NM-6001 qty=1 status=SUCCESS response_ms=54
2026-09-16T19:18:19.470+05:30 INFO  [order-service] txn_id=TXN-100568 customer_id=C10156 action=checkout order_id=ORD-550174 product_id=NM-2004 qty=1 amount=2299.00 payment_method=UPI status=SUCCESS response_ms=470 region=North
2026-09-16T19:18:36.257+05:30 INFO  [cart-service] txn_id=TXN-100569 customer_id=C10255 action=addtocart product_id=NM-1005 qty=1 status=SUCCESS response_ms=126
2026-09-16T19:18:47.146+05:30 INFO  [order-service] txn_id=TXN-100572 customer_id=C10014 action=checkout order_id=ORD-550176 product_id=NM-6001 qty=1 amount=349.00 payment_method=CARD status=SUCCESS response_ms=146 region=South
2026-09-16T19:19:32.413+05:30 WARN  [order-service] txn_id=TXN-100570 customer_id=C10255 action=checkout order_id=ORD-550175 product_id=NM-1005 qty=1 amount=4999.00 payment_method=UPI status=DECLINED error_code=PAY_DECLINED response_ms=413 region=West
2026-09-16T19:25:10.296+05:30 INFO  [auth-service] txn_id=TXN-100573 customer_id=C10087 action=login status=SUCCESS response_ms=94
2026-09-16T19:25:31.074+05:30 INFO  [cart-service] txn_id=TXN-100574 customer_id=C10087 action=addtocart product_id=NM-1002 qty=2 status=SUCCESS response_ms=43
2026-09-16T19:26:38.294+05:30 INFO  [order-service] txn_id=TXN-100575 customer_id=C10087 action=checkout order_id=ORD-550177 product_id=NM-1002 qty=2 amount=4998.00 payment_method=WALLET status=SUCCESS response_ms=294 region=North
2026-09-16T19:34:41.215+05:30 INFO  [cart-service] txn_id=TXN-100581 customer_id=C10647 action=addtocart product_id=NM-3003 qty=3 status=SUCCESS response_ms=137
2026-09-16T19:35:31.208+05:30 INFO  [cart-service] txn_id=TXN-100579 customer_id=C10243 action=addtocart product_id=NM-1005 qty=1 status=SUCCESS response_ms=175
2026-09-16T19:37:20.181+05:30 INFO  [order-service] txn_id=TXN-100580 customer_id=C10243 action=checkout order_id=ORD-550179 product_id=NM-1005 qty=1 amount=4999.00 payment_method=CARD status=SUCCESS response_ms=181 region=West
2026-09-16T20:00:02.000+05:30 INFO  [platform] Heartbeat OK services=5 jvm_heap_used_pct=55
2026-09-16T20:01:11.258+05:30 INFO  [auth-service] txn_id=TXN-100576 customer_id=C10023 action=login status=SUCCESS response_ms=213
2026-09-16T20:01:35.202+05:30 INFO  [cart-service] txn_id=TXN-100589 customer_id=C10255 action=addtocart product_id=NM-1003 qty=1 status=SUCCESS response_ms=64
2026-09-16T20:01:38.117+05:30 INFO  [cart-service] txn_id=TXN-100577 customer_id=C10023 action=addtocart product_id=NM-6002 qty=1 status=SUCCESS response_ms=85
2026-09-16T20:02:42.184+05:30 INFO  [order-service] txn_id=TXN-100578 customer_id=C10023 action=checkout order_id=ORD-550178 product_id=NM-6002 qty=1 amount=799.00 payment_method=UPI status=SUCCESS response_ms=184 region=North
2026-09-16T20:03:04.450+05:30 WARN  [order-service] txn_id=TXN-100590 customer_id=C10255 action=checkout order_id=ORD-550182 product_id=NM-1003 qty=1 amount=1799.00 payment_method=NETBANKING status=DECLINED error_code=PAY_DECLINED response_ms=450 region=West
2026-09-16T20:17:26.095+05:30 INFO  [cart-service] txn_id=TXN-100594 customer_id=C10645 action=addtocart product_id=NM-4002 qty=2 status=SUCCESS response_ms=131
2026-09-16T20:18:25.238+05:30 INFO  [cart-service] txn_id=TXN-100586 customer_id=C10398 action=addtocart product_id=NM-3001 qty=1 status=SUCCESS response_ms=132
2026-09-16T20:18:39.141+05:30 INFO  [order-service] txn_id=TXN-100595 customer_id=C10645 action=checkout order_id=ORD-550184 product_id=NM-4002 qty=2 amount=798.00 payment_method=COD status=SUCCESS response_ms=141 region=North
2026-09-16T20:26:32.224+05:30 INFO  [auth-service] txn_id=TXN-100596 customer_id=C10024 action=login status=SUCCESS response_ms=81
2026-09-16T20:26:55.260+05:30 INFO  [cart-service] txn_id=TXN-100597 customer_id=C10024 action=addtocart product_id=NM-1005 qty=2 status=SUCCESS response_ms=171
2026-09-16T20:27:20.293+05:30 INFO  [order-service] txn_id=TXN-100598 customer_id=C10024 action=checkout order_id=ORD-550185 product_id=NM-1005 qty=2 amount=9998.00 payment_method=NETBANKING status=SUCCESS response_ms=293 region=South
2026-09-16T20:28:21.291+05:30 INFO  [cart-service] txn_id=TXN-100591 customer_id=C10386 action=addtocart product_id=NM-1001 qty=1 status=SUCCESS response_ms=156
2026-09-16T20:29:41.348+05:30 INFO  [order-service] txn_id=TXN-100592 customer_id=C10386 action=checkout order_id=ORD-550183 product_id=NM-1001 qty=1 amount=18999.00 payment_method=UPI status=SUCCESS response_ms=348 region=North
2026-09-16T20:36:24.091+05:30 INFO  [cart-service] txn_id=TXN-100584 customer_id=C10612 action=addtocart product_id=NM-4002 qty=1 status=SUCCESS response_ms=104
2026-09-16T20:37:35.030+05:30 INFO  [cart-service] txn_id=TXN-100593 customer_id=C10325 action=addtocart product_id=NM-6001 qty=1 status=SUCCESS response_ms=139
2026-09-16T20:38:09.186+05:30 INFO  [order-service] txn_id=TXN-100585 customer_id=C10612 action=checkout order_id=ORD-550180 product_id=NM-4002 qty=1 amount=399.00 payment_method=UPI status=SUCCESS response_ms=186 region=East
2026-09-16T20:48:12.086+05:30 INFO  [cart-service] txn_id=TXN-100587 customer_id=C10485 action=addtocart product_id=NM-2001 qty=2 status=SUCCESS response_ms=76
2026-09-16T20:49:33.211+05:30 INFO  [order-service] txn_id=TXN-100588 customer_id=C10485 action=checkout order_id=ORD-550181 product_id=NM-2001 qty=2 amount=2998.00 payment_method=WALLET status=SUCCESS response_ms=211 region=South
2026-09-16T20:50:39.151+05:30 INFO  [cart-service] txn_id=TXN-100582 customer_id=C10513 action=addtocart product_id=NM-3002 qty=1 status=SUCCESS response_ms=167
2026-09-16T20:58:16.285+05:30 INFO  [cart-service] txn_id=TXN-100583 customer_id=C10216 action=addtocart product_id=NM-5001 qty=1 status=SUCCESS response_ms=92
2026-09-16T21:00:02.000+05:30 INFO  [platform] Heartbeat OK services=5 jvm_heap_used_pct=63
2026-09-16T21:29:46.116+05:30 INFO  [cart-service] txn_id=TXN-100603 customer_id=C10431 action=addtocart product_id=NM-6002 qty=1 status=SUCCESS response_ms=127
2026-09-16T21:31:19.122+05:30 INFO  [order-service] txn_id=TXN-100604 customer_id=C10431 action=checkout order_id=ORD-550186 product_id=NM-6002 qty=1 amount=799.00 payment_method=NETBANKING status=SUCCESS response_ms=122 region=South
2026-09-16T21:31:35.148+05:30 INFO  [auth-service] txn_id=TXN-100600 customer_id=C10097 action=login status=SUCCESS response_ms=211
2026-09-16T21:32:15.025+05:30 INFO  [cart-service] txn_id=TXN-100601 customer_id=C10097 action=addtocart product_id=NM-3004 qty=1 status=SUCCESS response_ms=147
2026-09-16T21:49:38.234+05:30 INFO  [cart-service] txn_id=TXN-100610 customer_id=C10299 action=addtocart product_id=NM-2001 qty=2 status=SUCCESS response_ms=67
2026-09-16T21:50:07.191+05:30 INFO  [auth-service] txn_id=TXN-100605 customer_id=C10036 action=login status=SUCCESS response_ms=101
2026-09-16T21:50:37.236+05:30 INFO  [order-service] txn_id=TXN-100611 customer_id=C10299 action=checkout order_id=ORD-550188 product_id=NM-2001 qty=2 amount=2998.00 payment_method=NETBANKING status=SUCCESS response_ms=236 region=North
2026-09-16T21:50:43.199+05:30 INFO  [cart-service] txn_id=TXN-100606 customer_id=C10036 action=addtocart product_id=NM-2001 qty=3 status=SUCCESS response_ms=51
2026-09-16T21:52:06.077+05:30 INFO  [auth-service] txn_id=TXN-100607 customer_id=C10120 action=login status=SUCCESS response_ms=180
2026-09-16T21:52:30.170+05:30 INFO  [cart-service] txn_id=TXN-100608 customer_id=C10120 action=addtocart product_id=NM-1001 qty=1 status=SUCCESS response_ms=72
2026-09-16T21:52:32.178+05:30 INFO  [cart-service] txn_id=TXN-100613 customer_id=C10082 action=addtocart product_id=NM-1001 qty=1 status=SUCCESS response_ms=115
2026-09-16T21:53:19.263+05:30 INFO  [cart-service] txn_id=TXN-100602 customer_id=C10449 action=addtocart product_id=NM-6002 qty=1 status=SUCCESS response_ms=177
2026-09-16T21:53:20.343+05:30 INFO  [order-service] txn_id=TXN-100609 customer_id=C10120 action=checkout order_id=ORD-550187 product_id=NM-1001 qty=1 amount=18999.00 payment_method=UPI status=SUCCESS response_ms=343 region=East
2026-09-16T21:57:30.124+05:30 INFO  [cart-service] txn_id=TXN-100612 customer_id=C10119 action=addtocart product_id=NM-2001 qty=2 status=SUCCESS response_ms=57
2026-09-16T21:57:50.050+05:30 INFO  [cart-service] txn_id=TXN-100599 customer_id=C10072 action=addtocart product_id=NM-6002 qty=3 status=SUCCESS response_ms=32
2026-09-16T22:00:00.000+05:30 INFO  [platform] Heartbeat OK services=5 jvm_heap_used_pct=62
2026-09-16T22:29:49.270+05:30 INFO  [cart-service] txn_id=TXN-100630 customer_id=C10577 action=addtocart product_id=NM-1004 qty=1 status=SUCCESS response_ms=139
2026-09-16T22:30:56.168+05:30 INFO  [auth-service] txn_id=TXN-100627 customer_id=C10563 action=login status=SUCCESS response_ms=49
2026-09-16T22:31:34.235+05:30 INFO  [cart-service] txn_id=TXN-100628 customer_id=C10563 action=addtocart product_id=NM-6001 qty=1 status=SUCCESS response_ms=91
2026-09-16T22:31:56.456+05:30 INFO  [order-service] txn_id=TXN-100631 customer_id=C10577 action=checkout order_id=ORD-550194 product_id=NM-1004 qty=1 amount=27999.00 payment_method=UPI status=SUCCESS response_ms=456 region=North
2026-09-16T22:32:19.405+05:30 INFO  [order-service] txn_id=TXN-100629 customer_id=C10563 action=checkout order_id=ORD-550193 product_id=NM-6001 qty=1 amount=349.00 payment_method=UPI status=SUCCESS response_ms=405 region=South
2026-09-16T22:38:16.163+05:30 INFO  [auth-service] txn_id=TXN-100619 customer_id=C10175 action=login status=SUCCESS response_ms=64
2026-09-16T22:38:26.246+05:30 INFO  [cart-service] txn_id=TXN-100620 customer_id=C10175 action=addtocart product_id=NM-6001 qty=1 status=SUCCESS response_ms=73
2026-09-16T22:42:42.104+05:30 INFO  [cart-service] txn_id=TXN-100614 customer_id=C10498 action=addtocart product_id=NM-5002 qty=1 status=SUCCESS response_ms=108
2026-09-16T22:45:02.214+05:30 INFO  [cart-service] txn_id=TXN-100623 customer_id=C10095 action=addtocart product_id=NM-1001 qty=1 status=SUCCESS response_ms=70
2026-09-16T22:45:32.219+05:30 INFO  [auth-service] txn_id=TXN-100634 customer_id=C10100 action=login status=SUCCESS response_ms=181
2026-09-16T22:45:46.137+05:30 INFO  [cart-service] txn_id=TXN-100635 customer_id=C10100 action=addtocart product_id=NM-3002 qty=1 status=SUCCESS response_ms=79
2026-09-16T22:46:16.437+05:30 INFO  [order-service] txn_id=TXN-100624 customer_id=C10095 action=checkout order_id=ORD-550192 product_id=NM-1001 qty=1 amount=18999.00 payment_method=CARD status=SUCCESS response_ms=437 region=North
2026-09-16T22:47:00.269+05:30 INFO  [auth-service] txn_id=TXN-100625 customer_id=C10530 action=login status=SUCCESS response_ms=58
2026-09-16T22:47:14.187+05:30 INFO  [order-service] txn_id=TXN-100636 customer_id=C10100 action=checkout order_id=ORD-550195 product_id=NM-3002 qty=1 amount=5999.00 payment_method=CARD status=SUCCESS response_ms=187 region=North
2026-09-16T22:47:26.064+05:30 INFO  [cart-service] txn_id=TXN-100626 customer_id=C10530 action=addtocart product_id=NM-1001 qty=2 status=SUCCESS response_ms=84
2026-09-16T22:47:40.024+05:30 INFO  [cart-service] txn_id=TXN-100615 customer_id=C10187 action=addtocart product_id=NM-2003 qty=3 status=SUCCESS response_ms=170
2026-09-16T22:49:13.394+05:30 WARN  [order-service] txn_id=TXN-100616 customer_id=C10187 action=checkout order_id=ORD-550189 product_id=NM-2003 qty=3 amount=8997.00 payment_method=UPI status=DECLINED error_code=PAY_DECLINED response_ms=394 region=West
2026-09-16T22:50:32.264+05:30 INFO  [cart-service] txn_id=TXN-100617 customer_id=C10116 action=addtocart product_id=NM-1005 qty=2 status=SUCCESS response_ms=98
2026-09-16T22:52:09.352+05:30 INFO  [order-service] txn_id=TXN-100618 customer_id=C10116 action=checkout order_id=ORD-550190 product_id=NM-1005 qty=2 amount=9998.00 payment_method=UPI status=SUCCESS response_ms=352 region=South
2026-09-16T22:54:45.090+05:30 INFO  [auth-service] txn_id=TXN-100632 customer_id=C10396 action=login status=SUCCESS response_ms=79
2026-09-16T22:55:00.227+05:30 INFO  [cart-service] txn_id=TXN-100633 customer_id=C10396 action=addtocart product_id=NM-4001 qty=1 status=SUCCESS response_ms=99
2026-09-16T22:55:36.210+05:30 INFO  [cart-service] txn_id=TXN-100621 customer_id=C10271 action=addtocart product_id=NM-5001 qty=1 status=SUCCESS response_ms=133
2026-09-16T22:56:00.311+05:30 INFO  [order-service] txn_id=TXN-100622 customer_id=C10271 action=checkout order_id=ORD-550191 product_id=NM-5001 qty=1 amount=1299.00 payment_method=UPI status=SUCCESS response_ms=311 region=West
2026-09-16T23:00:02.000+05:30 INFO  [platform] Heartbeat OK services=5 jvm_heap_used_pct=70
2026-09-16T23:10:45.045+05:30 INFO  [cart-service] txn_id=TXN-100641 customer_id=C10076 action=addtocart product_id=NM-4002 qty=1 status=SUCCESS response_ms=96
2026-09-16T23:19:47.000+05:30 WARN  [inventory-service] Low stock alert product_id=NM-5002 remaining=6 warehouse=WH-BLR
2026-09-16T23:41:37.127+05:30 INFO  [cart-service] txn_id=TXN-100638 customer_id=C10412 action=addtocart product_id=NM-1002 qty=1 status=SUCCESS response_ms=42
2026-09-16T23:43:23.479+05:30 INFO  [order-service] txn_id=TXN-100639 customer_id=C10412 action=checkout order_id=ORD-550196 product_id=NM-1002 qty=1 amount=2499.00 payment_method=CARD status=SUCCESS response_ms=479 region=West
2026-09-16T23:48:57.106+05:30 INFO  [cart-service] txn_id=TXN-100642 customer_id=C10177 action=addtocart product_id=NM-6001 qty=1 status=SUCCESS response_ms=120
2026-09-16T23:50:29.077+05:30 INFO  [cart-service] txn_id=TXN-100640 customer_id=C10260 action=addtocart product_id=NM-1003 qty=1 status=SUCCESS response_ms=60
2026-09-16T23:54:34.171+05:30 INFO  [cart-service] txn_id=TXN-100637 customer_id=C10117 action=addtocart product_id=NM-1005 qty=1 status=SUCCESS response_ms=144
2026-09-17T00:00:00.000+05:30 INFO  [platform] Heartbeat OK services=5 jvm_heap_used_pct=71
2026-09-17T00:03:40.092+05:30 INFO  [cart-service] txn_id=TXN-100643 customer_id=C10372 action=addtocart product_id=NM-4002 qty=3 status=SUCCESS response_ms=155
2026-09-17T00:04:09.423+05:30 INFO  [order-service] txn_id=TXN-100644 customer_id=C10372 action=checkout order_id=ORD-550197 product_id=NM-4002 qty=3 amount=1197.00 payment_method=CARD status=SUCCESS response_ms=423 region=North
2026-09-17T01:00:02.000+05:30 INFO  [platform] Heartbeat OK services=5 jvm_heap_used_pct=38
2026-09-17T01:23:19.278+05:30 INFO  [auth-service] txn_id=TXN-100645 customer_id=C10404 action=login status=SUCCESS response_ms=201
2026-09-17T01:23:30.069+05:30 INFO  [cart-service] txn_id=TXN-100646 customer_id=C10404 action=addtocart product_id=NM-1002 qty=1 status=SUCCESS response_ms=36
2026-09-17T01:23:53.162+05:30 INFO  [order-service] txn_id=TXN-100647 customer_id=C10404 action=checkout order_id=ORD-550198 product_id=NM-1002 qty=1 amount=2499.00 payment_method=CARD status=SUCCESS response_ms=162 region=North
2026-09-17T01:32:20.000+05:30 ERROR [search-service] Elasticsearch query failed: connection reset by peer (node=es-data-02)
2026-09-17T02:00:01.000+05:30 INFO  [platform] Heartbeat OK services=5 jvm_heap_used_pct=44
2026-09-17T02:19:15.000+05:30 ERROR [search-service] Elasticsearch query failed: connection reset by peer (node=es-data-02)
2026-09-17T02:29:07.159+05:30 INFO  [cart-service] txn_id=TXN-100648 customer_id=C10064 action=addtocart product_id=NM-1001 qty=1 status=SUCCESS response_ms=36
2026-09-17T02:30:38.426+05:30 INFO  [order-service] txn_id=TXN-100649 customer_id=C10064 action=checkout order_id=ORD-550199 product_id=NM-1001 qty=1 amount=18999.00 payment_method=CARD status=SUCCESS response_ms=426 region=South
2026-09-17T03:00:02.000+05:30 INFO  [platform] Heartbeat OK services=5 jvm_heap_used_pct=60
2026-09-17T03:28:38.000+05:30 WARN  [inventory-service] Low stock alert product_id=NM-6001 remaining=9 warehouse=WH-DEL
2026-09-17T03:51:54.233+05:30 INFO  [auth-service] txn_id=TXN-100650 customer_id=C10100 action=login status=SUCCESS response_ms=169
2026-09-17T03:52:04.109+05:30 INFO  [cart-service] txn_id=TXN-100651 customer_id=C10100 action=addtocart product_id=NM-3003 qty=1 status=SUCCESS response_ms=32
2026-09-17T04:00:00.000+05:30 INFO  [platform] Heartbeat OK services=5 jvm_heap_used_pct=62
2026-09-17T04:32:09.197+05:30 INFO  [cart-service] txn_id=TXN-100652 customer_id=C10347 action=addtocart product_id=NM-1001 qty=1 status=SUCCESS response_ms=32
2026-09-17T05:00:01.000+05:30 INFO  [platform] Heartbeat OK services=5 jvm_heap_used_pct=38
2026-09-17T05:05:12.191+05:30 INFO  [cart-service] txn_id=TXN-100653 customer_id=C10341 action=addtocart product_id=NM-2004 qty=1 status=SUCCESS response_ms=141
2026-09-17T05:06:47.386+05:30 INFO  [order-service] txn_id=TXN-100654 customer_id=C10341 action=checkout order_id=ORD-550200 product_id=NM-2004 qty=1 amount=2299.00 payment_method=CARD status=SUCCESS response_ms=386 region=South
2026-09-17T05:35:52.107+05:30 INFO  [cart-service] txn_id=TXN-100655 customer_id=C10511 action=addtocart product_id=NM-4001 qty=2 status=SUCCESS response_ms=37
2026-09-17T05:40:51.000+05:30 WARN  [inventory-service] Low stock alert product_id=NM-3003 remaining=2 warehouse=WH-MUM
2026-09-17T05:52:51.000+05:30 WARN  [inventory-service] Low stock alert product_id=NM-6002 remaining=3 warehouse=WH-BLR
2026-09-17T06:00:02.000+05:30 INFO  [platform] Heartbeat OK services=5 jvm_heap_used_pct=46
2026-09-17T06:17:29.000+05:30 ERROR [search-service] Elasticsearch query failed: connection reset by peer (node=es-data-02)
2026-09-17T06:42:42.210+05:30 INFO  [cart-service] txn_id=TXN-100657 customer_id=C10389 action=addtocart product_id=NM-2004 qty=1 status=SUCCESS response_ms=114
2026-09-17T07:00:00.000+05:30 INFO  [platform] Heartbeat OK services=5 jvm_heap_used_pct=46
2026-09-17T07:02:16.250+05:30 INFO  [cart-service] txn_id=TXN-100656 customer_id=C10036 action=addtocart product_id=NM-2002 qty=1 status=SUCCESS response_ms=111
2026-09-17T07:15:42.021+05:30 INFO  [cart-service] txn_id=TXN-100658 customer_id=C10605 action=addtocart product_id=NM-1001 qty=1 status=SUCCESS response_ms=93
2026-09-17T07:16:44.431+05:30 INFO  [order-service] txn_id=TXN-100659 customer_id=C10605 action=checkout order_id=ORD-550201 product_id=NM-1001 qty=1 amount=18999.00 payment_method=CARD status=SUCCESS response_ms=431 region=West
2026-09-17T07:54:17.197+05:30 INFO  [auth-service] txn_id=TXN-100660 customer_id=C10385 action=login status=SUCCESS response_ms=60
2026-09-17T07:54:20.290+05:30 INFO  [cart-service] txn_id=TXN-100661 customer_id=C10385 action=addtocart product_id=NM-3004 qty=1 status=SUCCESS response_ms=73
2026-09-17T07:55:32.217+05:30 INFO  [order-service] txn_id=TXN-100662 customer_id=C10385 action=checkout order_id=ORD-550202 product_id=NM-3004 qty=1 amount=599.00 payment_method=UPI status=SUCCESS response_ms=217 region=West
2026-09-17T08:00:00.000+05:30 INFO  [platform] Heartbeat OK services=5 jvm_heap_used_pct=62
2026-09-17T08:22:46.046+05:30 INFO  [auth-service] txn_id=TXN-100663 customer_id=C10464 action=login status=SUCCESS response_ms=172
2026-09-17T08:22:53.222+05:30 INFO  [cart-service] txn_id=TXN-100664 customer_id=C10464 action=addtocart product_id=NM-5001 qty=1 status=SUCCESS response_ms=67
2026-09-17T08:27:23.138+05:30 INFO  [auth-service] txn_id=TXN-100665 customer_id=C10143 action=login status=SUCCESS response_ms=136
2026-09-17T08:27:49.256+05:30 INFO  [cart-service] txn_id=TXN-100666 customer_id=C10143 action=addtocart product_id=NM-1003 qty=1 status=SUCCESS response_ms=93
2026-09-17T08:28:43.395+05:30 WARN  [order-service] txn_id=TXN-100667 customer_id=C10143 action=checkout order_id=ORD-550203 product_id=NM-1003 qty=1 amount=1799.00 payment_method=NETBANKING status=DECLINED error_code=PAY_DECLINED response_ms=395 region=South
2026-09-17T08:28:59.190+05:30 INFO  [auth-service] txn_id=TXN-100671 customer_id=C10199 action=login status=SUCCESS response_ms=109
2026-09-17T08:29:07.210+05:30 INFO  [cart-service] txn_id=TXN-100672 customer_id=C10199 action=addtocart product_id=NM-6002 qty=1 status=SUCCESS response_ms=112
2026-09-17T08:46:12.090+05:30 INFO  [auth-service] txn_id=TXN-100668 customer_id=C10050 action=login status=SUCCESS response_ms=170
2026-09-17T08:46:38.055+05:30 INFO  [cart-service] txn_id=TXN-100669 customer_id=C10050 action=addtocart product_id=NM-2003 qty=1 status=SUCCESS response_ms=93
2026-09-17T08:47:38.403+05:30 INFO  [order-service] txn_id=TXN-100670 customer_id=C10050 action=checkout order_id=ORD-550204 product_id=NM-2003 qty=1 amount=2999.00 payment_method=UPI status=SUCCESS response_ms=403 region=North
2026-09-17T09:00:02.000+05:30 INFO  [platform] Heartbeat OK services=5 jvm_heap_used_pct=71
2026-09-17T09:12:44.139+05:30 INFO  [cart-service] txn_id=TXN-100680 customer_id=C10308 action=addtocart product_id=NM-4001 qty=1 status=SUCCESS response_ms=128
2026-09-17T09:31:51.053+05:30 INFO  [cart-service] txn_id=TXN-100673 customer_id=C10519 action=addtocart product_id=NM-1003 qty=1 status=SUCCESS response_ms=80
2026-09-17T09:34:44.115+05:30 INFO  [cart-service] txn_id=TXN-100676 customer_id=C10210 action=addtocart product_id=NM-5001 qty=1 status=SUCCESS response_ms=179
2026-09-17T09:35:44.162+05:30 INFO  [order-service] txn_id=TXN-100677 customer_id=C10210 action=checkout order_id=ORD-550206 product_id=NM-5001 qty=1 amount=1299.00 payment_method=UPI status=SUCCESS response_ms=162 region=South
2026-09-17T09:40:30.289+05:30 INFO  [cart-service] txn_id=TXN-100674 customer_id=C10650 action=addtocart product_id=NM-5001 qty=1 status=SUCCESS response_ms=75
2026-09-17T09:41:27.240+05:30 INFO  [order-service] txn_id=TXN-100675 customer_id=C10650 action=checkout order_id=ORD-550205 product_id=NM-5001 qty=1 amount=1299.00 payment_method=COD status=SUCCESS response_ms=240 region=North
2026-09-17T09:52:53.150+05:30 INFO  [cart-service] txn_id=TXN-100678 customer_id=C10241 action=addtocart product_id=NM-6002 qty=1 status=SUCCESS response_ms=77
2026-09-17T09:53:38.138+05:30 INFO  [order-service] txn_id=TXN-100679 customer_id=C10241 action=checkout order_id=ORD-550207 product_id=NM-6002 qty=1 amount=799.00 payment_method=CARD status=SUCCESS response_ms=138 region=South
2026-09-17T10:00:02.000+05:30 INFO  [platform] Heartbeat OK services=5 jvm_heap_used_pct=51
2026-09-17T10:23:01.097+05:30 INFO  [auth-service] txn_id=TXN-100686 customer_id=C10345 action=login status=SUCCESS response_ms=90
2026-09-17T10:23:09.149+05:30 INFO  [cart-service] txn_id=TXN-100687 customer_id=C10345 action=addtocart product_id=NM-5001 qty=1 status=SUCCESS response_ms=60
2026-09-17T10:36:01.193+05:30 INFO  [cart-service] txn_id=TXN-100681 customer_id=C10458 action=addtocart product_id=NM-5002 qty=1 status=SUCCESS response_ms=35
2026-09-17T10:43:02.210+05:30 INFO  [cart-service] txn_id=TXN-100682 customer_id=C10511 action=addtocart product_id=NM-1005 qty=1 status=SUCCESS response_ms=108
2026-09-17T10:44:27.176+05:30 INFO  [order-service] txn_id=TXN-100683 customer_id=C10511 action=checkout order_id=ORD-550208 product_id=NM-1005 qty=1 amount=4999.00 payment_method=NETBANKING status=SUCCESS response_ms=176 region=East
2026-09-17T10:45:34.166+05:30 INFO  [cart-service] txn_id=TXN-100684 customer_id=C10321 action=addtocart product_id=NM-5002 qty=1 status=SUCCESS response_ms=135
2026-09-17T10:47:12.242+05:30 INFO  [order-service] txn_id=TXN-100685 customer_id=C10321 action=checkout order_id=ORD-550209 product_id=NM-5002 qty=1 amount=3999.00 payment_method=UPI status=SUCCESS response_ms=242 region=South
2026-09-17T10:54:13.290+05:30 INFO  [cart-service] txn_id=TXN-100688 customer_id=C10443 action=addtocart product_id=NM-3003 qty=1 status=SUCCESS response_ms=41
2026-09-17T10:55:32.216+05:30 INFO  [order-service] txn_id=TXN-100689 customer_id=C10443 action=checkout order_id=ORD-550210 product_id=NM-3003 qty=1 amount=1199.00 payment_method=CARD status=SUCCESS response_ms=216 region=South
2026-09-17T11:00:00.000+05:30 INFO  [platform] Heartbeat OK services=5 jvm_heap_used_pct=52
2026-09-17T11:01:54.000+05:30 ERROR [search-service] Elasticsearch query failed: connection reset by peer (node=es-data-02)
2026-09-17T11:12:24.059+05:30 INFO  [cart-service] txn_id=TXN-100690 customer_id=C10238 action=addtocart product_id=NM-1001 qty=1 status=SUCCESS response_ms=117
2026-09-17T11:13:19.268+05:30 INFO  [order-service] txn_id=TXN-100691 customer_id=C10238 action=checkout order_id=ORD-550211 product_id=NM-1001 qty=1 amount=18999.00 payment_method=UPI status=SUCCESS response_ms=268 region=East
2026-09-17T11:25:45.062+05:30 INFO  [cart-service] txn_id=TXN-100692 customer_id=C10249 action=addtocart product_id=NM-3003 qty=1 status=SUCCESS response_ms=148
2026-09-17T11:47:20.188+05:30 INFO  [auth-service] txn_id=TXN-100693 customer_id=C10186 action=login status=SUCCESS response_ms=59
2026-09-17T11:47:44.210+05:30 INFO  [cart-service] txn_id=TXN-100694 customer_id=C10186 action=addtocart product_id=NM-6002 qty=3 status=SUCCESS response_ms=72
2026-09-17T11:48:35.260+05:30 INFO  [order-service] txn_id=TXN-100695 customer_id=C10186 action=checkout order_id=ORD-550212 product_id=NM-6002 qty=3 amount=2397.00 payment_method=UPI status=SUCCESS response_ms=260 region=West
2026-09-17T11:58:25.261+05:30 INFO  [cart-service] txn_id=TXN-100696 customer_id=C10030 action=addtocart product_id=NM-5002 qty=1 status=SUCCESS response_ms=72
2026-09-17T12:00:01.000+05:30 INFO  [platform] Heartbeat OK services=5 jvm_heap_used_pct=41
2026-09-17T12:00:22.286+05:30 INFO  [order-service] txn_id=TXN-100697 customer_id=C10030 action=checkout order_id=ORD-550213 product_id=NM-5002 qty=1 amount=3999.00 payment_method=UPI status=SUCCESS response_ms=286 region=South
2026-09-17T12:08:07.000+05:30 WARN  [inventory-service] Low stock alert product_id=NM-2001 remaining=3 warehouse=WH-MUM
2026-09-17T12:15:25.235+05:30 INFO  [cart-service] txn_id=TXN-100713 customer_id=C10361 action=addtocart product_id=NM-3004 qty=1 status=SUCCESS response_ms=43
2026-09-17T12:16:31.333+05:30 INFO  [order-service] txn_id=TXN-100714 customer_id=C10361 action=checkout order_id=ORD-550219 product_id=NM-3004 qty=1 amount=599.00 payment_method=CARD status=SUCCESS response_ms=333 region=South
2026-09-17T12:17:01.000+05:30 WARN  [inventory-service] Low stock alert product_id=NM-1003 remaining=4 warehouse=WH-BLR
2026-09-17T12:29:23.186+05:30 INFO  [auth-service] txn_id=TXN-100698 customer_id=C10349 action=login status=SUCCESS response_ms=137
2026-09-17T12:29:32.206+05:30 INFO  [auth-service] txn_id=TXN-100701 customer_id=C10097 action=login status=SUCCESS response_ms=207
2026-09-17T12:29:37.037+05:30 INFO  [cart-service] txn_id=TXN-100702 customer_id=C10097 action=addtocart product_id=NM-6002 qty=1 status=SUCCESS response_ms=101
2026-09-17T12:29:48.262+05:30 INFO  [cart-service] txn_id=TXN-100699 customer_id=C10349 action=addtocart product_id=NM-4001 qty=1 status=SUCCESS response_ms=150
2026-09-17T12:30:16.093+05:30 INFO  [cart-service] txn_id=TXN-100707 customer_id=C10436 action=addtocart product_id=NM-1005 qty=1 status=SUCCESS response_ms=126
2026-09-17T12:31:03.479+05:30 INFO  [order-service] txn_id=TXN-100703 customer_id=C10097 action=checkout order_id=ORD-550215 product_id=NM-6002 qty=1 amount=799.00 payment_method=UPI status=SUCCESS response_ms=479 region=North
2026-09-17T12:31:32.341+05:30 INFO  [order-service] txn_id=TXN-100700 customer_id=C10349 action=checkout order_id=ORD-550214 product_id=NM-4001 qty=1 amount=899.00 payment_method=UPI status=SUCCESS response_ms=341 region=North
2026-09-17T12:40:19.121+05:30 INFO  [cart-service] txn_id=TXN-100711 customer_id=C10022 action=addtocart product_id=NM-3004 qty=1 status=SUCCESS response_ms=123
2026-09-17T12:40:40.357+05:30 INFO  [order-service] txn_id=TXN-100712 customer_id=C10022 action=checkout order_id=ORD-550218 product_id=NM-3004 qty=1 amount=599.00 payment_method=UPI status=SUCCESS response_ms=357 region=East
2026-09-17T12:41:44.093+05:30 INFO  [auth-service] txn_id=TXN-100704 customer_id=C10055 action=login status=SUCCESS response_ms=48
2026-09-17T12:41:47.107+05:30 INFO  [cart-service] txn_id=TXN-100705 customer_id=C10055 action=addtocart product_id=NM-1005 qty=2 status=SUCCESS response_ms=41
2026-09-17T12:42:46.217+05:30 INFO  [order-service] txn_id=TXN-100706 customer_id=C10055 action=checkout order_id=ORD-550216 product_id=NM-1005 qty=2 amount=9998.00 payment_method=UPI status=SUCCESS response_ms=217 region=South
2026-09-17T12:43:27.023+05:30 INFO  [auth-service] txn_id=TXN-100708 customer_id=C10526 action=login status=SUCCESS response_ms=120
2026-09-17T12:44:02.229+05:30 INFO  [cart-service] txn_id=TXN-100709 customer_id=C10526 action=addtocart product_id=NM-3001 qty=1 status=SUCCESS response_ms=95
2026-09-17T12:44:55.133+05:30 WARN  [order-service] txn_id=TXN-100710 customer_id=C10526 action=checkout order_id=ORD-550217 product_id=NM-3001 qty=1 amount=3499.00 payment_method=CARD status=DECLINED error_code=PAY_DECLINED response_ms=133 region=South
2026-09-17T13:00:00.000+05:30 INFO  [platform] Heartbeat OK services=5 jvm_heap_used_pct=48
2026-09-17T13:16:09.123+05:30 INFO  [cart-service] txn_id=TXN-100715 customer_id=C10379 action=addtocart product_id=NM-3004 qty=3 status=SUCCESS response_ms=164
2026-09-17T13:16:12.124+05:30 INFO  [cart-service] txn_id=TXN-100723 customer_id=C10322 action=addtocart product_id=NM-3002 qty=1 status=SUCCESS response_ms=71
2026-09-17T13:17:15.332+05:30 INFO  [order-service] txn_id=TXN-100724 customer_id=C10322 action=checkout order_id=ORD-550222 product_id=NM-3002 qty=1 amount=5999.00 payment_method=UPI status=SUCCESS response_ms=332 region=South
2026-09-17T13:17:53.180+05:30 INFO  [order-service] txn_id=TXN-100716 customer_id=C10379 action=checkout order_id=ORD-550220 product_id=NM-3004 qty=3 amount=1797.00 payment_method=CARD status=SUCCESS response_ms=180 region=South
2026-09-17T13:20:42.079+05:30 INFO  [cart-service] txn_id=TXN-100725 customer_id=C10640 action=addtocart product_id=NM-1001 qty=1 status=SUCCESS response_ms=92
2026-09-17T13:22:24.368+05:30 INFO  [order-service] txn_id=TXN-100726 customer_id=C10640 action=checkout order_id=ORD-550223 product_id=NM-1001 qty=1 amount=18999.00 payment_method=CARD status=SUCCESS response_ms=368 region=West
2026-09-17T13:27:19.237+05:30 INFO  [cart-service] txn_id=TXN-100727 customer_id=C10358 action=addtocart product_id=NM-1003 qty=1 status=SUCCESS response_ms=123
2026-09-17T13:31:57.161+05:30 INFO  [cart-service] txn_id=TXN-100721 customer_id=C10132 action=addtocart product_id=NM-2002 qty=1 status=SUCCESS response_ms=32
2026-09-17T13:36:15.271+05:30 INFO  [cart-service] txn_id=TXN-100722 customer_id=C10040 action=addtocart product_id=NM-1002 qty=1 status=SUCCESS response_ms=166
2026-09-17T13:44:11.290+05:30 INFO  [auth-service] txn_id=TXN-100730 customer_id=C10592 action=login status=SUCCESS response_ms=48
2026-09-17T13:44:23.049+05:30 INFO  [cart-service] txn_id=TXN-100731 customer_id=C10592 action=addtocart product_id=NM-6001 qty=2 status=SUCCESS response_ms=165
2026-09-17T13:45:45.227+05:30 INFO  [order-service] txn_id=TXN-100732 customer_id=C10592 action=checkout order_id=ORD-550225 product_id=NM-6001 qty=2 amount=698.00 payment_method=UPI status=SUCCESS response_ms=227 region=South
2026-09-17T13:51:36.000+05:30 WARN  [inventory-service] Low stock alert product_id=NM-3003 remaining=9 warehouse=WH-BLR
2026-09-17T13:52:27.153+05:30 INFO  [cart-service] txn_id=TXN-100728 customer_id=C10342 action=addtocart product_id=NM-3001 qty=2 status=SUCCESS response_ms=155
2026-09-17T13:53:53.348+05:30 INFO  [order-service] txn_id=TXN-100729 customer_id=C10342 action=checkout order_id=ORD-550224 product_id=NM-3001 qty=2 amount=6998.00 payment_method=COD status=SUCCESS response_ms=348 region=West
2026-09-17T13:57:41.129+05:30 INFO  [cart-service] txn_id=TXN-100717 customer_id=C10050 action=addtocart product_id=NM-1002 qty=3 status=SUCCESS response_ms=64
2026-09-17T13:58:13.239+05:30 INFO  [auth-service] txn_id=TXN-100719 customer_id=C10124 action=login status=SUCCESS response_ms=200
2026-09-17T13:58:15.300+05:30 INFO  [cart-service] txn_id=TXN-100720 customer_id=C10124 action=addtocart product_id=NM-6001 qty=1 status=SUCCESS response_ms=172
2026-09-17T13:58:19.298+05:30 INFO  [order-service] txn_id=TXN-100718 customer_id=C10050 action=checkout order_id=ORD-550221 product_id=NM-1002 qty=3 amount=7497.00 payment_method=NETBANKING status=SUCCESS response_ms=298 region=North
2026-09-17T14:00:01.000+05:30 INFO  [platform] Heartbeat OK services=5 jvm_heap_used_pct=50
2026-09-17T14:07:54.296+05:30 INFO  [cart-service] txn_id=TXN-100737 customer_id=C10005 action=addtocart product_id=NM-5001 qty=1 status=SUCCESS response_ms=172
2026-09-17T14:08:35.293+05:30 INFO  [order-service] txn_id=TXN-100738 customer_id=C10005 action=checkout order_id=ORD-550227 product_id=NM-5001 qty=1 amount=1299.00 payment_method=UPI status=SUCCESS response_ms=293 region=North
2026-09-17T14:30:53.121+05:30 INFO  [cart-service] txn_id=TXN-100735 customer_id=C10011 action=addtocart product_id=NM-1005 qty=1 status=SUCCESS response_ms=130
2026-09-17T14:31:51.435+05:30 INFO  [order-service] txn_id=TXN-100736 customer_id=C10011 action=checkout order_id=ORD-550226 product_id=NM-1005 qty=1 amount=4999.00 payment_method=COD status=SUCCESS response_ms=435 region=South
2026-09-17T14:42:28.143+05:30 INFO  [cart-service] txn_id=TXN-100739 customer_id=C10324 action=addtocart product_id=NM-2002 qty=1 status=SUCCESS response_ms=177
2026-09-17T14:43:22.307+05:30 INFO  [order-service] txn_id=TXN-100740 customer_id=C10324 action=checkout order_id=ORD-550228 product_id=NM-2002 qty=1 amount=1899.00 payment_method=CARD status=SUCCESS response_ms=307 region=South
2026-09-17T14:55:39.089+05:30 INFO  [auth-service] txn_id=TXN-100733 customer_id=C10058 action=login status=SUCCESS response_ms=69
2026-09-17T14:56:12.226+05:30 INFO  [cart-service] txn_id=TXN-100734 customer_id=C10058 action=addtocart product_id=NM-3004 qty=2 status=SUCCESS response_ms=174
2026-09-17T15:00:01.000+05:30 INFO  [platform] Heartbeat OK services=5 jvm_heap_used_pct=48
2026-09-17T15:21:57.236+05:30 INFO  [cart-service] txn_id=TXN-100741 customer_id=C10349 action=addtocart product_id=NM-3004 qty=1 status=SUCCESS response_ms=124
2026-09-17T15:23:23.137+05:30 INFO  [order-service] txn_id=TXN-100742 customer_id=C10349 action=checkout order_id=ORD-550229 product_id=NM-3004 qty=1 amount=599.00 payment_method=COD status=SUCCESS response_ms=137 region=North
2026-09-17T15:24:47.091+05:30 INFO  [cart-service] txn_id=TXN-100747 customer_id=C10233 action=addtocart product_id=NM-6001 qty=2 status=SUCCESS response_ms=132
2026-09-17T15:26:50.158+05:30 INFO  [order-service] txn_id=TXN-100748 customer_id=C10233 action=checkout order_id=ORD-550231 product_id=NM-6001 qty=2 amount=698.00 payment_method=CARD status=SUCCESS response_ms=158 region=East
2026-09-17T15:31:20.167+05:30 INFO  [cart-service] txn_id=TXN-100743 customer_id=C10350 action=addtocart product_id=NM-3001 qty=1 status=SUCCESS response_ms=113
2026-09-17T15:32:41.148+05:30 WARN  [order-service] txn_id=TXN-100744 customer_id=C10350 action=checkout order_id=ORD-550230 product_id=NM-3001 qty=1 amount=3499.00 payment_method=UPI status=DECLINED error_code=PAY_DECLINED response_ms=148 region=North
2026-09-17T15:49:42.156+05:30 INFO  [auth-service] txn_id=TXN-100745 customer_id=C10538 action=login status=SUCCESS response_ms=140
2026-09-17T15:49:55.210+05:30 INFO  [cart-service] txn_id=TXN-100746 customer_id=C10538 action=addtocart product_id=NM-2001 qty=1 status=SUCCESS response_ms=114
2026-09-17T16:00:01.000+05:30 INFO  [platform] Heartbeat OK services=5 jvm_heap_used_pct=70
2026-09-17T16:03:53.067+05:30 INFO  [cart-service] txn_id=TXN-100753 customer_id=C10337 action=addtocart product_id=NM-3003 qty=1 status=SUCCESS response_ms=58
2026-09-17T16:05:06.304+05:30 INFO  [order-service] txn_id=TXN-100754 customer_id=C10337 action=checkout order_id=ORD-550233 product_id=NM-3003 qty=1 amount=1199.00 payment_method=UPI status=SUCCESS response_ms=304 region=West
2026-09-17T16:08:29.000+05:30 WARN  [inventory-service] Low stock alert product_id=NM-5001 remaining=6 warehouse=WH-DEL
2026-09-17T16:10:32.000+05:30 ERROR [search-service] Elasticsearch query failed: connection reset by peer (node=es-data-02)
2026-09-17T16:30:48.282+05:30 INFO  [cart-service] txn_id=TXN-100752 customer_id=C10596 action=addtocart product_id=NM-6002 qty=1 status=SUCCESS response_ms=70
2026-09-17T16:37:00.000+05:30 WARN  [inventory-service] Low stock alert product_id=NM-3003 remaining=8 warehouse=WH-MUM
2026-09-17T16:53:10.198+05:30 INFO  [auth-service] txn_id=TXN-100749 customer_id=C10206 action=login status=SUCCESS response_ms=131
2026-09-17T16:53:15.278+05:30 INFO  [cart-service] txn_id=TXN-100750 customer_id=C10206 action=addtocart product_id=NM-2003 qty=1 status=SUCCESS response_ms=108
2026-09-17T16:55:01.280+05:30 INFO  [order-service] txn_id=TXN-100751 customer_id=C10206 action=checkout order_id=ORD-550232 product_id=NM-2003 qty=1 amount=2999.00 payment_method=CARD status=SUCCESS response_ms=280 region=North
2026-09-17T16:57:57.148+05:30 INFO  [auth-service] txn_id=TXN-100755 customer_id=C10456 action=login status=SUCCESS response_ms=62
2026-09-17T16:58:26.291+05:30 INFO  [cart-service] txn_id=TXN-100756 customer_id=C10456 action=addtocart product_id=NM-5001 qty=1 status=SUCCESS response_ms=94
2026-09-17T16:58:58.218+05:30 WARN  [order-service] txn_id=TXN-100757 customer_id=C10456 action=checkout order_id=ORD-550234 product_id=NM-5001 qty=1 amount=1299.00 payment_method=UPI status=DECLINED error_code=PAY_DECLINED response_ms=218 region=West
2026-09-17T17:00:02.000+05:30 INFO  [platform] Heartbeat OK services=5 jvm_heap_used_pct=48
2026-09-17T17:01:33.236+05:30 INFO  [auth-service] txn_id=TXN-100762 customer_id=C10256 action=login status=SUCCESS response_ms=138
2026-09-17T17:01:38.238+05:30 INFO  [cart-service] txn_id=TXN-100763 customer_id=C10256 action=addtocart product_id=NM-2003 qty=1 status=SUCCESS response_ms=60
2026-09-17T17:02:26.145+05:30 INFO  [order-service] txn_id=TXN-100764 customer_id=C10256 action=checkout order_id=ORD-550235 product_id=NM-2003 qty=1 amount=2999.00 payment_method=CARD status=SUCCESS response_ms=145 region=West
2026-09-17T17:10:42.100+05:30 INFO  [auth-service] txn_id=TXN-100765 customer_id=C10316 action=login status=SUCCESS response_ms=219
2026-09-17T17:11:08.020+05:30 INFO  [cart-service] txn_id=TXN-100766 customer_id=C10316 action=addtocart product_id=NM-4002 qty=1 status=SUCCESS response_ms=70
2026-09-17T17:12:20.347+05:30 INFO  [order-service] txn_id=TXN-100767 customer_id=C10316 action=checkout order_id=ORD-550236 product_id=NM-4002 qty=1 amount=399.00 payment_method=COD status=SUCCESS response_ms=347 region=North
2026-09-17T17:28:54.097+05:30 INFO  [auth-service] txn_id=TXN-100760 customer_id=C10270 action=login status=SUCCESS response_ms=217
2026-09-17T17:29:04.051+05:30 INFO  [cart-service] txn_id=TXN-100761 customer_id=C10270 action=addtocart product_id=NM-3003 qty=1 status=SUCCESS response_ms=40
2026-09-17T17:30:02.000+05:30 WARN  [inventory-service] Low stock alert product_id=NM-4001 remaining=5 warehouse=WH-BLR
2026-09-17T17:56:07.000+05:30 ERROR [search-service] Elasticsearch query failed: connection reset by peer (node=es-data-02)
2026-09-17T17:58:13.131+05:30 INFO  [auth-service] txn_id=TXN-100758 customer_id=C10259 action=login status=SUCCESS response_ms=55
2026-09-17T17:58:39.242+05:30 INFO  [cart-service] txn_id=TXN-100759 customer_id=C10259 action=addtocart product_id=NM-4001 qty=1 status=SUCCESS response_ms=54
2026-09-17T18:00:00.000+05:30 INFO  [platform] Heartbeat OK services=5 jvm_heap_used_pct=42
2026-09-17T18:05:35.079+05:30 INFO  [cart-service] txn_id=TXN-100780 customer_id=C10436 action=addtocart product_id=NM-3003 qty=1 status=SUCCESS response_ms=79
2026-09-17T18:10:20.275+05:30 INFO  [cart-service] txn_id=TXN-100771 customer_id=C10244 action=addtocart product_id=NM-1002 qty=1 status=SUCCESS response_ms=164
2026-09-17T18:10:46.201+05:30 INFO  [auth-service] txn_id=TXN-100776 customer_id=C10378 action=login status=SUCCESS response_ms=82
2026-09-17T18:10:58.144+05:30 INFO  [cart-service] txn_id=TXN-100777 customer_id=C10378 action=addtocart product_id=NM-3002 qty=1 status=SUCCESS response_ms=74
2026-09-17T18:11:13.477+05:30 INFO  [order-service] txn_id=TXN-100772 customer_id=C10244 action=checkout order_id=ORD-550237 product_id=NM-1002 qty=1 amount=2499.00 payment_method=COD status=SUCCESS response_ms=477 region=South
2026-09-17T18:17:17.151+05:30 INFO  [cart-service] txn_id=TXN-100781 customer_id=C10204 action=addtocart product_id=NM-2003 qty=1 status=SUCCESS response_ms=138
2026-09-17T18:17:53.372+05:30 INFO  [order-service] txn_id=TXN-100782 customer_id=C10204 action=checkout order_id=ORD-550239 product_id=NM-2003 qty=1 amount=2999.00 payment_method=UPI status=SUCCESS response_ms=372 region=South
2026-09-17T18:27:14.254+05:30 INFO  [cart-service] txn_id=TXN-100775 customer_id=C10047 action=addtocart product_id=NM-6001 qty=1 status=SUCCESS response_ms=132
2026-09-17T18:32:15.000+05:30 WARN  [inventory-service] Low stock alert product_id=NM-3003 remaining=8 warehouse=WH-DEL
2026-09-17T18:32:25.077+05:30 INFO  [auth-service] txn_id=TXN-100769 customer_id=C10380 action=login status=SUCCESS response_ms=215
2026-09-17T18:32:46.293+05:30 INFO  [cart-service] txn_id=TXN-100770 customer_id=C10380 action=addtocart product_id=NM-3004 qty=1 status=SUCCESS response_ms=128
2026-09-17T18:32:58.075+05:30 INFO  [cart-service] txn_id=TXN-100773 customer_id=C10116 action=addtocart product_id=NM-3001 qty=2 status=SUCCESS response_ms=101
2026-09-17T18:33:56.310+05:30 INFO  [order-service] txn_id=TXN-100774 customer_id=C10116 action=checkout order_id=ORD-550238 product_id=NM-3001 qty=2 amount=6998.00 payment_method=CARD status=SUCCESS response_ms=310 region=South
2026-09-17T18:38:56.238+05:30 INFO  [cart-service] txn_id=TXN-100768 customer_id=C10399 action=addtocart product_id=NM-1005 qty=1 status=SUCCESS response_ms=137
2026-09-17T18:51:22.067+05:30 INFO  [cart-service] txn_id=TXN-100779 customer_id=C10167 action=addtocart product_id=NM-1002 qty=1 status=SUCCESS response_ms=102
2026-09-17T19:00:00.045+05:30 INFO  [cart-service] txn_id=TXN-100778 customer_id=C10227 action=addtocart product_id=NM-2003 qty=1 status=SUCCESS response_ms=169
2026-09-17T19:00:01.000+05:30 INFO  [platform] Heartbeat OK services=5 jvm_heap_used_pct=65
2026-09-17T19:01:37.037+05:30 INFO  [cart-service] txn_id=TXN-100783 customer_id=C10595 action=addtocart product_id=NM-1003 qty=1 status=SUCCESS response_ms=155
2026-09-17T19:02:03.267+05:30 INFO  [order-service] txn_id=TXN-100784 customer_id=C10595 action=checkout order_id=ORD-550240 product_id=NM-1003 qty=1 amount=1799.00 payment_method=CARD status=SUCCESS response_ms=267 region=West
2026-09-17T19:22:07.223+05:30 INFO  [cart-service] txn_id=TXN-100791 customer_id=C10628 action=addtocart product_id=NM-1001 qty=1 status=SUCCESS response_ms=76
2026-09-17T19:24:06.159+05:30 INFO  [order-service] txn_id=TXN-100792 customer_id=C10628 action=checkout order_id=ORD-550243 product_id=NM-1001 qty=1 amount=18999.00 payment_method=UPI status=SUCCESS response_ms=159 region=West
2026-09-17T19:26:43.288+05:30 INFO  [cart-service] txn_id=TXN-100793 customer_id=C10124 action=addtocart product_id=NM-3001 qty=1 status=SUCCESS response_ms=133
2026-09-17T19:27:29.377+05:30 INFO  [order-service] txn_id=TXN-100794 customer_id=C10124 action=checkout order_id=ORD-550244 product_id=NM-3001 qty=1 amount=3499.00 payment_method=NETBANKING status=SUCCESS response_ms=377 region=North
2026-09-17T19:28:59.255+05:30 INFO  [cart-service] txn_id=TXN-100785 customer_id=C10110 action=addtocart product_id=NM-1003 qty=1 status=SUCCESS response_ms=103
2026-09-17T19:30:14.306+05:30 INFO  [order-service] txn_id=TXN-100786 customer_id=C10110 action=checkout order_id=ORD-550241 product_id=NM-1003 qty=1 amount=1799.00 payment_method=UPI status=SUCCESS response_ms=306 region=North
2026-09-17T19:38:33.236+05:30 INFO  [cart-service] txn_id=TXN-100795 customer_id=C10436 action=addtocart product_id=NM-6002 qty=1 status=SUCCESS response_ms=63
2026-09-17T19:49:32.033+05:30 INFO  [auth-service] txn_id=TXN-100789 customer_id=C10504 action=login status=SUCCESS response_ms=45
2026-09-17T19:49:47.171+05:30 INFO  [cart-service] txn_id=TXN-100787 customer_id=C10433 action=addtocart product_id=NM-1001 qty=1 status=SUCCESS response_ms=159
2026-09-17T19:49:53.148+05:30 INFO  [cart-service] txn_id=TXN-100790 customer_id=C10504 action=addtocart product_id=NM-3004 qty=1 status=SUCCESS response_ms=34
2026-09-17T19:50:53.357+05:30 INFO  [order-service] txn_id=TXN-100788 customer_id=C10433 action=checkout order_id=ORD-550242 product_id=NM-1001 qty=1 amount=18999.00 payment_method=COD status=SUCCESS response_ms=357 region=North
2026-09-17T20:00:02.000+05:30 INFO  [platform] Heartbeat OK services=5 jvm_heap_used_pct=67
2026-09-17T20:06:02.126+05:30 INFO  [cart-service] txn_id=TXN-100804 customer_id=C10389 action=addtocart product_id=NM-2001 qty=3 status=SUCCESS response_ms=67
2026-09-17T20:06:26.409+05:30 INFO  [order-service] txn_id=TXN-100805 customer_id=C10389 action=checkout order_id=ORD-550248 product_id=NM-2001 qty=3 amount=4497.00 payment_method=CARD status=SUCCESS response_ms=409 region=South
2026-09-17T20:11:35.209+05:30 INFO  [auth-service] txn_id=TXN-100806 customer_id=C10151 action=login status=SUCCESS response_ms=130
2026-09-17T20:11:40.140+05:30 INFO  [auth-service] txn_id=TXN-100801 customer_id=C10277 action=login status=SUCCESS response_ms=156
2026-09-17T20:11:46.073+05:30 INFO  [cart-service] txn_id=TXN-100802 customer_id=C10277 action=addtocart product_id=NM-2004 qty=1 status=SUCCESS response_ms=71
2026-09-17T20:12:09.085+05:30 INFO  [cart-service] txn_id=TXN-100807 customer_id=C10151 action=addtocart product_id=NM-5003 qty=2 status=SUCCESS response_ms=85
2026-09-17T20:12:41.311+05:30 INFO  [order-service] txn_id=TXN-100803 customer_id=C10277 action=checkout order_id=ORD-550247 product_id=NM-2004 qty=1 amount=2299.00 payment_method=UPI status=SUCCESS response_ms=311 region=North
2026-09-17T20:13:36.300+05:30 INFO  [order-service] txn_id=TXN-100808 customer_id=C10151 action=checkout order_id=ORD-550249 product_id=NM-5003 qty=2 amount=12998.00 payment_method=COD status=SUCCESS response_ms=300 region=North
2026-09-17T20:17:01.000+05:30 ERROR [search-service] Elasticsearch query failed: connection reset by peer (node=es-data-02)
2026-09-17T20:24:14.252+05:30 INFO  [cart-service] txn_id=TXN-100814 customer_id=C10527 action=addtocart product_id=NM-1001 qty=3 status=SUCCESS response_ms=168
2026-09-17T20:25:04.459+05:30 INFO  [order-service] txn_id=TXN-100815 customer_id=C10527 action=checkout order_id=ORD-550252 product_id=NM-1001 qty=3 amount=56997.00 payment_method=UPI status=SUCCESS response_ms=459 region=East
2026-09-17T20:25:49.000+05:30 WARN  [inventory-service] Low stock alert product_id=NM-3002 remaining=5 warehouse=WH-DEL
2026-09-17T20:29:08.000+05:30 WARN  [inventory-service] Low stock alert product_id=NM-4002 remaining=1 warehouse=WH-BLR
2026-09-17T20:39:08.071+05:30 INFO  [auth-service] txn_id=TXN-100798 customer_id=C10419 action=login status=SUCCESS response_ms=160
2026-09-17T20:39:20.069+05:30 INFO  [auth-service] txn_id=TXN-100811 customer_id=C10272 action=login status=SUCCESS response_ms=138
2026-09-17T20:39:48.021+05:30 INFO  [cart-service] txn_id=TXN-100799 customer_id=C10419 action=addtocart product_id=NM-6002 qty=1 status=SUCCESS response_ms=127
2026-09-17T20:39:53.129+05:30 INFO  [cart-service] txn_id=TXN-100812 customer_id=C10272 action=addtocart product_id=NM-5001 qty=1 status=SUCCESS response_ms=124
2026-09-17T20:40:10.321+05:30 WARN  [order-service] txn_id=TXN-100813 customer_id=C10272 action=checkout order_id=ORD-550251 product_id=NM-5001 qty=1 amount=1299.00 payment_method=UPI status=DECLINED error_code=PAY_DECLINED response_ms=321 region=North
2026-09-17T20:40:29.106+05:30 INFO  [cart-service] txn_id=TXN-100809 customer_id=C10584 action=addtocart product_id=NM-6001 qty=1 status=SUCCESS response_ms=151
2026-09-17T20:40:36.348+05:30 INFO  [order-service] txn_id=TXN-100800 customer_id=C10419 action=checkout order_id=ORD-550246 product_id=NM-6002 qty=1 amount=799.00 payment_method=UPI status=SUCCESS response_ms=348 region=South
2026-09-17T20:41:25.173+05:30 INFO  [order-service] txn_id=TXN-100810 customer_id=C10584 action=checkout order_id=ORD-550250 product_id=NM-6001 qty=1 amount=349.00 payment_method=COD status=SUCCESS response_ms=173 region=West
2026-09-17T20:42:20.104+05:30 INFO  [cart-service] txn_id=TXN-100796 customer_id=C10387 action=addtocart product_id=NM-1002 qty=1 status=SUCCESS response_ms=116
2026-09-17T20:43:07.332+05:30 INFO  [order-service] txn_id=TXN-100797 customer_id=C10387 action=checkout order_id=ORD-550245 product_id=NM-1002 qty=1 amount=2499.00 payment_method=UPI status=SUCCESS response_ms=332 region=North
2026-09-17T21:00:01.000+05:30 INFO  [platform] Heartbeat OK services=5 jvm_heap_used_pct=52
2026-09-17T21:03:01.148+05:30 INFO  [cart-service] txn_id=TXN-100820 customer_id=C10591 action=addtocart product_id=NM-1003 qty=1 status=SUCCESS response_ms=85
2026-09-17T21:04:20.388+05:30 INFO  [order-service] txn_id=TXN-100821 customer_id=C10591 action=checkout order_id=ORD-550254 product_id=NM-1003 qty=1 amount=1799.00 payment_method=NETBANKING status=SUCCESS response_ms=388 region=North
2026-09-17T21:09:48.033+05:30 INFO  [cart-service] txn_id=TXN-100829 customer_id=C10080 action=addtocart product_id=NM-1001 qty=1 status=SUCCESS response_ms=77
2026-09-17T21:09:48.031+05:30 INFO  [auth-service] txn_id=TXN-100834 customer_id=C10214 action=login status=SUCCESS response_ms=172
2026-09-17T21:10:20.059+05:30 INFO  [cart-service] txn_id=TXN-100835 customer_id=C10214 action=addtocart product_id=NM-1001 qty=1 status=SUCCESS response_ms=74
2026-09-17T21:14:02.251+05:30 INFO  [auth-service] txn_id=TXN-100837 customer_id=C10605 action=login status=SUCCESS response_ms=162
2026-09-17T21:14:14.258+05:30 INFO  [auth-service] txn_id=TXN-100818 customer_id=C10586 action=login status=SUCCESS response_ms=102
2026-09-17T21:14:36.159+05:30 INFO  [cart-service] txn_id=TXN-100845 customer_id=C10139 action=addtocart product_id=NM-1001 qty=1 status=SUCCESS response_ms=125
2026-09-17T21:14:38.088+05:30 INFO  [cart-service] txn_id=TXN-100838 customer_id=C10605 action=addtocart product_id=NM-6002 qty=1 status=SUCCESS response_ms=179
2026-09-17T21:14:53.066+05:30 INFO  [cart-service] txn_id=TXN-100819 customer_id=C10586 action=addtocart product_id=NM-3004 qty=1 status=SUCCESS response_ms=60
2026-09-17T21:15:45.263+05:30 INFO  [order-service] txn_id=TXN-100839 customer_id=C10605 action=checkout order_id=ORD-550259 product_id=NM-6002 qty=1 amount=799.00 payment_method=CARD status=SUCCESS response_ms=263 region=West
2026-09-17T21:16:27.259+05:30 INFO  [cart-service] txn_id=TXN-100816 customer_id=C10537 action=addtocart product_id=NM-4001 qty=1 status=SUCCESS response_ms=68
2026-09-17T21:16:33.144+05:30 INFO  [order-service] txn_id=TXN-100846 customer_id=C10139 action=checkout order_id=ORD-550261 product_id=NM-1001 qty=1 amount=18999.00 payment_method=CARD status=SUCCESS response_ms=144 region=East
2026-09-17T21:16:46.102+05:30 INFO  [cart-service] txn_id=TXN-100825 customer_id=C10182 action=addtocart product_id=NM-6002 qty=1 status=SUCCESS response_ms=108
2026-09-17T21:18:00.395+05:30 INFO  [order-service] txn_id=TXN-100817 customer_id=C10537 action=checkout order_id=ORD-550253 product_id=NM-4001 qty=1 amount=899.00 payment_method=CARD status=SUCCESS response_ms=395 region=West
2026-09-17T21:18:13.480+05:30 INFO  [order-service] txn_id=TXN-100826 customer_id=C10182 action=checkout order_id=ORD-550256 product_id=NM-6002 qty=1 amount=799.00 payment_method=WALLET status=SUCCESS response_ms=480 region=West
2026-09-17T21:20:24.222+05:30 INFO  [auth-service] txn_id=TXN-100840 customer_id=C10610 action=login status=SUCCESS response_ms=79
2026-09-17T21:20:44.081+05:30 INFO  [cart-service] txn_id=TXN-100841 customer_id=C10610 action=addtocart product_id=NM-3004 qty=1 status=SUCCESS response_ms=92
2026-09-17T21:20:55.250+05:30 INFO  [auth-service] txn_id=TXN-100830 customer_id=C10365 action=login status=SUCCESS response_ms=175
2026-09-17T21:21:33.296+05:30 INFO  [cart-service] txn_id=TXN-100831 customer_id=C10365 action=addtocart product_id=NM-3001 qty=1 status=SUCCESS response_ms=161
2026-09-17T21:22:00.334+05:30 INFO  [order-service] txn_id=TXN-100842 customer_id=C10610 action=checkout order_id=ORD-550260 product_id=NM-3004 qty=1 amount=599.00 payment_method=CARD status=SUCCESS response_ms=334 region=South
2026-09-17T21:25:46.239+05:30 INFO  [cart-service] txn_id=TXN-100827 customer_id=C10449 action=addtocart product_id=NM-1001 qty=1 status=SUCCESS response_ms=162
2026-09-17T21:27:18.387+05:30 INFO  [order-service] txn_id=TXN-100828 customer_id=C10449 action=checkout order_id=ORD-550257 product_id=NM-1001 qty=1 amount=18999.00 payment_method=COD status=SUCCESS response_ms=387 region=North
2026-09-17T21:32:26.024+05:30 INFO  [auth-service] txn_id=TXN-100843 customer_id=C10178 action=login status=SUCCESS response_ms=107
2026-09-17T21:32:40.131+05:30 INFO  [cart-service] txn_id=TXN-100844 customer_id=C10178 action=addtocart product_id=NM-4001 qty=1 status=SUCCESS response_ms=47
2026-09-17T21:32:46.271+05:30 INFO  [cart-service] txn_id=TXN-100836 customer_id=C10029 action=addtocart product_id=NM-3004 qty=2 status=SUCCESS response_ms=51
2026-09-17T21:45:33.291+05:30 INFO  [auth-service] txn_id=TXN-100822 customer_id=C10549 action=login status=SUCCESS response_ms=137
2026-09-17T21:45:46.064+05:30 INFO  [cart-service] txn_id=TXN-100823 customer_id=C10549 action=addtocart product_id=NM-1004 qty=1 status=SUCCESS response_ms=177
2026-09-17T21:47:29.183+05:30 INFO  [order-service] txn_id=TXN-100824 customer_id=C10549 action=checkout order_id=ORD-550255 product_id=NM-1004 qty=1 amount=27999.00 payment_method=CARD status=SUCCESS response_ms=183 region=East
2026-09-17T21:53:39.000+05:30 WARN  [inventory-service] Low stock alert product_id=NM-5003 remaining=2 warehouse=WH-BLR
2026-09-17T21:57:51.252+05:30 INFO  [cart-service] txn_id=TXN-100832 customer_id=C10208 action=addtocart product_id=NM-1002 qty=2 status=SUCCESS response_ms=139
2026-09-17T21:59:17.164+05:30 INFO  [order-service] txn_id=TXN-100833 customer_id=C10208 action=checkout order_id=ORD-550258 product_id=NM-1002 qty=2 amount=4998.00 payment_method=CARD status=SUCCESS response_ms=164 region=West
2026-09-17T22:00:01.000+05:30 INFO  [platform] Heartbeat OK services=5 jvm_heap_used_pct=52
2026-09-17T22:03:10.048+05:30 INFO  [cart-service] txn_id=TXN-100847 customer_id=C10593 action=addtocart product_id=NM-5003 qty=1 status=SUCCESS response_ms=105
2026-09-17T22:04:40.158+05:30 INFO  [order-service] txn_id=TXN-100848 customer_id=C10593 action=checkout order_id=ORD-550262 product_id=NM-5003 qty=1 amount=6499.00 payment_method=UPI status=SUCCESS response_ms=158 region=South
2026-09-17T22:17:13.103+05:30 INFO  [cart-service] txn_id=TXN-100851 customer_id=C10448 action=addtocart product_id=NM-5003 qty=1 status=SUCCESS response_ms=139
2026-09-17T22:18:41.261+05:30 INFO  [order-service] txn_id=TXN-100852 customer_id=C10448 action=checkout order_id=ORD-550263 product_id=NM-5003 qty=1 amount=6499.00 payment_method=WALLET status=SUCCESS response_ms=261 region=East
2026-09-17T22:47:47.115+05:30 INFO  [cart-service] txn_id=TXN-100849 customer_id=C10007 action=addtocart product_id=NM-2001 qty=1 status=SUCCESS response_ms=122
2026-09-17T23:00:00.000+05:30 INFO  [platform] Heartbeat OK services=5 jvm_heap_used_pct=67
2026-09-17T23:01:04.168+05:30 INFO  [cart-service] txn_id=TXN-100850 customer_id=C10399 action=addtocart product_id=NM-2004 qty=1 status=SUCCESS response_ms=113
2026-09-17T23:06:59.251+05:30 INFO  [cart-service] txn_id=TXN-100856 customer_id=C10222 action=addtocart product_id=NM-5002 qty=1 status=SUCCESS response_ms=161
2026-09-17T23:08:40.210+05:30 INFO  [order-service] txn_id=TXN-100857 customer_id=C10222 action=checkout order_id=ORD-550265 product_id=NM-5002 qty=1 amount=3999.00 payment_method=CARD status=SUCCESS response_ms=210 region=South
2026-09-17T23:14:46.146+05:30 INFO  [cart-service] txn_id=TXN-100858 customer_id=C10269 action=addtocart product_id=NM-1005 qty=1 status=SUCCESS response_ms=54
2026-09-17T23:17:10.000+05:30 WARN  [inventory-service] Low stock alert product_id=NM-3002 remaining=8 warehouse=WH-MUM
2026-09-17T23:22:42.000+05:30 ERROR [search-service] Elasticsearch query failed: connection reset by peer (node=es-data-02)
2026-09-17T23:25:07.294+05:30 INFO  [auth-service] txn_id=TXN-100853 customer_id=C10124 action=login status=SUCCESS response_ms=152
2026-09-17T23:25:27.103+05:30 INFO  [cart-service] txn_id=TXN-100854 customer_id=C10124 action=addtocart product_id=NM-5001 qty=1 status=SUCCESS response_ms=99
2026-09-17T23:25:56.254+05:30 INFO  [order-service] txn_id=TXN-100855 customer_id=C10124 action=checkout order_id=ORD-550264 product_id=NM-5001 qty=1 amount=1299.00 payment_method=NETBANKING status=SUCCESS response_ms=254 region=North
2026-09-17T23:38:48.288+05:30 INFO  [cart-service] txn_id=TXN-100859 customer_id=C10482 action=addtocart product_id=NM-4002 qty=1 status=SUCCESS response_ms=63
2026-09-17T23:39:55.325+05:30 INFO  [order-service] txn_id=TXN-100860 customer_id=C10482 action=checkout order_id=ORD-550266 product_id=NM-4002 qty=1 amount=399.00 payment_method=NETBANKING status=SUCCESS response_ms=325 region=East
2026-09-17T23:42:35.000+05:30 ERROR [search-service] Elasticsearch query failed: connection reset by peer (node=es-data-02)
2026-09-18T00:00:01.000+05:30 INFO  [platform] Heartbeat OK services=5 jvm_heap_used_pct=55
2026-09-18T00:01:47.166+05:30 INFO  [auth-service] txn_id=TXN-100863 customer_id=C10246 action=login status=SUCCESS response_ms=175
2026-09-18T00:01:55.264+05:30 INFO  [cart-service] txn_id=TXN-100864 customer_id=C10246 action=addtocart product_id=NM-1002 qty=1 status=SUCCESS response_ms=91
2026-09-18T00:18:15.091+05:30 INFO  [cart-service] txn_id=TXN-100861 customer_id=C10199 action=addtocart product_id=NM-4002 qty=2 status=SUCCESS response_ms=144
2026-09-18T00:20:04.478+05:30 INFO  [order-service] txn_id=TXN-100862 customer_id=C10199 action=checkout order_id=ORD-550267 product_id=NM-4002 qty=2 amount=798.00 payment_method=UPI status=SUCCESS response_ms=478 region=South
2026-09-18T01:00:01.000+05:30 INFO  [platform] Heartbeat OK services=5 jvm_heap_used_pct=51
2026-09-18T02:00:01.000+05:30 INFO  [platform] Heartbeat OK services=5 jvm_heap_used_pct=65
2026-09-18T02:56:28.223+05:30 INFO  [cart-service] txn_id=TXN-100865 customer_id=C10402 action=addtocart product_id=NM-1004 qty=1 status=SUCCESS response_ms=46
2026-09-18T02:57:05.252+05:30 INFO  [order-service] txn_id=TXN-100866 customer_id=C10402 action=checkout order_id=ORD-550268 product_id=NM-1004 qty=1 amount=27999.00 payment_method=CARD status=SUCCESS response_ms=252 region=South
2026-09-18T03:00:02.000+05:30 INFO  [platform] Heartbeat OK services=5 jvm_heap_used_pct=58
2026-09-18T04:00:01.000+05:30 INFO  [platform] Heartbeat OK services=5 jvm_heap_used_pct=71
2026-09-18T05:00:01.000+05:30 INFO  [platform] Heartbeat OK services=5 jvm_heap_used_pct=64
2026-09-18T05:09:18.000+05:30 ERROR [search-service] Elasticsearch query failed: connection reset by peer (node=es-data-02)
2026-09-18T06:00:02.000+05:30 INFO  [platform] Heartbeat OK services=5 jvm_heap_used_pct=50
2026-09-18T07:00:01.000+05:30 INFO  [platform] Heartbeat OK services=5 jvm_heap_used_pct=65
2026-09-18T07:03:20.119+05:30 INFO  [cart-service] txn_id=TXN-100871 customer_id=C10333 action=addtocart product_id=NM-5003 qty=1 status=SUCCESS response_ms=90
2026-09-18T07:03:43.442+05:30 INFO  [order-service] txn_id=TXN-100872 customer_id=C10333 action=checkout order_id=ORD-550270 product_id=NM-5003 qty=1 amount=6499.00 payment_method=CARD status=SUCCESS response_ms=442 region=West
2026-09-18T07:10:28.230+05:30 INFO  [cart-service] txn_id=TXN-100870 customer_id=C10208 action=addtocart product_id=NM-1002 qty=1 status=SUCCESS response_ms=157
2026-09-18T07:17:32.028+05:30 INFO  [auth-service] txn_id=TXN-100867 customer_id=C10168 action=login status=SUCCESS response_ms=52
2026-09-18T07:18:07.182+05:30 INFO  [cart-service] txn_id=TXN-100868 customer_id=C10168 action=addtocart product_id=NM-3002 qty=2 status=SUCCESS response_ms=83
2026-09-18T07:19:41.195+05:30 INFO  [order-service] txn_id=TXN-100869 customer_id=C10168 action=checkout order_id=ORD-550269 product_id=NM-3002 qty=2 amount=11998.00 payment_method=CARD status=SUCCESS response_ms=195 region=West
2026-09-18T08:00:02.000+05:30 INFO  [platform] Heartbeat OK services=5 jvm_heap_used_pct=70
2026-09-18T08:11:58.277+05:30 INFO  [auth-service] txn_id=TXN-100875 customer_id=C10093 action=login status=SUCCESS response_ms=66
2026-09-18T08:12:24.259+05:30 INFO  [cart-service] txn_id=TXN-100876 customer_id=C10093 action=addtocart product_id=NM-6001 qty=1 status=SUCCESS response_ms=47
2026-09-18T08:13:12.437+05:30 INFO  [order-service] txn_id=TXN-100877 customer_id=C10093 action=checkout order_id=ORD-550271 product_id=NM-6001 qty=1 amount=349.00 payment_method=UPI status=SUCCESS response_ms=437 region=North
2026-09-18T08:15:15.025+05:30 INFO  [cart-service] txn_id=TXN-100878 customer_id=C10438 action=addtocart product_id=NM-3003 qty=1 status=SUCCESS response_ms=34
2026-09-18T08:31:58.242+05:30 INFO  [auth-service] txn_id=TXN-100873 customer_id=C10311 action=login status=SUCCESS response_ms=85
2026-09-18T08:32:07.138+05:30 INFO  [cart-service] txn_id=TXN-100874 customer_id=C10311 action=addtocart product_id=NM-1002 qty=1 status=SUCCESS response_ms=148
2026-09-18T08:45:26.000+05:30 ERROR [search-service] Elasticsearch query failed: connection reset by peer (node=es-data-02)
2026-09-18T09:00:02.125+05:30 INFO  [auth-service] txn_id=TXN-100879 customer_id=C10527 action=login status=SUCCESS response_ms=219
2026-09-18T09:00:02.000+05:30 INFO  [platform] Heartbeat OK services=5 jvm_heap_used_pct=44
2026-09-18T09:00:28.195+05:30 INFO  [cart-service] txn_id=TXN-100880 customer_id=C10527 action=addtocart product_id=NM-1003 qty=1 status=SUCCESS response_ms=87
2026-09-18T09:01:39.285+05:30 INFO  [order-service] txn_id=TXN-100881 customer_id=C10527 action=checkout order_id=ORD-550272 product_id=NM-1003 qty=1 amount=1799.00 payment_method=NETBANKING status=SUCCESS response_ms=285 region=East
2026-09-18T09:18:32.195+05:30 INFO  [auth-service] txn_id=TXN-100882 customer_id=C10391 action=login status=SUCCESS response_ms=190
2026-09-18T09:19:00.264+05:30 INFO  [cart-service] txn_id=TXN-100883 customer_id=C10391 action=addtocart product_id=NM-2003 qty=2 status=SUCCESS response_ms=88
2026-09-18T09:25:44.261+05:30 INFO  [auth-service] txn_id=TXN-100891 customer_id=C10532 action=login status=SUCCESS response_ms=114
2026-09-18T09:26:14.120+05:30 INFO  [cart-service] txn_id=TXN-100892 customer_id=C10532 action=addtocart product_id=NM-1002 qty=2 status=SUCCESS response_ms=113
2026-09-18T09:27:36.338+05:30 INFO  [order-service] txn_id=TXN-100893 customer_id=C10532 action=checkout order_id=ORD-550275 product_id=NM-1002 qty=2 amount=4998.00 payment_method=UPI status=SUCCESS response_ms=338 region=North
2026-09-18T09:29:40.201+05:30 INFO  [auth-service] txn_id=TXN-100886 customer_id=C10245 action=login status=SUCCESS response_ms=72
2026-09-18T09:30:19.271+05:30 INFO  [cart-service] txn_id=TXN-100887 customer_id=C10245 action=addtocart product_id=NM-3004 qty=2 status=SUCCESS response_ms=174
2026-09-18T09:34:53.041+05:30 INFO  [cart-service] txn_id=TXN-100884 customer_id=C10048 action=addtocart product_id=NM-1001 qty=1 status=SUCCESS response_ms=31
2026-09-18T09:36:13.176+05:30 INFO  [order-service] txn_id=TXN-100885 customer_id=C10048 action=checkout order_id=ORD-550273 product_id=NM-1001 qty=1 amount=18999.00 payment_method=CARD status=SUCCESS response_ms=176 region=North
2026-09-18T09:47:42.237+05:30 INFO  [auth-service] txn_id=TXN-100888 customer_id=C10603 action=login status=SUCCESS response_ms=204
2026-09-18T09:47:48.134+05:30 INFO  [cart-service] txn_id=TXN-100889 customer_id=C10603 action=addtocart product_id=NM-3004 qty=1 status=SUCCESS response_ms=75
2026-09-18T09:48:35.129+05:30 WARN  [order-service] txn_id=TXN-100890 customer_id=C10603 action=checkout order_id=ORD-550274 product_id=NM-3004 qty=1 amount=599.00 payment_method=UPI status=DECLINED error_code=PAY_DECLINED response_ms=129 region=West
2026-09-18T10:00:00.000+05:30 INFO  [platform] Heartbeat OK services=5 jvm_heap_used_pct=54
2026-09-18T10:00:12.000+05:30 WARN  [inventory-service] Low stock alert product_id=NM-2003 remaining=3 warehouse=WH-MUM
2026-09-18T10:10:26.288+05:30 INFO  [cart-service] txn_id=TXN-100894 customer_id=C10174 action=addtocart product_id=NM-3001 qty=1 status=SUCCESS response_ms=39
2026-09-18T10:11:09.223+05:30 INFO  [cart-service] txn_id=TXN-100908 customer_id=C10466 action=addtocart product_id=NM-2003 qty=1 status=SUCCESS response_ms=104
2026-09-18T10:19:54.069+05:30 INFO  [auth-service] txn_id=TXN-100902 customer_id=C10509 action=login status=SUCCESS response_ms=124
2026-09-18T10:20:13.284+05:30 INFO  [cart-service] txn_id=TXN-100903 customer_id=C10509 action=addtocart product_id=NM-1002 qty=1 status=SUCCESS response_ms=158
2026-09-18T10:21:05.153+05:30 INFO  [order-service] txn_id=TXN-100904 customer_id=C10509 action=checkout order_id=ORD-550279 product_id=NM-1002 qty=1 amount=2499.00 payment_method=CARD status=SUCCESS response_ms=153 region=West
2026-09-18T10:40:52.209+05:30 INFO  [auth-service] txn_id=TXN-100905 customer_id=C10533 action=login status=SUCCESS response_ms=145
2026-09-18T10:40:56.148+05:30 INFO  [cart-service] txn_id=TXN-100906 customer_id=C10533 action=addtocart product_id=NM-3001 qty=2 status=SUCCESS response_ms=94
2026-09-18T10:42:10.393+05:30 INFO  [order-service] txn_id=TXN-100907 customer_id=C10533 action=checkout order_id=ORD-550280 product_id=NM-3001 qty=2 amount=6998.00 payment_method=UPI status=SUCCESS response_ms=393 region=North
2026-09-18T10:47:19.142+05:30 INFO  [auth-service] txn_id=TXN-100895 customer_id=C10393 action=login status=SUCCESS response_ms=171
2026-09-18T10:47:43.215+05:30 INFO  [cart-service] txn_id=TXN-100896 customer_id=C10393 action=addtocart product_id=NM-4002 qty=1 status=SUCCESS response_ms=178
2026-09-18T10:47:58.457+05:30 INFO  [order-service] txn_id=TXN-100897 customer_id=C10393 action=checkout order_id=ORD-550276 product_id=NM-4002 qty=1 amount=399.00 payment_method=COD status=SUCCESS response_ms=457 region=East
2026-09-18T10:49:16.121+05:30 INFO  [cart-service] txn_id=TXN-100900 customer_id=C10402 action=addtocart product_id=NM-6002 qty=1 status=SUCCESS response_ms=176
2026-09-18T10:50:23.248+05:30 INFO  [cart-service] txn_id=TXN-100909 customer_id=C10253 action=addtocart product_id=NM-6001 qty=2 status=SUCCESS response_ms=89
2026-09-18T10:50:55.283+05:30 INFO  [order-service] txn_id=TXN-100901 customer_id=C10402 action=checkout order_id=ORD-550278 product_id=NM-6002 qty=1 amount=799.00 payment_method=UPI status=SUCCESS response_ms=283 region=South
2026-09-18T10:56:36.080+05:30 INFO  [cart-service] txn_id=TXN-100898 customer_id=C10065 action=addtocart product_id=NM-6002 qty=1 status=SUCCESS response_ms=104
2026-09-18T10:57:53.470+05:30 INFO  [order-service] txn_id=TXN-100899 customer_id=C10065 action=checkout order_id=ORD-550277 product_id=NM-6002 qty=1 amount=799.00 payment_method=UPI status=SUCCESS response_ms=470 region=East
2026-09-18T11:00:00.000+05:30 INFO  [platform] Heartbeat OK services=5 jvm_heap_used_pct=40
2026-09-18T11:00:08.000+05:30 ERROR [search-service] Elasticsearch query failed: connection reset by peer (node=es-data-02)
2026-09-18T11:02:13.050+05:30 INFO  [cart-service] txn_id=TXN-100917 customer_id=C10294 action=addtocart product_id=NM-1004 qty=1 status=SUCCESS response_ms=110
2026-09-18T11:02:24.057+05:30 INFO  [auth-service] txn_id=TXN-100912 customer_id=C10293 action=login status=SUCCESS response_ms=182
2026-09-18T11:02:44.074+05:30 INFO  [cart-service] txn_id=TXN-100913 customer_id=C10293 action=addtocart product_id=NM-1003 qty=1 status=SUCCESS response_ms=137
2026-09-18T11:07:25.087+05:30 INFO  [cart-service] txn_id=TXN-100918 customer_id=C10499 action=addtocart product_id=NM-3002 qty=1 status=SUCCESS response_ms=51
2026-09-18T11:44:41.188+05:30 INFO  [auth-service] txn_id=TXN-100919 customer_id=C10056 action=login status=SUCCESS response_ms=173
2026-09-18T11:44:53.275+05:30 INFO  [cart-service] txn_id=TXN-100920 customer_id=C10056 action=addtocart product_id=NM-6001 qty=2 status=SUCCESS response_ms=73
2026-09-18T11:45:47.215+05:30 INFO  [order-service] txn_id=TXN-100921 customer_id=C10056 action=checkout order_id=ORD-550283 product_id=NM-6001 qty=2 amount=698.00 payment_method=UPI status=SUCCESS response_ms=215 region=North
2026-09-18T11:52:29.224+05:30 INFO  [cart-service] txn_id=TXN-100922 customer_id=C10550 action=addtocart product_id=NM-3001 qty=1 status=SUCCESS response_ms=124
2026-09-18T11:52:37.080+05:30 INFO  [auth-service] txn_id=TXN-100914 customer_id=C10256 action=login status=SUCCESS response_ms=87
2026-09-18T11:53:12.260+05:30 INFO  [cart-service] txn_id=TXN-100915 customer_id=C10256 action=addtocart product_id=NM-1005 qty=1 status=SUCCESS response_ms=56
2026-09-18T11:55:16.361+05:30 INFO  [order-service] txn_id=TXN-100916 customer_id=C10256 action=checkout order_id=ORD-550282 product_id=NM-1005 qty=1 amount=4999.00 payment_method=WALLET status=SUCCESS response_ms=361 region=West
2026-09-18T11:55:41.243+05:30 INFO  [cart-service] txn_id=TXN-100910 customer_id=C10337 action=addtocart product_id=NM-6001 qty=2 status=SUCCESS response_ms=105
2026-09-18T11:56:21.383+05:30 INFO  [order-service] txn_id=TXN-100911 customer_id=C10337 action=checkout order_id=ORD-550281 product_id=NM-6001 qty=2 amount=698.00 payment_method=COD status=SUCCESS response_ms=383 region=West
2026-09-18T12:00:00.000+05:30 INFO  [platform] Heartbeat OK services=5 jvm_heap_used_pct=70
2026-09-18T12:12:01.241+05:30 INFO  [cart-service] txn_id=TXN-100931 customer_id=C10242 action=addtocart product_id=NM-5002 qty=1 status=SUCCESS response_ms=74
2026-09-18T12:13:26.177+05:30 INFO  [order-service] txn_id=TXN-100932 customer_id=C10242 action=checkout order_id=ORD-550286 product_id=NM-5002 qty=1 amount=3999.00 payment_method=WALLET status=SUCCESS response_ms=177 region=North
2026-09-18T12:15:42.080+05:30 INFO  [cart-service] txn_id=TXN-100933 customer_id=C10192 action=addtocart product_id=NM-1004 qty=2 status=SUCCESS response_ms=66
2026-09-18T12:15:49.060+05:30 INFO  [auth-service] txn_id=TXN-100928 customer_id=C10073 action=login status=SUCCESS response_ms=48
2026-09-18T12:16:24.204+05:30 INFO  [cart-service] txn_id=TXN-100929 customer_id=C10073 action=addtocart product_id=NM-3001 qty=2 status=SUCCESS response_ms=180
2026-09-18T12:18:07.225+05:30 WARN  [order-service] txn_id=TXN-100930 customer_id=C10073 action=checkout order_id=ORD-550285 product_id=NM-3001 qty=2 amount=6998.00 payment_method=CARD status=DECLINED error_code=PAY_DECLINED response_ms=225 region=North
2026-09-18T12:20:10.219+05:30 INFO  [cart-service] txn_id=TXN-100927 customer_id=C10609 action=addtocart product_id=NM-2002 qty=1 status=SUCCESS response_ms=156
2026-09-18T12:33:00.123+05:30 INFO  [cart-service] txn_id=TXN-100926 customer_id=C10631 action=addtocart product_id=NM-1002 qty=1 status=SUCCESS response_ms=179
2026-09-18T12:34:08.129+05:30 INFO  [auth-service] txn_id=TXN-100923 customer_id=C10550 action=login status=SUCCESS response_ms=155
2026-09-18T12:34:19.181+05:30 INFO  [cart-service] txn_id=TXN-100924 customer_id=C10550 action=addtocart product_id=NM-2001 qty=1 status=SUCCESS response_ms=89
2026-09-18T12:35:29.184+05:30 INFO  [order-service] txn_id=TXN-100925 customer_id=C10550 action=checkout order_id=ORD-550284 product_id=NM-2001 qty=1 amount=1499.00 payment_method=UPI status=SUCCESS response_ms=184 region=North
2026-09-18T12:58:04.069+05:30 INFO  [cart-service] txn_id=TXN-100934 customer_id=C10505 action=addtocart product_id=NM-5001 qty=1 status=SUCCESS response_ms=161
2026-09-18T12:59:17.440+05:30 INFO  [order-service] txn_id=TXN-100935 customer_id=C10505 action=checkout order_id=ORD-550287 product_id=NM-5001 qty=1 amount=1299.00 payment_method=UPI status=SUCCESS response_ms=440 region=East
2026-09-18T13:00:02.000+05:30 INFO  [platform] Heartbeat OK services=5 jvm_heap_used_pct=62
2026-09-18T13:02:22.104+05:30 INFO  [cart-service] txn_id=TXN-100939 customer_id=C10611 action=addtocart product_id=NM-3002 qty=1 status=SUCCESS response_ms=165
2026-09-18T13:06:07.246+05:30 INFO  [cart-service] txn_id=TXN-100940 customer_id=C10228 action=addtocart product_id=NM-4001 qty=2 status=SUCCESS response_ms=42
2026-09-18T13:07:34.427+05:30 INFO  [order-service] txn_id=TXN-100941 customer_id=C10228 action=checkout order_id=ORD-550289 product_id=NM-4001 qty=2 amount=1798.00 payment_method=UPI status=SUCCESS response_ms=427 region=South
2026-09-18T13:22:44.120+05:30 INFO  [cart-service] txn_id=TXN-100947 customer_id=C10254 action=addtocart product_id=NM-1002 qty=1 status=SUCCESS response_ms=95
2026-09-18T13:23:54.225+05:30 INFO  [order-service] txn_id=TXN-100948 customer_id=C10254 action=checkout order_id=ORD-550292 product_id=NM-1002 qty=1 amount=2499.00 payment_method=CARD status=SUCCESS response_ms=225 region=South
2026-09-18T13:35:09.188+05:30 INFO  [auth-service] txn_id=TXN-100944 customer_id=C10059 action=login status=SUCCESS response_ms=118
2026-09-18T13:35:16.180+05:30 INFO  [cart-service] txn_id=TXN-100945 customer_id=C10059 action=addtocart product_id=NM-1002 qty=1 status=SUCCESS response_ms=43
2026-09-18T13:36:43.192+05:30 INFO  [order-service] txn_id=TXN-100946 customer_id=C10059 action=checkout order_id=ORD-550291 product_id=NM-1002 qty=1 amount=2499.00 payment_method=CARD status=SUCCESS response_ms=192 region=West
2026-09-18T13:37:28.000+05:30 WARN  [inventory-service] Low stock alert product_id=NM-1005 remaining=9 warehouse=WH-MUM
2026-09-18T13:51:08.219+05:30 INFO  [cart-service] txn_id=TXN-100942 customer_id=C10201 action=addtocart product_id=NM-1005 qty=1 status=SUCCESS response_ms=122
2026-09-18T13:51:57.227+05:30 INFO  [cart-service] txn_id=TXN-100938 customer_id=C10262 action=addtocart product_id=NM-1001 qty=2 status=SUCCESS response_ms=113
2026-09-18T13:52:33.147+05:30 INFO  [order-service] txn_id=TXN-100943 customer_id=C10201 action=checkout order_id=ORD-550290 product_id=NM-1005 qty=1 amount=4999.00 payment_method=COD status=SUCCESS response_ms=147 region=North
2026-09-18T13:55:55.047+05:30 INFO  [cart-service] txn_id=TXN-100936 customer_id=C10190 action=addtocart product_id=NM-3004 qty=1 status=SUCCESS response_ms=138
2026-09-18T13:56:15.139+05:30 INFO  [order-service] txn_id=TXN-100937 customer_id=C10190 action=checkout order_id=ORD-550288 product_id=NM-3004 qty=1 amount=599.00 payment_method=UPI status=SUCCESS response_ms=139 region=South
2026-09-18T14:00:00.000+05:30 INFO  [platform] Heartbeat OK services=5 jvm_heap_used_pct=64
2026-09-18T14:16:16.083+05:30 INFO  [cart-service] txn_id=TXN-100949 customer_id=C10329 action=addtocart product_id=NM-3003 qty=1 status=SUCCESS response_ms=77
2026-09-18T14:16:52.129+05:30 INFO  [order-service] txn_id=TXN-100950 customer_id=C10329 action=checkout order_id=ORD-550293 product_id=NM-3003 qty=1 amount=1199.00 payment_method=COD status=SUCCESS response_ms=129 region=East
2026-09-18T14:24:32.033+05:30 INFO  [cart-service] txn_id=TXN-100958 customer_id=C10176 action=addtocart product_id=NM-5002 qty=1 status=SUCCESS response_ms=96
2026-09-18T14:25:39.298+05:30 INFO  [order-service] txn_id=TXN-100959 customer_id=C10176 action=checkout order_id=ORD-550296 product_id=NM-5002 qty=1 amount=3999.00 payment_method=COD status=SUCCESS response_ms=298 region=South
2026-09-18T14:26:28.212+05:30 INFO  [cart-service] txn_id=TXN-100960 customer_id=C10649 action=addtocart product_id=NM-1002 qty=3 status=SUCCESS response_ms=68
2026-09-18T14:34:36.158+05:30 INFO  [cart-service] txn_id=TXN-100954 customer_id=C10650 action=addtocart product_id=NM-3001 qty=1 status=SUCCESS response_ms=42
2026-09-18T14:35:25.263+05:30 INFO  [order-service] txn_id=TXN-100955 customer_id=C10650 action=checkout order_id=ORD-550294 product_id=NM-3001 qty=1 amount=3499.00 payment_method=UPI status=SUCCESS response_ms=263 region=North
2026-09-18T14:49:08.175+05:30 INFO  [cart-service] txn_id=TXN-100953 customer_id=C10508 action=addtocart product_id=NM-1002 qty=1 status=SUCCESS response_ms=149
2026-09-18T14:53:32.081+05:30 INFO  [cart-service] txn_id=TXN-100956 customer_id=C10522 action=addtocart product_id=NM-1002 qty=1 status=SUCCESS response_ms=157
2026-09-18T14:54:48.166+05:30 INFO  [order-service] txn_id=TXN-100957 customer_id=C10522 action=checkout order_id=ORD-550295 product_id=NM-1002 qty=1 amount=2499.00 payment_method=COD status=SUCCESS response_ms=166 region=North
2026-09-18T14:59:57.000+05:30 WARN  [inventory-service] Low stock alert product_id=NM-2002 remaining=3 warehouse=WH-DEL
2026-09-18T15:00:02.000+05:30 INFO  [platform] Heartbeat OK services=5 jvm_heap_used_pct=48
2026-09-18T15:01:05.250+05:30 INFO  [auth-service] txn_id=TXN-100951 customer_id=C10536 action=login status=SUCCESS response_ms=158
2026-09-18T15:01:24.195+05:30 INFO  [cart-service] txn_id=TXN-100952 customer_id=C10536 action=addtocart product_id=NM-1001 qty=1 status=SUCCESS response_ms=82
2026-09-18T15:33:17.122+05:30 INFO  [auth-service] txn_id=TXN-100965 customer_id=C10033 action=login status=SUCCESS response_ms=77
2026-09-18T15:33:51.203+05:30 INFO  [cart-service] txn_id=TXN-100966 customer_id=C10033 action=addtocart product_id=NM-1003 qty=1 status=SUCCESS response_ms=169
2026-09-18T15:35:03.375+05:30 INFO  [order-service] txn_id=TXN-100967 customer_id=C10033 action=checkout order_id=ORD-550299 product_id=NM-1003 qty=1 amount=1799.00 payment_method=UPI status=SUCCESS response_ms=375 region=West
2026-09-18T15:44:33.031+05:30 INFO  [cart-service] txn_id=TXN-100961 customer_id=C10576 action=addtocart product_id=NM-1002 qty=1 status=SUCCESS response_ms=117
2026-09-18T15:45:32.419+05:30 INFO  [order-service] txn_id=TXN-100962 customer_id=C10576 action=checkout order_id=ORD-550297 product_id=NM-1002 qty=1 amount=2499.00 payment_method=WALLET status=SUCCESS response_ms=419 region=South
2026-09-18T15:52:41.132+05:30 INFO  [cart-service] txn_id=TXN-100963 customer_id=C10175 action=addtocart product_id=NM-2003 qty=1 status=SUCCESS response_ms=104
2026-09-18T15:53:06.236+05:30 INFO  [order-service] txn_id=TXN-100964 customer_id=C10175 action=checkout order_id=ORD-550298 product_id=NM-2003 qty=1 amount=2999.00 payment_method=UPI status=SUCCESS response_ms=236 region=South
2026-09-18T16:00:00.000+05:30 INFO  [platform] Heartbeat OK services=5 jvm_heap_used_pct=67
2026-09-18T16:17:51.046+05:30 INFO  [cart-service] txn_id=TXN-100970 customer_id=C10089 action=addtocart product_id=NM-1002 qty=1 status=SUCCESS response_ms=102
2026-09-18T16:25:56.161+05:30 INFO  [auth-service] txn_id=TXN-100968 customer_id=C10582 action=login status=SUCCESS response_ms=150
2026-09-18T16:26:14.138+05:30 INFO  [cart-service] txn_id=TXN-100969 customer_id=C10582 action=addtocart product_id=NM-2002 qty=1 status=SUCCESS response_ms=108
2026-09-18T16:38:27.255+05:30 INFO  [auth-service] txn_id=TXN-100973 customer_id=C10476 action=login status=SUCCESS response_ms=195
2026-09-18T16:38:59.021+05:30 INFO  [cart-service] txn_id=TXN-100974 customer_id=C10476 action=addtocart product_id=NM-1005 qty=1 status=SUCCESS response_ms=43
2026-09-18T16:52:52.226+05:30 INFO  [cart-service] txn_id=TXN-100971 customer_id=C10078 action=addtocart product_id=NM-3003 qty=1 status=SUCCESS response_ms=108
2026-09-18T16:54:14.169+05:30 WARN  [order-service] txn_id=TXN-100972 customer_id=C10078 action=checkout order_id=ORD-550300 product_id=NM-3003 qty=1 amount=1199.00 payment_method=NETBANKING status=DECLINED error_code=PAY_DECLINED response_ms=169 region=North
2026-09-18T17:00:00.000+05:30 INFO  [platform] Heartbeat OK services=5 jvm_heap_used_pct=64
2026-09-18T17:09:54.281+05:30 INFO  [cart-service] txn_id=TXN-100983 customer_id=C10010 action=addtocart product_id=NM-1002 qty=2 status=SUCCESS response_ms=70
2026-09-18T17:11:32.232+05:30 INFO  [order-service] txn_id=TXN-100984 customer_id=C10010 action=checkout order_id=ORD-550304 product_id=NM-1002 qty=2 amount=4998.00 payment_method=CARD status=SUCCESS response_ms=232 region=North
2026-09-18T17:28:14.075+05:30 INFO  [auth-service] txn_id=TXN-100977 customer_id=C10188 action=login status=SUCCESS response_ms=105
2026-09-18T17:28:27.129+05:30 INFO  [cart-service] txn_id=TXN-100978 customer_id=C10188 action=addtocart product_id=NM-6002 qty=1 status=SUCCESS response_ms=40
2026-09-18T17:38:44.151+05:30 INFO  [cart-service] txn_id=TXN-100975 customer_id=C10296 action=addtocart product_id=NM-1001 qty=1 status=SUCCESS response_ms=99
2026-09-18T17:40:37.280+05:30 INFO  [order-service] txn_id=TXN-100976 customer_id=C10296 action=checkout order_id=ORD-550301 product_id=NM-1001 qty=1 amount=18999.00 payment_method=CARD status=SUCCESS response_ms=280 region=South
2026-09-18T17:44:56.262+05:30 INFO  [cart-service] txn_id=TXN-100979 customer_id=C10597 action=addtocart product_id=NM-3001 qty=1 status=SUCCESS response_ms=87
2026-09-18T17:45:40.364+05:30 INFO  [order-service] txn_id=TXN-100980 customer_id=C10597 action=checkout order_id=ORD-550302 product_id=NM-3001 qty=1 amount=3499.00 payment_method=UPI status=SUCCESS response_ms=364 region=West
2026-09-18T17:55:14.206+05:30 INFO  [cart-service] txn_id=TXN-100981 customer_id=C10030 action=addtocart product_id=NM-4001 qty=1 status=SUCCESS response_ms=95
2026-09-18T17:57:24.140+05:30 INFO  [order-service] txn_id=TXN-100982 customer_id=C10030 action=checkout order_id=ORD-550303 product_id=NM-4001 qty=1 amount=899.00 payment_method=UPI status=SUCCESS response_ms=140 region=South
2026-09-18T18:00:00.000+05:30 INFO  [platform] Heartbeat OK services=5 jvm_heap_used_pct=55
2026-09-18T18:04:59.174+05:30 INFO  [auth-service] txn_id=TXN-100999 customer_id=C10563 action=login status=SUCCESS response_ms=130
2026-09-18T18:05:15.045+05:30 INFO  [cart-service] txn_id=TXN-101000 customer_id=C10563 action=addtocart product_id=NM-3003 qty=1 status=SUCCESS response_ms=67
2026-09-18T18:18:06.296+05:30 INFO  [cart-service] txn_id=TXN-100990 customer_id=C10180 action=addtocart product_id=NM-3004 qty=1 status=SUCCESS response_ms=62
2026-09-18T18:19:19.406+05:30 WARN  [order-service] txn_id=TXN-100991 customer_id=C10180 action=checkout order_id=ORD-550307 product_id=NM-3004 qty=1 amount=599.00 payment_method=NETBANKING status=DECLINED error_code=PAY_DECLINED response_ms=406 region=East
2026-09-18T18:21:30.192+05:30 INFO  [auth-service] txn_id=TXN-100996 customer_id=C10252 action=login status=SUCCESS response_ms=76
2026-09-18T18:21:54.154+05:30 INFO  [cart-service] txn_id=TXN-100997 customer_id=C10252 action=addtocart product_id=NM-3002 qty=1 status=SUCCESS response_ms=40
2026-09-18T18:22:39.457+05:30 INFO  [order-service] txn_id=TXN-100998 customer_id=C10252 action=checkout order_id=ORD-550309 product_id=NM-3002 qty=1 amount=5999.00 payment_method=CARD status=SUCCESS response_ms=457 region=South
2026-09-18T18:24:21.243+05:30 INFO  [auth-service] txn_id=TXN-101001 customer_id=C10650 action=login status=SUCCESS response_ms=160
2026-09-18T18:24:34.150+05:30 INFO  [cart-service] txn_id=TXN-101002 customer_id=C10650 action=addtocart product_id=NM-2004 qty=1 status=SUCCESS response_ms=75
2026-09-18T18:25:05.287+05:30 INFO  [order-service] txn_id=TXN-101003 customer_id=C10650 action=checkout order_id=ORD-550310 product_id=NM-2004 qty=1 amount=2299.00 payment_method=UPI status=SUCCESS response_ms=287 region=North
2026-09-18T18:25:23.189+05:30 INFO  [auth-service] txn_id=TXN-100992 customer_id=C10116 action=login status=SUCCESS response_ms=60
2026-09-18T18:25:36.144+05:30 INFO  [cart-service] txn_id=TXN-101004 customer_id=C10398 action=addtocart product_id=NM-6002 qty=2 status=SUCCESS response_ms=144
2026-09-18T18:25:37.132+05:30 INFO  [cart-service] txn_id=TXN-100993 customer_id=C10116 action=addtocart product_id=NM-3002 qty=1 status=SUCCESS response_ms=37
2026-09-18T18:27:37.348+05:30 INFO  [order-service] txn_id=TXN-100994 customer_id=C10116 action=checkout order_id=ORD-550308 product_id=NM-3002 qty=1 amount=5999.00 payment_method=UPI status=SUCCESS response_ms=348 region=South
2026-09-18T18:30:31.275+05:30 INFO  [cart-service] txn_id=TXN-100995 customer_id=C10506 action=addtocart product_id=NM-1001 qty=1 status=SUCCESS response_ms=72
2026-09-18T18:45:20.276+05:30 INFO  [cart-service] txn_id=TXN-100989 customer_id=C10356 action=addtocart product_id=NM-1004 qty=2 status=SUCCESS response_ms=137
2026-09-18T18:48:36.049+05:30 INFO  [cart-service] txn_id=TXN-100987 customer_id=C10419 action=addtocart product_id=NM-2002 qty=1 status=SUCCESS response_ms=129
2026-09-18T18:50:01.310+05:30 INFO  [order-service] txn_id=TXN-100988 customer_id=C10419 action=checkout order_id=ORD-550306 product_id=NM-2002 qty=1 amount=1899.00 payment_method=UPI status=SUCCESS response_ms=310 region=South
2026-09-18T18:52:54.274+05:30 INFO  [cart-service] txn_id=TXN-100985 customer_id=C10396 action=addtocart product_id=NM-1001 qty=2 status=SUCCESS response_ms=100
2026-09-18T18:54:25.436+05:30 WARN  [order-service] txn_id=TXN-100986 customer_id=C10396 action=checkout order_id=ORD-550305 product_id=NM-1001 qty=2 amount=37998.00 payment_method=CARD status=DECLINED error_code=PAY_DECLINED response_ms=436 region=South
2026-09-18T19:00:01.000+05:30 INFO  [platform] Heartbeat OK services=5 jvm_heap_used_pct=67
2026-09-18T19:01:23.253+05:30 INFO  [auth-service] txn_id=TXN-101213 customer_id=C10617 action=login status=SUCCESS response_ms=150
2026-09-18T19:01:34.288+05:30 INFO  [cart-service] txn_id=TXN-101214 customer_id=C10617 action=addtocart product_id=NM-1003 qty=1 status=SUCCESS response_ms=95
2026-09-18T19:02:14.193+05:30 INFO  [cart-service] txn_id=TXN-101151 customer_id=C10027 action=addtocart product_id=NM-1002 qty=1 status=SUCCESS response_ms=60
2026-09-18T19:02:25.193+05:30 INFO  [cart-service] txn_id=TXN-101147 customer_id=C10164 action=addtocart product_id=NM-1003 qty=1 status=SUCCESS response_ms=31
2026-09-18T19:02:41.082+05:30 INFO  [cart-service] txn_id=TXN-101021 customer_id=C10341 action=addtocart product_id=NM-6002 qty=1 status=SUCCESS response_ms=111
2026-09-18T19:02:45.211+05:30 INFO  [cart-service] txn_id=TXN-101084 customer_id=C10451 action=addtocart product_id=NM-4001 qty=1 status=SUCCESS response_ms=64
2026-09-18T19:02:51.256+05:30 INFO  [cart-service] txn_id=TXN-101052 customer_id=C10322 action=addtocart product_id=NM-1001 qty=1 status=SUCCESS response_ms=91
2026-09-18T19:02:59.224+05:30 INFO  [cart-service] txn_id=TXN-101122 customer_id=C10504 action=addtocart product_id=NM-3002 qty=1 status=SUCCESS response_ms=145
2026-09-18T19:03:10.568+05:30 INFO  [order-service] txn_id=TXN-101152 customer_id=C10027 action=checkout order_id=ORD-550365 product_id=NM-1002 qty=1 amount=2499.00 payment_method=UPI status=SUCCESS response_ms=568 region=North
2026-09-18T19:03:12.868+05:30 INFO  [order-service] txn_id=TXN-101215 customer_id=C10617 action=checkout order_id=ORD-550387 product_id=NM-1003 qty=1 amount=1799.00 payment_method=CARD status=SUCCESS response_ms=868 region=West
2026-09-18T19:03:21.096+05:30 INFO  [auth-service] txn_id=TXN-101035 customer_id=C10605 action=login status=SUCCESS response_ms=205
2026-09-18T19:03:38.356+05:30 INFO  [order-service] txn_id=TXN-101148 customer_id=C10164 action=checkout order_id=ORD-550363 product_id=NM-1003 qty=1 amount=1799.00 payment_method=UPI status=SUCCESS response_ms=356 region=North
2026-09-18T19:03:45.175+05:30 INFO  [cart-service] txn_id=TXN-101036 customer_id=C10605 action=addtocart product_id=NM-1004 qty=1 status=SUCCESS response_ms=53
2026-09-18T19:03:51.855+05:30 WARN  [order-service] txn_id=TXN-101123 customer_id=C10504 action=checkout order_id=ORD-550353 product_id=NM-3002 qty=1 amount=5999.00 payment_method=NETBANKING status=DECLINED error_code=PAY_DECLINED response_ms=855 region=North
2026-09-18T19:03:53.764+05:30 INFO  [order-service] txn_id=TXN-101085 customer_id=C10451 action=checkout order_id=ORD-550338 product_id=NM-4001 qty=1 amount=899.00 payment_method=CARD status=SUCCESS response_ms=764 region=North
2026-09-18T19:04:05.214+05:30 INFO  [cart-service] txn_id=TXN-101064 customer_id=C10527 action=addtocart product_id=NM-1004 qty=1 status=SUCCESS response_ms=150
2026-09-18T19:04:38.598+05:30 INFO  [order-service] txn_id=TXN-101053 customer_id=C10322 action=checkout order_id=ORD-550328 product_id=NM-1001 qty=1 amount=18999.00 payment_method=UPI status=SUCCESS response_ms=598 region=South
2026-09-18T19:05:15.344+05:30 INFO  [order-service] txn_id=TXN-101037 customer_id=C10605 action=checkout order_id=ORD-550323 product_id=NM-1004 qty=1 amount=27999.00 payment_method=NETBANKING status=SUCCESS response_ms=344 region=West
2026-09-18T19:05:18.166+05:30 INFO  [cart-service] txn_id=TXN-101111 customer_id=C10431 action=addtocart product_id=NM-1001 qty=2 status=SUCCESS response_ms=95
2026-09-18T19:05:36.295+05:30 INFO  [cart-service] txn_id=TXN-101144 customer_id=C10619 action=addtocart product_id=NM-1003 qty=1 status=SUCCESS response_ms=108
2026-09-18T19:05:41.279+05:30 INFO  [auth-service] txn_id=TXN-101168 customer_id=C10519 action=login status=SUCCESS response_ms=190
2026-09-18T19:06:08.209+05:30 INFO  [cart-service] txn_id=TXN-101169 customer_id=C10519 action=addtocart product_id=NM-1001 qty=1 status=SUCCESS response_ms=73
2026-09-18T19:06:18.285+05:30 INFO  [auth-service] txn_id=TXN-101042 customer_id=C10174 action=login status=SUCCESS response_ms=185
2026-09-18T19:06:44.161+05:30 INFO  [cart-service] txn_id=TXN-101175 customer_id=C10345 action=addtocart product_id=NM-1005 qty=1 status=SUCCESS response_ms=115
2026-09-18T19:06:51.371+05:30 INFO  [order-service] txn_id=TXN-101112 customer_id=C10431 action=checkout order_id=ORD-550350 product_id=NM-1001 qty=2 amount=37998.00 payment_method=CARD status=SUCCESS response_ms=371 region=South
2026-09-18T19:06:57.237+05:30 INFO  [cart-service] txn_id=TXN-101043 customer_id=C10174 action=addtocart product_id=NM-1004 qty=1 status=SUCCESS response_ms=44
2026-09-18T19:07:03.057+05:30 INFO  [cart-service] txn_id=TXN-101232 customer_id=C10582 action=addtocart product_id=NM-1003 qty=2 status=SUCCESS response_ms=134
2026-09-18T19:07:07.851+05:30 INFO  [order-service] txn_id=TXN-101145 customer_id=C10619 action=checkout order_id=ORD-550362 product_id=NM-1003 qty=1 amount=1799.00 payment_method=UPI status=SUCCESS response_ms=851 region=South
2026-09-18T19:07:15.137+05:30 INFO  [cart-service] txn_id=TXN-101218 customer_id=C10628 action=addtocart product_id=NM-1002 qty=2 status=SUCCESS response_ms=159
2026-09-18T19:07:25.380+05:30 INFO  [order-service] txn_id=TXN-101176 customer_id=C10345 action=checkout order_id=ORD-550373 product_id=NM-1005 qty=1 amount=4999.00 payment_method=UPI status=SUCCESS response_ms=380 region=South
2026-09-18T19:07:28.215+05:30 INFO  [auth-service] txn_id=TXN-101134 customer_id=C10042 action=login status=SUCCESS response_ms=151
2026-09-18T19:07:36.286+05:30 INFO  [cart-service] txn_id=TXN-101193 customer_id=C10153 action=addtocart product_id=NM-1001 qty=1 status=SUCCESS response_ms=48
2026-09-18T19:07:55.227+05:30 INFO  [cart-service] txn_id=TXN-101135 customer_id=C10042 action=addtocart product_id=NM-6002 qty=1 status=SUCCESS response_ms=143
2026-09-18T19:08:09.397+05:30 INFO  [order-service] txn_id=TXN-101194 customer_id=C10153 action=checkout order_id=ORD-550381 product_id=NM-1001 qty=1 amount=18999.00 payment_method=NETBANKING status=SUCCESS response_ms=397 region=South
2026-09-18T19:08:17.253+05:30 INFO  [cart-service] txn_id=TXN-101221 customer_id=C10429 action=addtocart product_id=NM-5002 qty=1 status=SUCCESS response_ms=94
2026-09-18T19:08:22.336+05:30 INFO  [order-service] txn_id=TXN-101233 customer_id=C10582 action=checkout order_id=ORD-550395 product_id=NM-1003 qty=2 amount=3598.00 payment_method=CARD status=SUCCESS response_ms=336 region=West
2026-09-18T19:08:26.592+05:30 INFO  [order-service] txn_id=TXN-101044 customer_id=C10174 action=checkout order_id=ORD-550325 product_id=NM-1004 qty=1 amount=27999.00 payment_method=CARD status=SUCCESS response_ms=592 region=North
2026-09-18T19:08:46.292+05:30 INFO  [cart-service] txn_id=TXN-101005 customer_id=C10103 action=addtocart product_id=NM-1004 qty=1 status=SUCCESS response_ms=124
2026-09-18T19:08:53.220+05:30 INFO  [cart-service] txn_id=TXN-101286 customer_id=C10116 action=addtocart product_id=NM-3003 qty=1 status=SUCCESS response_ms=62
2026-09-18T19:08:55.226+05:30 INFO  [cart-service] txn_id=TXN-101161 customer_id=C10346 action=addtocart product_id=NM-1001 qty=1 status=SUCCESS response_ms=83
2026-09-18T19:09:15.490+05:30 INFO  [order-service] txn_id=TXN-101136 customer_id=C10042 action=checkout order_id=ORD-550358 product_id=NM-6002 qty=1 amount=799.00 payment_method=WALLET status=SUCCESS response_ms=490 region=North
2026-09-18T19:09:23.384+05:30 INFO  [order-service] txn_id=TXN-101222 customer_id=C10429 action=checkout order_id=ORD-550390 product_id=NM-5002 qty=1 amount=3999.00 payment_method=CARD status=SUCCESS response_ms=384 region=South
2026-09-18T19:09:31.042+05:30 INFO  [auth-service] txn_id=TXN-101263 customer_id=C10198 action=login status=SUCCESS response_ms=61
2026-09-18T19:09:42.407+05:30 INFO  [order-service] txn_id=TXN-101162 customer_id=C10346 action=checkout order_id=ORD-550369 product_id=NM-1001 qty=1 amount=18999.00 payment_method=COD status=SUCCESS response_ms=407 region=East
2026-09-18T19:09:54.231+05:30 INFO  [auth-service] txn_id=TXN-101165 customer_id=C10176 action=login status=SUCCESS response_ms=123
2026-09-18T19:09:56.759+05:30 INFO  [order-service] txn_id=TXN-101006 customer_id=C10103 action=checkout order_id=ORD-550311 product_id=NM-1004 qty=1 amount=27999.00 payment_method=UPI status=SUCCESS response_ms=759 region=West
2026-09-18T19:10:03.068+05:30 INFO  [cart-service] txn_id=TXN-101264 customer_id=C10198 action=addtocart product_id=NM-2003 qty=1 status=SUCCESS response_ms=97
2026-09-18T19:10:09.020+05:30 INFO  [cart-service] txn_id=TXN-101086 customer_id=C10207 action=addtocart product_id=NM-1002 qty=1 status=SUCCESS response_ms=107
2026-09-18T19:10:10.294+05:30 INFO  [cart-service] txn_id=TXN-101022 customer_id=C10358 action=addtocart product_id=NM-1002 qty=1 status=SUCCESS response_ms=131
2026-09-18T19:10:19.129+05:30 INFO  [cart-service] txn_id=TXN-101046 customer_id=C10329 action=addtocart product_id=NM-2002 qty=1 status=SUCCESS response_ms=40
2026-09-18T19:10:25.263+05:30 INFO  [cart-service] txn_id=TXN-101166 customer_id=C10176 action=addtocart product_id=NM-1003 qty=1 status=SUCCESS response_ms=97
2026-09-18T19:10:32.388+05:30 INFO  [order-service] txn_id=TXN-101287 customer_id=C10116 action=checkout order_id=ORD-550413 product_id=NM-3003 qty=1 amount=1199.00 payment_method=UPI status=SUCCESS response_ms=388 region=South
2026-09-18T19:10:51.263+05:30 INFO  [auth-service] txn_id=TXN-101252 customer_id=C10079 action=login status=SUCCESS response_ms=67
2026-09-18T19:10:57.059+05:30 INFO  [cart-service] txn_id=TXN-101090 customer_id=C10436 action=addtocart product_id=NM-1003 qty=1 status=SUCCESS response_ms=138
2026-09-18T19:11:03.528+05:30 INFO  [order-service] txn_id=TXN-101167 customer_id=C10176 action=checkout order_id=ORD-550371 product_id=NM-1003 qty=1 amount=1799.00 payment_method=COD status=SUCCESS response_ms=528 region=South
2026-09-18T19:11:09.266+05:30 INFO  [cart-service] txn_id=TXN-101113 customer_id=C10471 action=addtocart product_id=NM-1002 qty=1 status=SUCCESS response_ms=164
2026-09-18T19:11:10.184+05:30 INFO  [cart-service] txn_id=TXN-101190 customer_id=C10294 action=addtocart product_id=NM-1002 qty=1 status=SUCCESS response_ms=61
2026-09-18T19:11:12.426+05:30 INFO  [order-service] txn_id=TXN-101023 customer_id=C10358 action=checkout order_id=ORD-550318 product_id=NM-1002 qty=1 amount=2499.00 payment_method=COD status=SUCCESS response_ms=426 region=South
2026-09-18T19:11:31.081+05:30 INFO  [cart-service] txn_id=TXN-101253 customer_id=C10079 action=addtocart product_id=NM-1002 qty=1 status=SUCCESS response_ms=149
2026-09-18T19:11:37.215+05:30 INFO  [auth-service] txn_id=TXN-101304 customer_id=C10242 action=login status=SUCCESS response_ms=155
2026-09-18T19:11:40.106+05:30 INFO  [cart-service] txn_id=TXN-101305 customer_id=C10242 action=addtocart product_id=NM-6001 qty=2 status=SUCCESS response_ms=168
2026-09-18T19:11:40.583+05:30 INFO  [order-service] txn_id=TXN-101087 customer_id=C10207 action=checkout order_id=ORD-550339 product_id=NM-1002 qty=1 amount=2499.00 payment_method=NETBANKING status=SUCCESS response_ms=583 region=South
2026-09-18T19:11:59.096+05:30 INFO  [cart-service] txn_id=TXN-101060 customer_id=C10351 action=addtocart product_id=NM-6002 qty=1 status=SUCCESS response_ms=56
2026-09-18T19:12:22.235+05:30 INFO  [cart-service] txn_id=TXN-101019 customer_id=C10282 action=addtocart product_id=NM-1002 qty=1 status=SUCCESS response_ms=165
2026-09-18T19:12:31.595+05:30 WARN  [order-service] txn_id=TXN-101114 customer_id=C10471 action=checkout order_id=ORD-550351 product_id=NM-1002 qty=1 amount=2499.00 payment_method=UPI status=DECLINED error_code=PAY_DECLINED response_ms=595 region=West
2026-09-18T19:12:32.092+05:30 INFO  [auth-service] txn_id=TXN-101237 customer_id=C10519 action=login status=SUCCESS response_ms=219
2026-09-18T19:12:43.582+05:30 INFO  [order-service] txn_id=TXN-101091 customer_id=C10436 action=checkout order_id=ORD-550341 product_id=NM-1003 qty=1 amount=1799.00 payment_method=COD status=SUCCESS response_ms=582 region=North
2026-09-18T19:12:47.900+05:30 INFO  [order-service] txn_id=TXN-101061 customer_id=C10351 action=checkout order_id=ORD-550331 product_id=NM-6002 qty=1 amount=799.00 payment_method=UPI status=SUCCESS response_ms=900 region=South
2026-09-18T19:12:52.692+05:30 INFO  [order-service] txn_id=TXN-101020 customer_id=C10282 action=checkout order_id=ORD-550317 product_id=NM-1002 qty=1 amount=2499.00 payment_method=UPI status=SUCCESS response_ms=692 region=South
2026-09-18T19:13:04.031+05:30 INFO  [auth-service] txn_id=TXN-101195 customer_id=C10136 action=login status=SUCCESS response_ms=101
2026-09-18T19:13:12.024+05:30 INFO  [cart-service] txn_id=TXN-101238 customer_id=C10519 action=addtocart product_id=NM-1001 qty=1 status=SUCCESS response_ms=154
2026-09-18T19:13:21.754+05:30 INFO  [order-service] txn_id=TXN-101254 customer_id=C10079 action=checkout order_id=ORD-550401 product_id=NM-1002 qty=1 amount=2499.00 payment_method=CARD status=SUCCESS response_ms=754 region=North
2026-09-18T19:13:29.033+05:30 INFO  [cart-service] txn_id=TXN-101299 customer_id=C10301 action=addtocart product_id=NM-1001 qty=1 status=SUCCESS response_ms=34
2026-09-18T19:13:34.035+05:30 INFO  [cart-service] txn_id=TXN-101177 customer_id=C10389 action=addtocart product_id=NM-1003 qty=1 status=SUCCESS response_ms=146
2026-09-18T19:13:35.207+05:30 INFO  [cart-service] txn_id=TXN-101273 customer_id=C10521 action=addtocart product_id=NM-1005 qty=1 status=SUCCESS response_ms=36
2026-09-18T19:13:38.096+05:30 INFO  [cart-service] txn_id=TXN-101196 customer_id=C10136 action=addtocart product_id=NM-1005 qty=1 status=SUCCESS response_ms=38
2026-09-18T19:13:43.089+05:30 INFO  [cart-service] txn_id=TXN-101203 customer_id=C10440 action=addtocart product_id=NM-4001 qty=2 status=SUCCESS response_ms=91
2026-09-18T19:13:53.777+05:30 INFO  [order-service] txn_id=TXN-101239 customer_id=C10519 action=checkout order_id=ORD-550397 product_id=NM-1001 qty=1 amount=18999.00 payment_method=CARD status=SUCCESS response_ms=777 region=South
2026-09-18T19:14:00.088+05:30 INFO  [cart-service] txn_id=TXN-101083 customer_id=C10333 action=addtocart product_id=NM-3002 qty=1 status=SUCCESS response_ms=180
2026-09-18T19:14:10.000+05:30 WARN  [inventory-service] Low stock alert product_id=NM-3003 remaining=1 warehouse=WH-MUM
2026-09-18T19:14:19.516+05:30 INFO  [order-service] txn_id=TXN-101274 customer_id=C10521 action=checkout order_id=ORD-550408 product_id=NM-1005 qty=1 amount=4999.00 payment_method=UPI status=SUCCESS response_ms=516 region=North
2026-09-18T19:14:20.242+05:30 INFO  [cart-service] txn_id=TXN-101014 customer_id=C10233 action=addtocart product_id=NM-4001 qty=1 status=SUCCESS response_ms=104
2026-09-18T19:14:28.737+05:30 INFO  [order-service] txn_id=TXN-101197 customer_id=C10136 action=checkout order_id=ORD-550382 product_id=NM-1005 qty=1 amount=4999.00 payment_method=CARD status=SUCCESS response_ms=737 region=South
2026-09-18T19:14:45.750+05:30 INFO  [order-service] txn_id=TXN-101178 customer_id=C10389 action=checkout order_id=ORD-550374 product_id=NM-1003 qty=1 amount=1799.00 payment_method=CARD status=SUCCESS response_ms=750 region=South
2026-09-18T19:15:04.762+05:30 INFO  [order-service] txn_id=TXN-101204 customer_id=C10440 action=checkout order_id=ORD-550384 product_id=NM-4001 qty=2 amount=1798.00 payment_method=COD status=SUCCESS response_ms=762 region=South
2026-09-18T19:15:22.653+05:30 INFO  [order-service] txn_id=TXN-101300 customer_id=C10301 action=checkout order_id=ORD-550418 product_id=NM-1001 qty=1 amount=18999.00 payment_method=CARD status=SUCCESS response_ms=653 region=East
2026-09-18T19:15:54.099+05:30 INFO  [cart-service] txn_id=TXN-101071 customer_id=C10308 action=addtocart product_id=NM-3001 qty=1 status=SUCCESS response_ms=117
2026-09-18T19:15:56.437+05:30 INFO  [order-service] txn_id=TXN-101015 customer_id=C10233 action=checkout order_id=ORD-550315 product_id=NM-4001 qty=1 amount=899.00 payment_method=CARD status=SUCCESS response_ms=437 region=East
2026-09-18T19:16:52.084+05:30 INFO  [cart-service] txn_id=TXN-101149 customer_id=C10329 action=addtocart product_id=NM-1002 qty=1 status=SUCCESS response_ms=177
2026-09-18T19:17:25.033+05:30 INFO  [auth-service] txn_id=TXN-101179 customer_id=C10359 action=login status=SUCCESS response_ms=96
2026-09-18T19:17:40.024+05:30 INFO  [cart-service] txn_id=TXN-101186 customer_id=C10011 action=addtocart product_id=NM-1001 qty=1 status=SUCCESS response_ms=51
2026-09-18T19:17:55.022+05:30 INFO  [cart-service] txn_id=TXN-101180 customer_id=C10359 action=addtocart product_id=NM-6002 qty=1 status=SUCCESS response_ms=71
2026-09-18T19:17:56.735+05:30 INFO  [order-service] txn_id=TXN-101150 customer_id=C10329 action=checkout order_id=ORD-550364 product_id=NM-1002 qty=1 amount=2499.00 payment_method=CARD status=SUCCESS response_ms=735 region=East
2026-09-18T19:17:57.227+05:30 INFO  [auth-service] txn_id=TXN-101293 customer_id=C10485 action=login status=SUCCESS response_ms=199
2026-09-18T19:18:01.182+05:30 INFO  [cart-service] txn_id=TXN-101066 customer_id=C10395 action=addtocart product_id=NM-1002 qty=1 status=SUCCESS response_ms=105
2026-09-18T19:18:03.092+05:30 INFO  [auth-service] txn_id=TXN-101260 customer_id=C10559 action=login status=SUCCESS response_ms=166
2026-09-18T19:18:21.241+05:30 INFO  [cart-service] txn_id=TXN-101261 customer_id=C10559 action=addtocart product_id=NM-1003 qty=1 status=SUCCESS response_ms=126
2026-09-18T19:18:23.381+05:30 INFO  [order-service] txn_id=TXN-101181 customer_id=C10359 action=checkout order_id=ORD-550375 product_id=NM-6002 qty=1 amount=799.00 payment_method=UPI status=SUCCESS response_ms=381 region=South
2026-09-18T19:18:29.080+05:30 INFO  [cart-service] txn_id=TXN-101294 customer_id=C10485 action=addtocart product_id=NM-1002 qty=1 status=SUCCESS response_ms=37
2026-09-18T19:18:30.667+05:30 INFO  [order-service] txn_id=TXN-101187 customer_id=C10011 action=checkout order_id=ORD-550378 product_id=NM-1001 qty=1 amount=18999.00 payment_method=CARD status=SUCCESS response_ms=667 region=South
2026-09-18T19:18:39.250+05:30 INFO  [cart-service] txn_id=TXN-101157 customer_id=C10021 action=addtocart product_id=NM-1003 qty=1 status=SUCCESS response_ms=76
2026-09-18T19:18:56.372+05:30 INFO  [order-service] txn_id=TXN-101067 customer_id=C10395 action=checkout order_id=ORD-550333 product_id=NM-1002 qty=1 amount=2499.00 payment_method=CARD status=SUCCESS response_ms=372 region=North
2026-09-18T19:18:59.066+05:30 INFO  [auth-service] txn_id=TXN-101248 customer_id=C10528 action=login status=SUCCESS response_ms=148
2026-09-18T19:19:18.024+05:30 INFO  [cart-service] txn_id=TXN-101249 customer_id=C10528 action=addtocart product_id=NM-1003 qty=1 status=SUCCESS response_ms=176
2026-09-18T19:19:30.148+05:30 INFO  [cart-service] txn_id=TXN-101096 customer_id=C10095 action=addtocart product_id=NM-1001 qty=2 status=SUCCESS response_ms=74
2026-09-18T19:19:49.184+05:30 INFO  [auth-service] txn_id=TXN-101290 customer_id=C10285 action=login status=SUCCESS response_ms=76
2026-09-18T19:19:54.406+05:30 INFO  [order-service] txn_id=TXN-101158 customer_id=C10021 action=checkout order_id=ORD-550367 product_id=NM-1003 qty=1 amount=1799.00 payment_method=CARD status=SUCCESS response_ms=406 region=South
2026-09-18T19:20:00.141+05:30 INFO  [cart-service] txn_id=TXN-101306 customer_id=C10606 action=addtocart product_id=NM-1003 qty=3 status=SUCCESS response_ms=50
2026-09-18T19:20:00.438+05:30 INFO  [order-service] txn_id=TXN-101262 customer_id=C10559 action=checkout order_id=ORD-550404 product_id=NM-1003 qty=1 amount=1799.00 payment_method=CARD status=SUCCESS response_ms=438 region=East
2026-09-18T19:20:02.299+05:30 INFO  [cart-service] txn_id=TXN-101007 customer_id=C10200 action=addtocart product_id=NM-1001 qty=1 status=SUCCESS response_ms=129
2026-09-18T19:20:04.095+05:30 INFO  [cart-service] txn_id=TXN-101291 customer_id=C10285 action=addtocart product_id=NM-1002 qty=1 status=SUCCESS response_ms=136
2026-09-18T19:20:06.128+05:30 INFO  [cart-service] txn_id=TXN-101057 customer_id=C10351 action=addtocart product_id=NM-1002 qty=1 status=SUCCESS response_ms=155
2026-09-18T19:20:09.076+05:30 INFO  [cart-service] txn_id=TXN-101255 customer_id=C10236 action=addtocart product_id=NM-1003 qty=1 status=SUCCESS response_ms=84
2026-09-18T19:20:43.478+05:30 INFO  [order-service] txn_id=TXN-101292 customer_id=C10285 action=checkout order_id=ORD-550415 product_id=NM-1002 qty=1 amount=2499.00 payment_method=CARD status=SUCCESS response_ms=478 region=South
2026-09-18T19:21:06.688+05:30 INFO  [order-service] txn_id=TXN-101097 customer_id=C10095 action=checkout order_id=ORD-550343 product_id=NM-1001 qty=2 amount=37998.00 payment_method=CARD status=SUCCESS response_ms=688 region=North
2026-09-18T19:21:09.239+05:30 INFO  [order-service] txn_id=TXN-101307 customer_id=C10606 action=checkout order_id=ORD-550420 product_id=NM-1003 qty=3 amount=5397.00 payment_method=NETBANKING status=SUCCESS response_ms=239 region=West
2026-09-18T19:21:29.503+05:30 INFO  [order-service] txn_id=TXN-101008 customer_id=C10200 action=checkout order_id=ORD-550312 product_id=NM-1001 qty=1 amount=18999.00 payment_method=NETBANKING status=SUCCESS response_ms=503 region=North
2026-09-18T19:21:31.697+05:30 INFO  [order-service] txn_id=TXN-101256 customer_id=C10236 action=checkout order_id=ORD-550402 product_id=NM-1003 qty=1 amount=1799.00 payment_method=NETBANKING status=SUCCESS response_ms=697 region=South
2026-09-18T19:21:33.293+05:30 INFO  [cart-service] txn_id=TXN-101182 customer_id=C10553 action=addtocart product_id=NM-5001 qty=1 status=SUCCESS response_ms=109
2026-09-18T19:22:32.167+05:30 INFO  [cart-service] txn_id=TXN-101065 customer_id=C10264 action=addtocart product_id=NM-1001 qty=1 status=SUCCESS response_ms=58
2026-09-18T19:22:44.235+05:30 INFO  [auth-service] txn_id=TXN-101038 customer_id=C10650 action=login status=SUCCESS response_ms=75
2026-09-18T19:23:08.083+05:30 INFO  [cart-service] txn_id=TXN-101039 customer_id=C10650 action=addtocart product_id=NM-6002 qty=1 status=SUCCESS response_ms=126
2026-09-18T19:23:20.113+05:30 INFO  [cart-service] txn_id=TXN-101132 customer_id=C10560 action=addtocart product_id=NM-1003 qty=1 status=SUCCESS response_ms=118
2026-09-18T19:23:21.611+05:30 INFO  [order-service] txn_id=TXN-101183 customer_id=C10553 action=checkout order_id=ORD-550376 product_id=NM-5001 qty=1 amount=1299.00 payment_method=COD status=SUCCESS response_ms=611 region=South
2026-09-18T19:23:35.195+05:30 INFO  [cart-service] txn_id=TXN-101012 customer_id=C10018 action=addtocart product_id=NM-1001 qty=1 status=SUCCESS response_ms=136
2026-09-18T19:24:26.534+05:30 INFO  [order-service] txn_id=TXN-101133 customer_id=C10560 action=checkout order_id=ORD-550357 product_id=NM-1003 qty=1 amount=1799.00 payment_method=CARD status=SUCCESS response_ms=534 region=South
2026-09-18T19:24:27.127+05:30 INFO  [cart-service] txn_id=TXN-101313 customer_id=C10573 action=addtocart product_id=NM-1001 qty=1 status=SUCCESS response_ms=64
2026-09-18T19:24:34.150+05:30 INFO  [cart-service] txn_id=TXN-101295 customer_id=C10341 action=addtocart product_id=NM-1002 qty=1 status=SUCCESS response_ms=118
2026-09-18T19:24:41.198+05:30 INFO  [cart-service] txn_id=TXN-101230 customer_id=C10194 action=addtocart product_id=NM-1002 qty=1 status=SUCCESS response_ms=109
2026-09-18T19:24:41.345+05:30 INFO  [order-service] txn_id=TXN-101013 customer_id=C10018 action=checkout order_id=ORD-550314 product_id=NM-1001 qty=1 amount=18999.00 payment_method=NETBANKING status=SUCCESS response_ms=345 region=South
2026-09-18T19:25:21.202+05:30 INFO  [auth-service] txn_id=TXN-101024 customer_id=C10422 action=login status=SUCCESS response_ms=199
2026-09-18T19:25:27.248+05:30 INFO  [cart-service] txn_id=TXN-101184 customer_id=C10562 action=addtocart product_id=NM-2002 qty=1 status=SUCCESS response_ms=133
2026-09-18T19:25:29.212+05:30 INFO  [cart-service] txn_id=TXN-101098 customer_id=C10307 action=addtocart product_id=NM-1001 qty=1 status=SUCCESS response_ms=169
2026-09-18T19:25:35.257+05:30 INFO  [cart-service] txn_id=TXN-101025 customer_id=C10422 action=addtocart product_id=NM-1001 qty=1 status=SUCCESS response_ms=43
2026-09-18T19:25:54.113+05:30 INFO  [auth-service] txn_id=TXN-101117 customer_id=C10061 action=login status=SUCCESS response_ms=198
2026-09-18T19:26:00.801+05:30 INFO  [order-service] txn_id=TXN-101314 customer_id=C10573 action=checkout order_id=ORD-550423 product_id=NM-1001 qty=1 amount=18999.00 payment_method=WALLET status=SUCCESS response_ms=801 region=South
2026-09-18T19:26:06.653+05:30 INFO  [order-service] txn_id=TXN-101231 customer_id=C10194 action=checkout order_id=ORD-550394 product_id=NM-1002 qty=1 amount=2499.00 payment_method=COD status=SUCCESS response_ms=653 region=South
2026-09-18T19:26:12.812+05:30 INFO  [order-service] txn_id=TXN-101296 customer_id=C10341 action=checkout order_id=ORD-550416 product_id=NM-1002 qty=1 amount=2499.00 payment_method=WALLET status=SUCCESS response_ms=812 region=South
2026-09-18T19:26:23.064+05:30 INFO  [cart-service] txn_id=TXN-101118 customer_id=C10061 action=addtocart product_id=NM-2001 qty=1 status=SUCCESS response_ms=166
2026-09-18T19:26:31.400+05:30 INFO  [order-service] txn_id=TXN-101185 customer_id=C10562 action=checkout order_id=ORD-550377 product_id=NM-2002 qty=1 amount=1899.00 payment_method=UPI status=SUCCESS response_ms=400 region=North
2026-09-18T19:26:50.402+05:30 INFO  [order-service] txn_id=TXN-101099 customer_id=C10307 action=checkout order_id=ORD-550344 product_id=NM-1001 qty=1 amount=18999.00 payment_method=UPI status=SUCCESS response_ms=402 region=West
2026-09-18T19:26:57.283+05:30 INFO  [order-service] txn_id=TXN-101026 customer_id=C10422 action=checkout order_id=ORD-550319 product_id=NM-1001 qty=1 amount=18999.00 payment_method=UPI status=SUCCESS response_ms=283 region=North
2026-09-18T19:27:15.282+05:30 INFO  [auth-service] txn_id=TXN-101073 customer_id=C10020 action=login status=SUCCESS response_ms=79
2026-09-18T19:27:17.095+05:30 INFO  [cart-service] txn_id=TXN-101058 customer_id=C10252 action=addtocart product_id=NM-1003 qty=1 status=SUCCESS response_ms=54
2026-09-18T19:27:17.303+05:30 INFO  [order-service] txn_id=TXN-101119 customer_id=C10061 action=checkout order_id=ORD-550352 product_id=NM-2001 qty=1 amount=1499.00 payment_method=CARD status=SUCCESS response_ms=303 region=West
2026-09-18T19:27:35.204+05:30 INFO  [cart-service] txn_id=TXN-101074 customer_id=C10020 action=addtocart product_id=NM-1005 qty=1 status=SUCCESS response_ms=90
2026-09-18T19:28:05.176+05:30 INFO  [cart-service] txn_id=TXN-101308 customer_id=C10111 action=addtocart product_id=NM-1001 qty=2 status=SUCCESS response_ms=158
2026-09-18T19:28:07.095+05:30 INFO  [auth-service] txn_id=TXN-101016 customer_id=C10303 action=login status=SUCCESS response_ms=117
2026-09-18T19:28:15.131+05:30 INFO  [cart-service] txn_id=TXN-101228 customer_id=C10104 action=addtocart product_id=NM-6002 qty=1 status=SUCCESS response_ms=168
2026-09-18T19:28:29.063+05:30 INFO  [cart-service] txn_id=TXN-101017 customer_id=C10303 action=addtocart product_id=NM-1003 qty=1 status=SUCCESS response_ms=46
2026-09-18T19:28:35.804+05:30 INFO  [order-service] txn_id=TXN-101059 customer_id=C10252 action=checkout order_id=ORD-550330 product_id=NM-1003 qty=1 amount=1799.00 payment_method=CARD status=SUCCESS response_ms=804 region=South
2026-09-18T19:29:00.856+05:30 INFO  [order-service] txn_id=TXN-101018 customer_id=C10303 action=checkout order_id=ORD-550316 product_id=NM-1003 qty=1 amount=1799.00 payment_method=UPI status=SUCCESS response_ms=856 region=North
2026-09-18T19:29:16.611+05:30 INFO  [order-service] txn_id=TXN-101309 customer_id=C10111 action=checkout order_id=ORD-550421 product_id=NM-1001 qty=2 amount=37998.00 payment_method=CARD status=SUCCESS response_ms=611 region=West
2026-09-18T19:29:36.278+05:30 INFO  [cart-service] txn_id=TXN-101062 customer_id=C10305 action=addtocart product_id=NM-3001 qty=1 status=SUCCESS response_ms=160
2026-09-18T19:29:42.858+05:30 INFO  [order-service] txn_id=TXN-101229 customer_id=C10104 action=checkout order_id=ORD-550393 product_id=NM-6002 qty=1 amount=799.00 payment_method=CARD status=SUCCESS response_ms=858 region=North
2026-09-18T19:30:13.227+05:30 INFO  [auth-service] txn_id=TXN-101108 customer_id=C10204 action=login status=SUCCESS response_ms=46
2026-09-18T19:30:19.022+05:30 INFO  [auth-service] txn_id=TXN-101234 customer_id=C10361 action=login status=SUCCESS response_ms=104
2026-09-18T19:30:29.174+05:30 INFO  [cart-service] txn_id=TXN-101163 customer_id=C10388 action=addtocart product_id=NM-1002 qty=1 status=SUCCESS response_ms=162
2026-09-18T19:30:32.034+05:30 INFO  [cart-service] txn_id=TXN-101109 customer_id=C10204 action=addtocart product_id=NM-2004 qty=1 status=SUCCESS response_ms=70
2026-09-18T19:30:36.184+05:30 INFO  [cart-service] txn_id=TXN-101235 customer_id=C10361 action=addtocart product_id=NM-3004 qty=1 status=SUCCESS response_ms=120
2026-09-18T19:30:49.653+05:30 INFO  [order-service] txn_id=TXN-101063 customer_id=C10305 action=checkout order_id=ORD-550332 product_id=NM-3001 qty=1 amount=3499.00 payment_method=CARD status=SUCCESS response_ms=653 region=East
2026-09-18T19:30:55.815+05:30 WARN  [order-service] txn_id=TXN-101164 customer_id=C10388 action=checkout order_id=ORD-550370 product_id=NM-1002 qty=1 amount=2499.00 payment_method=UPI status=DECLINED error_code=PAY_DECLINED response_ms=815 region=South
2026-09-18T19:31:10.469+05:30 INFO  [order-service] txn_id=TXN-101110 customer_id=C10204 action=checkout order_id=ORD-550349 product_id=NM-2004 qty=1 amount=2299.00 payment_method=CARD status=SUCCESS response_ms=469 region=South
2026-09-18T19:31:14.306+05:30 INFO  [order-service] txn_id=TXN-101236 customer_id=C10361 action=checkout order_id=ORD-550396 product_id=NM-3004 qty=1 amount=599.00 payment_method=CARD status=SUCCESS response_ms=306 region=South
2026-09-18T19:32:26.031+05:30 INFO  [cart-service] txn_id=TXN-101219 customer_id=C10420 action=addtocart product_id=NM-1005 qty=1 status=SUCCESS response_ms=35
2026-09-18T19:34:11.130+05:30 INFO  [cart-service] txn_id=TXN-101244 customer_id=C10202 action=addtocart product_id=NM-2002 qty=1 status=SUCCESS response_ms=173
2026-09-18T19:34:26.367+05:30 INFO  [order-service] txn_id=TXN-101220 customer_id=C10420 action=checkout order_id=ORD-550389 product_id=NM-1005 qty=1 amount=4999.00 payment_method=CARD status=SUCCESS response_ms=367 region=South
2026-09-18T19:34:56.127+05:30 INFO  [cart-service] txn_id=TXN-101250 customer_id=C10495 action=addtocart product_id=NM-1001 qty=1 status=SUCCESS response_ms=144
2026-09-18T19:35:32.753+05:30 INFO  [order-service] txn_id=TXN-101251 customer_id=C10495 action=checkout order_id=ORD-550400 product_id=NM-1001 qty=1 amount=18999.00 payment_method=UPI status=SUCCESS response_ms=753 region=North
2026-09-18T19:35:38.265+05:30 INFO  [auth-service] txn_id=TXN-101068 customer_id=C10330 action=login status=SUCCESS response_ms=172
2026-09-18T19:35:44.039+05:30 INFO  [auth-service] txn_id=TXN-101128 customer_id=C10546 action=login status=SUCCESS response_ms=166
2026-09-18T19:35:52.168+05:30 INFO  [cart-service] txn_id=TXN-101129 customer_id=C10546 action=addtocart product_id=NM-3001 qty=1 status=SUCCESS response_ms=179
2026-09-18T19:36:02.255+05:30 INFO  [cart-service] txn_id=TXN-101069 customer_id=C10330 action=addtocart product_id=NM-1001 qty=1 status=SUCCESS response_ms=52
2026-09-18T19:36:30.059+05:30 INFO  [auth-service] txn_id=TXN-101210 customer_id=C10631 action=login status=SUCCESS response_ms=170
2026-09-18T19:36:53.064+05:30 INFO  [cart-service] txn_id=TXN-101211 customer_id=C10631 action=addtocart product_id=NM-1003 qty=1 status=SUCCESS response_ms=172
2026-09-18T19:37:13.031+05:30 INFO  [cart-service] txn_id=TXN-101285 customer_id=C10065 action=addtocart product_id=NM-1003 qty=1 status=SUCCESS response_ms=81
2026-09-18T19:37:17.056+05:30 INFO  [cart-service] txn_id=TXN-101102 customer_id=C10137 action=addtocart product_id=NM-1002 qty=1 status=SUCCESS response_ms=58
2026-09-18T19:37:18.175+05:30 INFO  [cart-service] txn_id=TXN-101240 customer_id=C10239 action=addtocart product_id=NM-1002 qty=1 status=SUCCESS response_ms=107
2026-09-18T19:37:26.244+05:30 INFO  [cart-service] txn_id=TXN-101146 customer_id=C10630 action=addtocart product_id=NM-2001 qty=1 status=SUCCESS response_ms=109
2026-09-18T19:37:40.499+05:30 INFO  [order-service] txn_id=TXN-101103 customer_id=C10137 action=checkout order_id=ORD-550346 product_id=NM-1002 qty=1 amount=2499.00 payment_method=NETBANKING status=SUCCESS response_ms=499 region=South
2026-09-18T19:37:48.814+05:30 INFO  [order-service] txn_id=TXN-101070 customer_id=C10330 action=checkout order_id=ORD-550334 product_id=NM-1001 qty=1 amount=18999.00 payment_method=CARD status=SUCCESS response_ms=814 region=East
2026-09-18T19:37:52.044+05:30 INFO  [cart-service] txn_id=TXN-101050 customer_id=C10531 action=addtocart product_id=NM-1002 qty=1 status=SUCCESS response_ms=133
2026-09-18T19:38:07.270+05:30 INFO  [auth-service] txn_id=TXN-101115 customer_id=C10640 action=login status=SUCCESS response_ms=88
2026-09-18T19:38:07.427+05:30 INFO  [order-service] txn_id=TXN-101212 customer_id=C10631 action=checkout order_id=ORD-550386 product_id=NM-1003 qty=1 amount=1799.00 payment_method=COD status=SUCCESS response_ms=427 region=West
2026-09-18T19:38:29.078+05:30 INFO  [cart-service] txn_id=TXN-101124 customer_id=C10263 action=addtocart product_id=NM-5002 qty=1 status=SUCCESS response_ms=146
2026-09-18T19:38:33.085+05:30 INFO  [auth-service] txn_id=TXN-101054 customer_id=C10274 action=login status=SUCCESS response_ms=178
2026-09-18T19:38:37.529+05:30 INFO  [order-service] txn_id=TXN-101051 customer_id=C10531 action=checkout order_id=ORD-550327 product_id=NM-1002 qty=1 amount=2499.00 payment_method=CARD status=SUCCESS response_ms=529 region=North
2026-09-18T19:38:43.244+05:30 INFO  [cart-service] txn_id=TXN-101116 customer_id=C10640 action=addtocart product_id=NM-1003 qty=3 status=SUCCESS response_ms=161
2026-09-18T19:38:52.131+05:30 INFO  [cart-service] txn_id=TXN-101055 customer_id=C10274 action=addtocart product_id=NM-2001 qty=1 status=SUCCESS response_ms=94
2026-09-18T19:39:11.140+05:30 INFO  [cart-service] txn_id=TXN-101075 customer_id=C10410 action=addtocart product_id=NM-3002 qty=1 status=SUCCESS response_ms=107
2026-09-18T19:39:14.233+05:30 INFO  [auth-service] txn_id=TXN-101223 customer_id=C10116 action=login status=SUCCESS response_ms=120
2026-09-18T19:39:17.249+05:30 INFO  [cart-service] txn_id=TXN-101188 customer_id=C10507 action=addtocart product_id=NM-1001 qty=1 status=SUCCESS response_ms=136
2026-09-18T19:39:25.000+05:30 ERROR [search-service] Elasticsearch query failed: connection reset by peer (node=es-data-02)
2026-09-18T19:39:41.590+05:30 INFO  [order-service] txn_id=TXN-101056 customer_id=C10274 action=checkout order_id=ORD-550329 product_id=NM-2001 qty=1 amount=1499.00 payment_method=CARD status=SUCCESS response_ms=590 region=South
2026-09-18T19:39:43.651+05:30 INFO  [order-service] txn_id=TXN-101125 customer_id=C10263 action=checkout order_id=ORD-550354 product_id=NM-5002 qty=1 amount=3999.00 payment_method=COD status=SUCCESS response_ms=651 region=South
2026-09-18T19:39:44.083+05:30 INFO  [cart-service] txn_id=TXN-101224 customer_id=C10116 action=addtocart product_id=NM-5003 qty=1 status=SUCCESS response_ms=172
2026-09-18T19:39:58.765+05:30 INFO  [order-service] txn_id=TXN-101076 customer_id=C10410 action=checkout order_id=ORD-550335 product_id=NM-3002 qty=1 amount=5999.00 payment_method=CARD status=SUCCESS response_ms=765 region=East
2026-09-18T19:40:00.286+05:30 INFO  [cart-service] txn_id=TXN-101030 customer_id=C10584 action=addtocart product_id=NM-6001 qty=1 status=SUCCESS response_ms=48
2026-09-18T19:40:16.528+05:30 INFO  [order-service] txn_id=TXN-101189 customer_id=C10507 action=checkout order_id=ORD-550379 product_id=NM-1001 qty=1 amount=18999.00 payment_method=UPI status=SUCCESS response_ms=528 region=North
2026-09-18T19:40:47.809+05:30 INFO  [order-service] txn_id=TXN-101031 customer_id=C10584 action=checkout order_id=ORD-550321 product_id=NM-6001 qty=1 amount=349.00 payment_method=NETBANKING status=SUCCESS response_ms=809 region=West
2026-09-18T19:40:49.096+05:30 INFO  [auth-service] txn_id=TXN-101265 customer_id=C10189 action=login status=SUCCESS response_ms=204
2026-09-18T19:40:58.161+05:30 INFO  [auth-service] txn_id=TXN-101032 customer_id=C10369 action=login status=SUCCESS response_ms=86
2026-09-18T19:41:10.179+05:30 INFO  [cart-service] txn_id=TXN-101266 customer_id=C10189 action=addtocart product_id=NM-1003 qty=3 status=SUCCESS response_ms=174
2026-09-18T19:41:15.177+05:30 INFO  [cart-service] txn_id=TXN-101033 customer_id=C10369 action=addtocart product_id=NM-6001 qty=1 status=SUCCESS response_ms=131
2026-09-18T19:41:23.294+05:30 INFO  [cart-service] txn_id=TXN-101281 customer_id=C10072 action=addtocart product_id=NM-2001 qty=1 status=SUCCESS response_ms=73
2026-09-18T19:41:33.846+05:30 INFO  [order-service] txn_id=TXN-101225 customer_id=C10116 action=checkout order_id=ORD-550391 product_id=NM-5003 qty=1 amount=6499.00 payment_method=UPI status=SUCCESS response_ms=846 region=South
2026-09-18T19:41:40.205+05:30 INFO  [order-service] txn_id=TXN-101267 customer_id=C10189 action=checkout order_id=ORD-550405 product_id=NM-1003 qty=3 amount=5397.00 payment_method=CARD status=SUCCESS response_ms=205 region=North
2026-09-18T19:42:08.186+05:30 INFO  [cart-service] txn_id=TXN-101159 customer_id=C10251 action=addtocart product_id=NM-1001 qty=2 status=SUCCESS response_ms=58
2026-09-18T19:42:12.260+05:30 INFO  [cart-service] txn_id=TXN-101297 customer_id=C10560 action=addtocart product_id=NM-1004 qty=2 status=SUCCESS response_ms=158
2026-09-18T19:42:31.022+05:30 INFO  [cart-service] txn_id=TXN-101171 customer_id=C10084 action=addtocart product_id=NM-1005 qty=1 status=SUCCESS response_ms=61
2026-09-18T19:42:33.167+05:30 INFO  [cart-service] txn_id=TXN-101142 customer_id=C10102 action=addtocart product_id=NM-1003 qty=2 status=SUCCESS response_ms=91
2026-09-18T19:42:45.390+05:30 INFO  [order-service] txn_id=TXN-101034 customer_id=C10369 action=checkout order_id=ORD-550322 product_id=NM-6001 qty=1 amount=349.00 payment_method=UPI status=SUCCESS response_ms=390 region=West
2026-09-18T19:42:56.536+05:30 INFO  [order-service] txn_id=TXN-101282 customer_id=C10072 action=checkout order_id=ORD-550411 product_id=NM-2001 qty=1 amount=1499.00 payment_method=NETBANKING status=SUCCESS response_ms=536 region=West
2026-09-18T19:43:02.247+05:30 INFO  [cart-service] txn_id=TXN-101081 customer_id=C10014 action=addtocart product_id=NM-1003 qty=1 status=SUCCESS response_ms=60
2026-09-18T19:43:11.243+05:30 INFO  [order-service] txn_id=TXN-101298 customer_id=C10560 action=checkout order_id=ORD-550417 product_id=NM-1004 qty=2 amount=55998.00 payment_method=CARD status=SUCCESS response_ms=243 region=South
2026-09-18T19:43:14.293+05:30 INFO  [cart-service] txn_id=TXN-101155 customer_id=C10337 action=addtocart product_id=NM-3004 qty=1 status=SUCCESS response_ms=130
2026-09-18T19:43:17.463+05:30 INFO  [order-service] txn_id=TXN-101160 customer_id=C10251 action=checkout order_id=ORD-550368 product_id=NM-1001 qty=2 amount=37998.00 payment_method=CARD status=SUCCESS response_ms=463 region=West
2026-09-18T19:43:25.611+05:30 INFO  [order-service] txn_id=TXN-101143 customer_id=C10102 action=checkout order_id=ORD-550361 product_id=NM-1003 qty=2 amount=3598.00 payment_method=CARD status=SUCCESS response_ms=611 region=North
2026-09-18T19:43:53.187+05:30 INFO  [cart-service] txn_id=TXN-101045 customer_id=C10552 action=addtocart product_id=NM-1001 qty=1 status=SUCCESS response_ms=76
2026-09-18T19:44:01.044+05:30 INFO  [cart-service] txn_id=TXN-101302 customer_id=C10514 action=addtocart product_id=NM-1005 qty=1 status=SUCCESS response_ms=132
2026-09-18T19:44:02.123+05:30 INFO  [auth-service] txn_id=TXN-101276 customer_id=C10321 action=login status=SUCCESS response_ms=80
2026-09-18T19:44:14.255+05:30 INFO  [cart-service] txn_id=TXN-101277 customer_id=C10321 action=addtocart product_id=NM-2001 qty=1 status=SUCCESS response_ms=57
2026-09-18T19:44:24.660+05:30 INFO  [order-service] txn_id=TXN-101156 customer_id=C10337 action=checkout order_id=ORD-550366 product_id=NM-3004 qty=1 amount=599.00 payment_method=WALLET status=SUCCESS response_ms=660 region=West
2026-09-18T19:44:47.560+05:30 INFO  [order-service] txn_id=TXN-101082 customer_id=C10014 action=checkout order_id=ORD-550337 product_id=NM-1003 qty=1 amount=1799.00 payment_method=COD status=SUCCESS response_ms=560 region=South
2026-09-18T19:45:20.887+05:30 INFO  [order-service] txn_id=TXN-101303 customer_id=C10514 action=checkout order_id=ORD-550419 product_id=NM-1005 qty=1 amount=4999.00 payment_method=UPI status=SUCCESS response_ms=887 region=East
2026-09-18T19:45:54.268+05:30 INFO  [auth-service] txn_id=TXN-101257 customer_id=C10306 action=login status=SUCCESS response_ms=57
2026-09-18T19:45:56.200+05:30 INFO  [cart-service] txn_id=TXN-101258 customer_id=C10306 action=addtocart product_id=NM-3003 qty=1 status=SUCCESS response_ms=63
2026-09-18T19:45:56.217+05:30 INFO  [cart-service] txn_id=TXN-101275 customer_id=C10388 action=addtocart product_id=NM-5001 qty=1 status=SUCCESS response_ms=84
2026-09-18T19:46:02.186+05:30 INFO  [order-service] txn_id=TXN-101278 customer_id=C10321 action=checkout order_id=ORD-550409 product_id=NM-2001 qty=1 amount=1499.00 payment_method=NETBANKING status=SUCCESS response_ms=186 region=South
2026-09-18T19:47:05.210+05:30 INFO  [auth-service] txn_id=TXN-101245 customer_id=C10475 action=login status=SUCCESS response_ms=78
2026-09-18T19:47:17.706+05:30 INFO  [order-service] txn_id=TXN-101259 customer_id=C10306 action=checkout order_id=ORD-550403 product_id=NM-3003 qty=1 amount=1199.00 payment_method=UPI status=SUCCESS response_ms=706 region=South
2026-09-18T19:47:21.271+05:30 INFO  [cart-service] txn_id=TXN-101246 customer_id=C10475 action=addtocart product_id=NM-3004 qty=1 status=SUCCESS response_ms=41
2026-09-18T19:47:32.033+05:30 INFO  [cart-service] txn_id=TXN-101126 customer_id=C10530 action=addtocart product_id=NM-5003 qty=1 status=SUCCESS response_ms=97
2026-09-18T19:47:58.208+05:30 INFO  [cart-service] txn_id=TXN-101170 customer_id=C10424 action=addtocart product_id=NM-1003 qty=1 status=SUCCESS response_ms=148
2026-09-18T19:48:18.202+05:30 INFO  [auth-service] txn_id=TXN-101172 customer_id=C10381 action=login status=SUCCESS response_ms=213
2026-09-18T19:48:21.526+05:30 INFO  [order-service] txn_id=TXN-101247 customer_id=C10475 action=checkout order_id=ORD-550399 product_id=NM-3004 qty=1 amount=599.00 payment_method=CARD status=SUCCESS response_ms=526 region=West
2026-09-18T19:48:25.255+05:30 INFO  [cart-service] txn_id=TXN-101072 customer_id=C10493 action=addtocart product_id=NM-2002 qty=3 status=SUCCESS response_ms=40
2026-09-18T19:48:34.112+05:30 INFO  [cart-service] txn_id=TXN-101088 customer_id=C10165 action=addtocart product_id=NM-2002 qty=1 status=SUCCESS response_ms=107
2026-09-18T19:48:39.289+05:30 INFO  [cart-service] txn_id=TXN-101283 customer_id=C10338 action=addtocart product_id=NM-1002 qty=1 status=SUCCESS response_ms=155
2026-09-18T19:48:43.230+05:30 INFO  [cart-service] txn_id=TXN-101279 customer_id=C10335 action=addtocart product_id=NM-3004 qty=1 status=SUCCESS response_ms=103
2026-09-18T19:48:50.112+05:30 INFO  [cart-service] txn_id=TXN-101173 customer_id=C10381 action=addtocart product_id=NM-1001 qty=1 status=SUCCESS response_ms=168
2026-09-18T19:48:55.066+05:30 INFO  [cart-service] txn_id=TXN-101268 customer_id=C10117 action=addtocart product_id=NM-1003 qty=1 status=SUCCESS response_ms=134
2026-09-18T19:49:08.193+05:30 INFO  [cart-service] txn_id=TXN-101288 customer_id=C10448 action=addtocart product_id=NM-1002 qty=1 status=SUCCESS response_ms=34
2026-09-18T19:49:09.299+05:30 INFO  [cart-service] txn_id=TXN-101106 customer_id=C10562 action=addtocart product_id=NM-4002 qty=1 status=SUCCESS response_ms=91
2026-09-18T19:49:19.747+05:30 INFO  [order-service] txn_id=TXN-101127 customer_id=C10530 action=checkout order_id=ORD-550355 product_id=NM-5003 qty=1 amount=6499.00 payment_method=CARD status=SUCCESS response_ms=747 region=South
2026-09-18T19:49:40.758+05:30 INFO  [order-service] txn_id=TXN-101107 customer_id=C10562 action=checkout order_id=ORD-550348 product_id=NM-4002 qty=1 amount=399.00 payment_method=CARD status=SUCCESS response_ms=758 region=North
2026-09-18T19:49:44.464+05:30 INFO  [order-service] txn_id=TXN-101089 customer_id=C10165 action=checkout order_id=ORD-550340 product_id=NM-2002 qty=1 amount=1899.00 payment_method=CARD status=SUCCESS response_ms=464 region=South
2026-09-18T19:49:47.239+05:30 INFO  [order-service] txn_id=TXN-101269 customer_id=C10117 action=checkout order_id=ORD-550406 product_id=NM-1003 qty=1 amount=1799.00 payment_method=COD status=SUCCESS response_ms=239 region=South
2026-09-18T19:49:48.231+05:30 INFO  [cart-service] txn_id=TXN-101140 customer_id=C10313 action=addtocart product_id=NM-1003 qty=1 status=SUCCESS response_ms=91
2026-09-18T19:50:02.114+05:30 INFO  [cart-service] txn_id=TXN-101040 customer_id=C10577 action=addtocart product_id=NM-1004 qty=2 status=SUCCESS response_ms=47
2026-09-18T19:50:06.396+05:30 INFO  [order-service] txn_id=TXN-101284 customer_id=C10338 action=checkout order_id=ORD-550412 product_id=NM-1002 qty=1 amount=2499.00 payment_method=UPI status=SUCCESS response_ms=396 region=South
2026-09-18T19:50:25.367+05:30 INFO  [order-service] txn_id=TXN-101280 customer_id=C10335 action=checkout order_id=ORD-550410 product_id=NM-3004 qty=1 amount=599.00 payment_method=CARD status=SUCCESS response_ms=367 region=South
2026-09-18T19:50:25.697+05:30 INFO  [order-service] txn_id=TXN-101174 customer_id=C10381 action=checkout order_id=ORD-550372 product_id=NM-1001 qty=1 amount=18999.00 payment_method=CARD status=SUCCESS response_ms=697 region=North
2026-09-18T19:50:30.524+05:30 INFO  [order-service] txn_id=TXN-101289 customer_id=C10448 action=checkout order_id=ORD-550414 product_id=NM-1002 qty=1 amount=2499.00 payment_method=WALLET status=SUCCESS response_ms=524 region=East
2026-09-18T19:50:58.597+05:30 INFO  [order-service] txn_id=TXN-101141 customer_id=C10313 action=checkout order_id=ORD-550360 product_id=NM-1003 qty=1 amount=1799.00 payment_method=NETBANKING status=SUCCESS response_ms=597 region=South
2026-09-18T19:51:12.037+05:30 INFO  [cart-service] txn_id=TXN-101130 customer_id=C10429 action=addtocart product_id=NM-1002 qty=1 status=SUCCESS response_ms=91
2026-09-18T19:51:32.458+05:30 INFO  [order-service] txn_id=TXN-101041 customer_id=C10577 action=checkout order_id=ORD-550324 product_id=NM-1004 qty=2 amount=55998.00 payment_method=UPI status=SUCCESS response_ms=458 region=North
2026-09-18T19:51:48.229+05:30 INFO  [cart-service] txn_id=TXN-101100 customer_id=C10056 action=addtocart product_id=NM-1005 qty=1 status=SUCCESS response_ms=104
2026-09-18T19:52:31.289+05:30 INFO  [cart-service] txn_id=TXN-101310 customer_id=C10410 action=addtocart product_id=NM-1003 qty=1 status=SUCCESS response_ms=93
2026-09-18T19:52:34.196+05:30 INFO  [order-service] txn_id=TXN-101101 customer_id=C10056 action=checkout order_id=ORD-550345 product_id=NM-1005 qty=1 amount=4999.00 payment_method=UPI status=SUCCESS response_ms=196 region=North
2026-09-18T19:52:50.178+05:30 INFO  [auth-service] txn_id=TXN-101241 customer_id=C10139 action=login status=SUCCESS response_ms=179
2026-09-18T19:52:53.246+05:30 INFO  [cart-service] txn_id=TXN-101047 customer_id=C10597 action=addtocart product_id=NM-1004 qty=1 status=SUCCESS response_ms=52
2026-09-18T19:52:57.707+05:30 INFO  [order-service] txn_id=TXN-101131 customer_id=C10429 action=checkout order_id=ORD-550356 product_id=NM-1002 qty=1 amount=2499.00 payment_method=CARD status=SUCCESS response_ms=707 region=South
2026-09-18T19:53:11.522+05:30 INFO  [order-service] txn_id=TXN-101311 customer_id=C10410 action=checkout order_id=ORD-550422 product_id=NM-1003 qty=1 amount=1799.00 payment_method=CARD status=SUCCESS response_ms=522 region=East
2026-09-18T19:53:15.226+05:30 INFO  [cart-service] txn_id=TXN-101242 customer_id=C10139 action=addtocart product_id=NM-6001 qty=1 status=SUCCESS response_ms=97
2026-09-18T19:53:21.074+05:30 INFO  [cart-service] txn_id=TXN-101272 customer_id=C10165 action=addtocart product_id=NM-3003 qty=1 status=SUCCESS response_ms=109
2026-09-18T19:53:29.070+05:30 INFO  [auth-service] txn_id=TXN-101027 customer_id=C10469 action=login status=SUCCESS response_ms=92
2026-09-18T19:53:33.083+05:30 INFO  [auth-service] txn_id=TXN-101094 customer_id=C10457 action=login status=SUCCESS response_ms=200
2026-09-18T19:53:38.257+05:30 INFO  [cart-service] txn_id=TXN-101028 customer_id=C10469 action=addtocart product_id=NM-1001 qty=2 status=SUCCESS response_ms=95
2026-09-18T19:53:38.153+05:30 INFO  [cart-service] txn_id=TXN-101095 customer_id=C10457 action=addtocart product_id=NM-1005 qty=1 status=SUCCESS response_ms=61
2026-09-18T19:54:02.024+05:30 INFO  [cart-service] txn_id=TXN-101301 customer_id=C10467 action=addtocart product_id=NM-2001 qty=1 status=SUCCESS response_ms=135
2026-09-18T19:55:05.182+05:30 INFO  [cart-service] txn_id=TXN-101191 customer_id=C10478 action=addtocart product_id=NM-1001 qty=1 status=SUCCESS response_ms=70
2026-09-18T19:55:10.279+05:30 INFO  [order-service] txn_id=TXN-101243 customer_id=C10139 action=checkout order_id=ORD-550398 product_id=NM-6001 qty=1 amount=349.00 payment_method=CARD status=SUCCESS response_ms=279 region=East
2026-09-18T19:55:32.257+05:30 INFO  [cart-service] txn_id=TXN-101092 customer_id=C10400 action=addtocart product_id=NM-1005 qty=1 status=SUCCESS response_ms=177
2026-09-18T19:55:36.771+05:30 INFO  [order-service] txn_id=TXN-101029 customer_id=C10469 action=checkout order_id=ORD-550320 product_id=NM-1001 qty=2 amount=37998.00 payment_method=CARD status=SUCCESS response_ms=771 region=South
2026-09-18T19:56:15.245+05:30 INFO  [cart-service] txn_id=TXN-101226 customer_id=C10264 action=addtocart product_id=NM-3002 qty=1 status=SUCCESS response_ms=168
2026-09-18T19:56:26.067+05:30 INFO  [auth-service] txn_id=TXN-101205 customer_id=C10314 action=login status=SUCCESS response_ms=213
2026-09-18T19:56:46.173+05:30 INFO  [cart-service] txn_id=TXN-101077 customer_id=C10330 action=addtocart product_id=NM-1003 qty=1 status=SUCCESS response_ms=58
2026-09-18T19:56:54.266+05:30 INFO  [cart-service] txn_id=TXN-101206 customer_id=C10314 action=addtocart product_id=NM-1005 qty=1 status=SUCCESS response_ms=135
2026-09-18T19:56:55.039+05:30 INFO  [cart-service] txn_id=TXN-101216 customer_id=C10022 action=addtocart product_id=NM-6002 qty=1 status=SUCCESS response_ms=98
2026-09-18T19:56:59.393+05:30 WARN  [order-service] txn_id=TXN-101192 customer_id=C10478 action=checkout order_id=ORD-550380 product_id=NM-1001 qty=1 amount=18999.00 payment_method=CARD status=DECLINED error_code=PAY_DECLINED response_ms=393 region=South
2026-09-18T19:57:08.072+05:30 INFO  [auth-service] txn_id=TXN-101153 customer_id=C10072 action=login status=SUCCESS response_ms=104
2026-09-18T19:57:16.239+05:30 INFO  [order-service] txn_id=TXN-101093 customer_id=C10400 action=checkout order_id=ORD-550342 product_id=NM-1005 qty=1 amount=4999.00 payment_method=UPI status=SUCCESS response_ms=239 region=North
2026-09-18T19:57:19.180+05:30 INFO  [auth-service] txn_id=TXN-101009 customer_id=C10227 action=login status=SUCCESS response_ms=102
2026-09-18T19:57:32.037+05:30 INFO  [cart-service] txn_id=TXN-101154 customer_id=C10072 action=addtocart product_id=NM-1002 qty=1 status=SUCCESS response_ms=84
2026-09-18T19:57:35.157+05:30 INFO  [auth-service] txn_id=TXN-101198 customer_id=C10042 action=login status=SUCCESS response_ms=158
2026-09-18T19:57:38.178+05:30 INFO  [cart-service] txn_id=TXN-101199 customer_id=C10042 action=addtocart product_id=NM-1005 qty=1 status=SUCCESS response_ms=67
2026-09-18T19:57:48.280+05:30 INFO  [cart-service] txn_id=TXN-101048 customer_id=C10085 action=addtocart product_id=NM-1005 qty=1 status=SUCCESS response_ms=119
2026-09-18T19:57:49.090+05:30 INFO  [cart-service] txn_id=TXN-101010 customer_id=C10227 action=addtocart product_id=NM-1003 qty=1 status=SUCCESS response_ms=84
2026-09-18T19:57:52.603+05:30 INFO  [order-service] txn_id=TXN-101227 customer_id=C10264 action=checkout order_id=ORD-550392 product_id=NM-3002 qty=1 amount=5999.00 payment_method=UPI status=SUCCESS response_ms=603 region=South
2026-09-18T19:57:55.128+05:30 INFO  [cart-service] txn_id=TXN-101312 customer_id=C10213 action=addtocart product_id=NM-1002 qty=1 status=SUCCESS response_ms=160
2026-09-18T19:58:03.292+05:30 INFO  [cart-service] txn_id=TXN-101104 customer_id=C10282 action=addtocart product_id=NM-6001 qty=1 status=SUCCESS response_ms=169
2026-09-18T19:58:03.182+05:30 INFO  [order-service] txn_id=TXN-101217 customer_id=C10022 action=checkout order_id=ORD-550388 product_id=NM-6002 qty=1 amount=799.00 payment_method=CARD status=SUCCESS response_ms=182 region=East
2026-09-18T19:58:25.039+05:30 INFO  [auth-service] txn_id=TXN-101201 customer_id=C10533 action=login status=SUCCESS response_ms=155
2026-09-18T19:58:37.227+05:30 INFO  [auth-service] txn_id=TXN-101137 customer_id=C10084 action=login status=SUCCESS response_ms=98
2026-09-18T19:58:39.130+05:30 INFO  [cart-service] txn_id=TXN-101207 customer_id=C10577 action=addtocart product_id=NM-2002 qty=1 status=SUCCESS response_ms=39
2026-09-18T19:58:41.183+05:30 INFO  [order-service] txn_id=TXN-101011 customer_id=C10227 action=checkout order_id=ORD-550313 product_id=NM-1003 qty=1 amount=1799.00 payment_method=WALLET status=SUCCESS response_ms=183 region=West
2026-09-18T19:58:50.341+05:30 INFO  [order-service] txn_id=TXN-101049 customer_id=C10085 action=checkout order_id=ORD-550326 product_id=NM-1005 qty=1 amount=4999.00 payment_method=CARD status=SUCCESS response_ms=341 region=West
2026-09-18T19:58:58.234+05:30 INFO  [cart-service] txn_id=TXN-101202 customer_id=C10533 action=addtocart product_id=NM-1002 qty=3 status=SUCCESS response_ms=119
2026-09-18T19:59:03.690+05:30 INFO  [order-service] txn_id=TXN-101200 customer_id=C10042 action=checkout order_id=ORD-550383 product_id=NM-1005 qty=1 amount=4999.00 payment_method=CARD status=SUCCESS response_ms=690 region=North
2026-09-18T19:59:08.162+05:30 INFO  [cart-service] txn_id=TXN-101138 customer_id=C10084 action=addtocart product_id=NM-1003 qty=1 status=SUCCESS response_ms=149
2026-09-18T19:59:12.326+05:30 INFO  [order-service] txn_id=TXN-101105 customer_id=C10282 action=checkout order_id=ORD-550347 product_id=NM-6001 qty=1 amount=349.00 payment_method=CARD status=SUCCESS response_ms=326 region=South
2026-09-18T19:59:23.156+05:30 INFO  [auth-service] txn_id=TXN-101078 customer_id=C10485 action=login status=SUCCESS response_ms=94
2026-09-18T19:59:40.116+05:30 INFO  [cart-service] txn_id=TXN-101079 customer_id=C10485 action=addtocart product_id=NM-1003 qty=1 status=SUCCESS response_ms=56
2026-09-18T19:59:41.156+05:30 INFO  [cart-service] txn_id=TXN-101208 customer_id=C10212 action=addtocart product_id=NM-2002 qty=1 status=SUCCESS response_ms=83
2026-09-18T19:59:56.479+05:30 WARN  [order-service] txn_id=TXN-101209 customer_id=C10212 action=checkout order_id=ORD-550385 product_id=NM-2002 qty=1 amount=1899.00 payment_method=NETBANKING status=DECLINED error_code=PAY_DECLINED response_ms=479 region=East
2026-09-18T20:00:00.000+05:30 INFO  [platform] Heartbeat OK services=5 jvm_heap_used_pct=53
2026-09-18T20:00:23.348+05:30 INFO  [order-service] txn_id=TXN-101139 customer_id=C10084 action=checkout order_id=ORD-550359 product_id=NM-1003 qty=1 amount=1799.00 payment_method=UPI status=SUCCESS response_ms=348 region=North
2026-09-18T20:00:30.286+05:30 INFO  [cart-service] txn_id=TXN-101270 customer_id=C10572 action=addtocart product_id=NM-1001 qty=1 status=SUCCESS response_ms=111
2026-09-18T20:00:49.417+05:30 INFO  [order-service] txn_id=TXN-101080 customer_id=C10485 action=checkout order_id=ORD-550336 product_id=NM-1003 qty=1 amount=1799.00 payment_method=UPI status=SUCCESS response_ms=417 region=South
2026-09-18T20:01:19.689+05:30 INFO  [order-service] txn_id=TXN-101271 customer_id=C10572 action=checkout order_id=ORD-550407 product_id=NM-1001 qty=1 amount=18999.00 payment_method=CARD status=SUCCESS response_ms=689 region=West
2026-09-18T20:01:21.210+05:30 INFO  [cart-service] txn_id=TXN-101363 customer_id=C10414 action=addtocart product_id=NM-1002 qty=1 status=SUCCESS response_ms=97
2026-09-18T20:02:02.195+05:30 INFO  [cart-service] txn_id=TXN-101420 customer_id=C10608 action=addtocart product_id=NM-1005 qty=2 status=SUCCESS response_ms=84
2026-09-18T20:02:13.210+05:30 INFO  [auth-service] txn_id=TXN-101618 customer_id=C10545 action=login status=SUCCESS response_ms=192
2026-09-18T20:02:16.183+05:30 INFO  [cart-service] txn_id=TXN-101619 customer_id=C10545 action=addtocart product_id=NM-1001 qty=1 status=SUCCESS response_ms=56
2026-09-18T20:02:57.230+05:30 INFO  [auth-service] txn_id=TXN-101120 customer_id=C10495 action=login status=SUCCESS response_ms=71
2026-09-18T20:02:58.417+05:30 INFO  [order-service] txn_id=TXN-101620 customer_id=C10545 action=checkout order_id=ORD-550530 product_id=NM-1001 qty=1 amount=18999.00 payment_method=CARD status=SUCCESS response_ms=417 region=West
2026-09-18T20:03:07.223+05:30 INFO  [cart-service] txn_id=TXN-101121 customer_id=C10495 action=addtocart product_id=NM-1005 qty=1 status=SUCCESS response_ms=149
2026-09-18T20:03:25.495+05:30 INFO  [order-service] txn_id=TXN-101364 customer_id=C10414 action=checkout order_id=ORD-550438 product_id=NM-1002 qty=1 amount=2499.00 payment_method=WALLET status=SUCCESS response_ms=495 region=South
2026-09-18T20:03:53.833+05:30 INFO  [order-service] txn_id=TXN-101421 customer_id=C10608 action=checkout order_id=ORD-550458 product_id=NM-1005 qty=2 amount=9998.00 payment_method=CARD status=SUCCESS response_ms=833 region=North
2026-09-18T20:04:00.035+05:30 INFO  [cart-service] txn_id=TXN-101422 customer_id=C10394 action=addtocart product_id=NM-3002 qty=1 status=SUCCESS response_ms=112
2026-09-18T20:04:18.225+05:30 INFO  [cart-service] txn_id=TXN-101352 customer_id=C10645 action=addtocart product_id=NM-1005 qty=1 status=SUCCESS response_ms=165
2026-09-18T20:04:35.285+05:30 INFO  [cart-service] txn_id=TXN-101476 customer_id=C10269 action=addtocart product_id=NM-1002 qty=1 status=SUCCESS response_ms=94
2026-09-18T20:05:01.000+05:30 WARN  [payment-service] Circuit breaker HALF_OPEN for gateway gw-beta failure_rate_pct=81
2026-09-18T20:06:06.260+05:30 INFO  [auth-service] txn_id=TXN-101381 customer_id=C10124 action=login status=SUCCESS response_ms=96
2026-09-18T20:06:17.235+05:30 INFO  [cart-service] txn_id=TXN-101382 customer_id=C10124 action=addtocart product_id=NM-3002 qty=1 status=SUCCESS response_ms=41
2026-09-18T20:06:17.243+05:30 INFO  [cart-service] txn_id=TXN-101572 customer_id=C10387 action=addtocart product_id=NM-2004 qty=2 status=SUCCESS response_ms=71
2026-09-18T20:06:39.037+05:30 INFO  [auth-service] txn_id=TXN-101502 customer_id=C10431 action=login status=SUCCESS response_ms=204
2026-09-18T20:06:39.185+05:30 INFO  [cart-service] txn_id=TXN-101573 customer_id=C10612 action=addtocart product_id=NM-1001 qty=1 status=SUCCESS response_ms=51
2026-09-18T20:06:44.047+05:30 INFO  [cart-service] txn_id=TXN-101503 customer_id=C10431 action=addtocart product_id=NM-6001 qty=1 status=SUCCESS response_ms=110
2026-09-18T20:06:56.121+05:30 INFO  [cart-service] txn_id=TXN-101485 customer_id=C10129 action=addtocart product_id=NM-1002 qty=1 status=SUCCESS response_ms=131
2026-09-18T20:07:02.262+05:30 INFO  [auth-service] txn_id=TXN-101534 customer_id=C10038 action=login status=SUCCESS response_ms=178
2026-09-18T20:07:07.211+05:30 INFO  [cart-service] txn_id=TXN-101337 customer_id=C10407 action=addtocart product_id=NM-1002 qty=1 status=SUCCESS response_ms=40
2026-09-18T20:07:10.231+05:30 INFO  [cart-service] txn_id=TXN-101535 customer_id=C10038 action=addtocart product_id=NM-1001 qty=1 status=SUCCESS response_ms=148
2026-09-18T20:07:29.241+05:30 INFO  [order-service] txn_id=TXN-101504 customer_id=C10431 action=checkout order_id=ORD-550485 product_id=NM-6001 qty=1 amount=349.00 payment_method=WALLET status=SUCCESS response_ms=241 region=South
2026-09-18T20:07:33.132+05:30 INFO  [cart-service] txn_id=TXN-101388 customer_id=C10619 action=addtocart product_id=NM-4002 qty=1 status=SUCCESS response_ms=45
2026-09-18T20:07:35.198+05:30 INFO  [auth-service] txn_id=TXN-101356 customer_id=C10372 action=login status=SUCCESS response_ms=88
2026-09-18T20:07:37.620+05:30 INFO  [order-service] txn_id=TXN-101486 customer_id=C10129 action=checkout order_id=ORD-550480 product_id=NM-1002 qty=1 amount=2499.00 payment_method=COD status=SUCCESS response_ms=620 region=North
2026-09-18T20:07:40.289+05:30 INFO  [order-service] txn_id=TXN-101338 customer_id=C10407 action=checkout order_id=ORD-550431 product_id=NM-1002 qty=1 amount=2499.00 payment_method=COD status=SUCCESS response_ms=289 region=West
2026-09-18T20:07:55.044+05:30 INFO  [cart-service] txn_id=TXN-101357 customer_id=C10372 action=addtocart product_id=NM-1001 qty=1 status=SUCCESS response_ms=30
2026-09-18T20:08:00.261+05:30 INFO  [cart-service] txn_id=TXN-101524 customer_id=C10567 action=addtocart product_id=NM-1002 qty=1 status=SUCCESS response_ms=51
2026-09-18T20:08:03.059+05:30 INFO  [cart-service] txn_id=TXN-101552 customer_id=C10434 action=addtocart product_id=NM-1005 qty=1 status=SUCCESS response_ms=37
2026-09-18T20:08:08.464+05:30 ERROR [payment-service] txn_id=TXN-101536 Payment gateway gw-beta timed out after 30000 ms for order ORD-550497 attempt 3 of 3
2026-09-18T20:08:08.468+05:30 ERROR [order-service] txn_id=TXN-101536 customer_id=C10038 action=checkout order_id=ORD-550497 product_id=NM-1001 qty=1 amount=18999.00 payment_method=CARD status=FAILED error_code=PAY_GW_TIMEOUT response_ms=30464 region=West
2026-09-18T20:08:09.125+05:30 INFO  [cart-service] txn_id=TXN-101464 customer_id=C10227 action=addtocart product_id=NM-4001 qty=1 status=SUCCESS response_ms=100
2026-09-18T20:08:21.206+05:30 INFO  [cart-service] txn_id=TXN-101537 customer_id=C10466 action=addtocart product_id=NM-1001 qty=1 status=SUCCESS response_ms=30
2026-09-18T20:08:36.056+05:30 INFO  [cart-service] txn_id=TXN-101484 customer_id=C10291 action=addtocart product_id=NM-1001 qty=1 status=SUCCESS response_ms=123
2026-09-18T20:09:07.187+05:30 INFO  [auth-service] txn_id=TXN-101606 customer_id=C10611 action=login status=SUCCESS response_ms=95
2026-09-18T20:09:24.143+05:30 INFO  [cart-service] txn_id=TXN-101346 customer_id=C10634 action=addtocart product_id=NM-1005 qty=2 status=SUCCESS response_ms=125
2026-09-18T20:09:32.154+05:30 INFO  [cart-service] txn_id=TXN-101607 customer_id=C10611 action=addtocart product_id=NM-1005 qty=1 status=SUCCESS response_ms=66
2026-09-18T20:09:37.377+05:30 INFO  [order-service] txn_id=TXN-101538 customer_id=C10466 action=checkout order_id=ORD-550498 product_id=NM-1001 qty=1 amount=18999.00 payment_method=COD status=SUCCESS response_ms=377 region=North
2026-09-18T20:09:46.286+05:30 ERROR [payment-service] txn_id=TXN-101465 Payment gateway gw-beta timed out after 30000 ms for order ORD-550473 attempt 3 of 3
2026-09-18T20:09:46.290+05:30 ERROR [order-service] txn_id=TXN-101465 customer_id=C10227 action=checkout order_id=ORD-550473 product_id=NM-4001 qty=1 amount=899.00 payment_method=CARD status=FAILED error_code=PAY_GW_TIMEOUT response_ms=30286 region=West
2026-09-18T20:09:50.154+05:30 INFO  [cart-service] txn_id=TXN-101522 customer_id=C10027 action=addtocart product_id=NM-6001 qty=1 status=SUCCESS response_ms=62
2026-09-18T20:10:01.000+05:30 WARN  [payment-service] Circuit breaker HALF_OPEN for gateway gw-beta failure_rate_pct=88
2026-09-18T20:10:04.176+05:30 INFO  [auth-service] txn_id=TXN-101429 customer_id=C10419 action=login status=SUCCESS response_ms=131
2026-09-18T20:10:12.287+05:30 INFO  [auth-service] txn_id=TXN-101423 customer_id=C10106 action=login status=SUCCESS response_ms=216
2026-09-18T20:10:20.200+05:30 ERROR [payment-service] txn_id=TXN-101553 Payment gateway gw-beta timed out after 30000 ms for order ORD-550504 attempt 3 of 3
2026-09-18T20:10:20.204+05:30 ERROR [order-service] txn_id=TXN-101553 customer_id=C10434 action=checkout order_id=ORD-550504 product_id=NM-1005 qty=1 amount=4999.00 payment_method=CARD status=FAILED error_code=PAY_GW_TIMEOUT response_ms=30200 region=North
2026-09-18T20:10:21.587+05:30 INFO  [order-service] txn_id=TXN-101523 customer_id=C10027 action=checkout order_id=ORD-550492 product_id=NM-6001 qty=1 amount=349.00 payment_method=WALLET status=SUCCESS response_ms=587 region=North
2026-09-18T20:10:22.657+05:30 INFO  [order-service] txn_id=TXN-101608 customer_id=C10611 action=checkout order_id=ORD-550525 product_id=NM-1005 qty=1 amount=4999.00 payment_method=WALLET status=SUCCESS response_ms=657 region=South
2026-09-18T20:10:23.091+05:30 INFO  [cart-service] txn_id=TXN-101478 customer_id=C10073 action=addtocart product_id=NM-1001 qty=1 status=SUCCESS response_ms=154
2026-09-18T20:10:23.267+05:30 INFO  [cart-service] txn_id=TXN-101568 customer_id=C10646 action=addtocart product_id=NM-1005 qty=1 status=SUCCESS response_ms=68
2026-09-18T20:10:32.048+05:30 INFO  [cart-service] txn_id=TXN-101424 customer_id=C10106 action=addtocart product_id=NM-1003 qty=1 status=SUCCESS response_ms=42
2026-09-18T20:10:32.220+05:30 INFO  [cart-service] txn_id=TXN-101430 customer_id=C10419 action=addtocart product_id=NM-1001 qty=1 status=SUCCESS response_ms=57
2026-09-18T20:10:35.195+05:30 INFO  [cart-service] txn_id=TXN-101491 customer_id=C10465 action=addtocart product_id=NM-1003 qty=1 status=SUCCESS response_ms=175
2026-09-18T20:10:39.255+05:30 INFO  [cart-service] txn_id=TXN-101376 customer_id=C10154 action=addtocart product_id=NM-1003 qty=1 status=SUCCESS response_ms=68
2026-09-18T20:11:12.288+05:30 INFO  [order-service] txn_id=TXN-101479 customer_id=C10073 action=checkout order_id=ORD-550477 product_id=NM-1001 qty=1 amount=18999.00 payment_method=UPI status=SUCCESS response_ms=288 region=North
2026-09-18T20:11:13.155+05:30 INFO  [cart-service] txn_id=TXN-101563 customer_id=C10432 action=addtocart product_id=NM-1002 qty=1 status=SUCCESS response_ms=94
2026-09-18T20:12:20.449+05:30 ERROR [payment-service] txn_id=TXN-101425 Payment gateway gw-beta timed out after 30000 ms for order ORD-550459 attempt 3 of 3
2026-09-18T20:12:20.453+05:30 ERROR [order-service] txn_id=TXN-101425 customer_id=C10106 action=checkout order_id=ORD-550459 product_id=NM-1003 qty=1 amount=1799.00 payment_method=NETBANKING status=FAILED error_code=PAY_GW_TIMEOUT response_ms=30449 region=South
2026-09-18T20:12:22.044+05:30 WARN  [order-service] txn_id=TXN-101569 customer_id=C10646 action=checkout order_id=ORD-550511 product_id=NM-1005 qty=1 amount=4999.00 payment_method=NETBANKING status=SUCCESS response_ms=10044 region=South
2026-09-18T20:12:38.334+05:30 INFO  [order-service] txn_id=TXN-101377 customer_id=C10154 action=checkout order_id=ORD-550443 product_id=NM-1003 qty=1 amount=1799.00 payment_method=WALLET status=SUCCESS response_ms=334 region=West
2026-09-18T20:12:47.267+05:30 INFO  [cart-service] txn_id=TXN-101468 customer_id=C10562 action=addtocart product_id=NM-1002 qty=1 status=SUCCESS response_ms=147
2026-09-18T20:13:18.257+05:30 ERROR [payment-service] txn_id=TXN-101564 Payment gateway gw-beta timed out after 30000 ms for order ORD-550509 attempt 3 of 3
2026-09-18T20:13:18.261+05:30 ERROR [order-service] txn_id=TXN-101564 customer_id=C10432 action=checkout order_id=ORD-550509 product_id=NM-1002 qty=1 amount=2499.00 payment_method=CARD status=FAILED error_code=PAY_GW_TIMEOUT response_ms=30257 region=East
2026-09-18T20:13:36.240+05:30 INFO  [auth-service] txn_id=TXN-101349 customer_id=C10094 action=login status=SUCCESS response_ms=218
2026-09-18T20:13:42.128+05:30 INFO  [cart-service] txn_id=TXN-101471 customer_id=C10057 action=addtocart product_id=NM-2001 qty=1 status=SUCCESS response_ms=71
2026-09-18T20:13:45.219+05:30 INFO  [cart-service] txn_id=TXN-101398 customer_id=C10475 action=addtocart product_id=NM-1003 qty=1 status=SUCCESS response_ms=75
2026-09-18T20:13:54.197+05:30 INFO  [cart-service] txn_id=TXN-101350 customer_id=C10094 action=addtocart product_id=NM-1004 qty=1 status=SUCCESS response_ms=160
2026-09-18T20:14:10.268+05:30 INFO  [order-service] txn_id=TXN-101399 customer_id=C10475 action=checkout order_id=ORD-550450 product_id=NM-1003 qty=1 amount=1799.00 payment_method=WALLET status=SUCCESS response_ms=268 region=West
2026-09-18T20:14:37.473+05:30 ERROR [payment-service] txn_id=TXN-101469 Payment gateway gw-beta timed out after 30000 ms for order ORD-550475 attempt 3 of 3
2026-09-18T20:14:37.477+05:30 ERROR [order-service] txn_id=TXN-101469 customer_id=C10562 action=checkout order_id=ORD-550475 product_id=NM-1002 qty=1 amount=2499.00 payment_method=NETBANKING status=FAILED error_code=PAY_GW_TIMEOUT response_ms=30473 region=North
2026-09-18T20:15:01.000+05:30 WARN  [payment-service] Circuit breaker HALF_OPEN for gateway gw-beta failure_rate_pct=84
2026-09-18T20:15:26.207+05:30 INFO  [auth-service] txn_id=TXN-101341 customer_id=C10406 action=login status=SUCCESS response_ms=149
2026-09-18T20:15:39.113+05:30 INFO  [cart-service] txn_id=TXN-101500 customer_id=C10453 action=addtocart product_id=NM-6001 qty=2 status=SUCCESS response_ms=63
2026-09-18T20:15:46.412+05:30 ERROR [payment-service] txn_id=TXN-101472 Payment gateway gw-beta timed out after 30000 ms for order ORD-550476 attempt 3 of 3
2026-09-18T20:15:46.416+05:30 ERROR [order-service] txn_id=TXN-101472 customer_id=C10057 action=checkout order_id=ORD-550476 product_id=NM-2001 qty=1 amount=1499.00 payment_method=CARD status=FAILED error_code=PAY_GW_TIMEOUT response_ms=30412 region=South
2026-09-18T20:15:49.278+05:30 INFO  [cart-service] txn_id=TXN-101342 customer_id=C10406 action=addtocart product_id=NM-1002 qty=2 status=SUCCESS response_ms=142
2026-09-18T20:15:55.202+05:30 INFO  [cart-service] txn_id=TXN-101588 customer_id=C10057 action=addtocart product_id=NM-1005 qty=1 status=SUCCESS response_ms=157
2026-09-18T20:16:03.883+05:30 ERROR [payment-service] txn_id=TXN-101351 Payment gateway gw-beta timed out after 30000 ms for order ORD-550434 attempt 3 of 3
2026-09-18T20:16:03.887+05:30 ERROR [order-service] txn_id=TXN-101351 customer_id=C10094 action=checkout order_id=ORD-550434 product_id=NM-1004 qty=1 amount=27999.00 payment_method=CARD status=FAILED error_code=PAY_GW_TIMEOUT response_ms=30883 region=North
2026-09-18T20:16:29.130+05:30 INFO  [cart-service] txn_id=TXN-101625 customer_id=C10587 action=addtocart product_id=NM-1003 qty=1 status=SUCCESS response_ms=39
2026-09-18T20:16:39.027+05:30 INFO  [cart-service] txn_id=TXN-101586 customer_id=C10423 action=addtocart product_id=NM-1004 qty=1 status=SUCCESS response_ms=97
2026-09-18T20:17:01.240+05:30 INFO  [cart-service] txn_id=TXN-101459 customer_id=C10513 action=addtocart product_id=NM-1004 qty=1 status=SUCCESS response_ms=86
2026-09-18T20:17:41.278+05:30 INFO  [order-service] txn_id=TXN-101501 customer_id=C10453 action=checkout order_id=ORD-550484 product_id=NM-6001 qty=2 amount=698.00 payment_method=UPI status=SUCCESS response_ms=278 region=South
2026-09-18T20:17:45.205+05:30 INFO  [cart-service] txn_id=TXN-101369 customer_id=C10199 action=addtocart product_id=NM-3004 qty=1 status=SUCCESS response_ms=49
2026-09-18T20:18:06.681+05:30 ERROR [payment-service] txn_id=TXN-101587 Payment gateway gw-beta timed out after 30000 ms for order ORD-550518 attempt 3 of 3
2026-09-18T20:18:06.685+05:30 ERROR [order-service] txn_id=TXN-101587 customer_id=C10423 action=checkout order_id=ORD-550518 product_id=NM-1004 qty=1 amount=27999.00 payment_method=CARD status=FAILED error_code=PAY_GW_TIMEOUT response_ms=30681 region=North
2026-09-18T20:18:16.216+05:30 INFO  [cart-service] txn_id=TXN-101323 customer_id=C10076 action=addtocart product_id=NM-1003 qty=1 status=SUCCESS response_ms=103
2026-09-18T20:18:16.115+05:30 WARN  [order-service] txn_id=TXN-101626 customer_id=C10587 action=checkout order_id=ORD-550533 product_id=NM-1003 qty=1 amount=1799.00 payment_method=CARD status=SUCCESS response_ms=17115 region=South
2026-09-18T20:18:30.235+05:30 INFO  [cart-service] txn_id=TXN-101578 customer_id=C10328 action=addtocart product_id=NM-1003 qty=2 status=SUCCESS response_ms=94
2026-09-18T20:18:37.550+05:30 INFO  [order-service] txn_id=TXN-101324 customer_id=C10076 action=checkout order_id=ORD-550427 product_id=NM-1003 qty=1 amount=1799.00 payment_method=UPI status=SUCCESS response_ms=550 region=South
2026-09-18T20:18:54.243+05:30 INFO  [auth-service] txn_id=TXN-101353 customer_id=C10282 action=login status=SUCCESS response_ms=100
2026-09-18T20:19:00.182+05:30 INFO  [cart-service] txn_id=TXN-101507 customer_id=C10373 action=addtocart product_id=NM-1002 qty=1 status=SUCCESS response_ms=168
2026-09-18T20:19:10.064+05:30 ERROR [payment-service] txn_id=TXN-101370 Payment gateway gw-beta timed out after 30000 ms for order ORD-550441 attempt 3 of 3
2026-09-18T20:19:10.068+05:30 ERROR [order-service] txn_id=TXN-101370 customer_id=C10199 action=checkout order_id=ORD-550441 product_id=NM-3004 qty=1 amount=599.00 payment_method=CARD status=FAILED error_code=PAY_GW_TIMEOUT response_ms=30064 region=South
2026-09-18T20:19:13.263+05:30 INFO  [cart-service] txn_id=TXN-101354 customer_id=C10282 action=addtocart product_id=NM-1002 qty=1 status=SUCCESS response_ms=147
2026-09-18T20:19:32.312+05:30 INFO  [order-service] txn_id=TXN-101508 customer_id=C10373 action=checkout order_id=ORD-550487 product_id=NM-1002 qty=1 amount=2499.00 payment_method=UPI status=SUCCESS response_ms=312 region=East
2026-09-18T20:19:44.073+05:30 INFO  [cart-service] txn_id=TXN-101367 customer_id=C10034 action=addtocart product_id=NM-5002 qty=1 status=SUCCESS response_ms=157
2026-09-18T20:19:56.228+05:30 INFO  [cart-service] txn_id=TXN-101509 customer_id=C10308 action=addtocart product_id=NM-1003 qty=1 status=SUCCESS response_ms=134
2026-09-18T20:20:01.000+05:30 WARN  [payment-service] Circuit breaker HALF_OPEN for gateway gw-beta failure_rate_pct=83
2026-09-18T20:20:02.269+05:30 INFO  [order-service] txn_id=TXN-101579 customer_id=C10328 action=checkout order_id=ORD-550514 product_id=NM-1003 qty=2 amount=3598.00 payment_method=UPI status=SUCCESS response_ms=269 region=North
2026-09-18T20:20:07.212+05:30 INFO  [cart-service] txn_id=TXN-101623 customer_id=C10176 action=addtocart product_id=NM-6002 qty=1 status=SUCCESS response_ms=68
2026-09-18T20:20:13.101+05:30 ERROR [payment-service] txn_id=TXN-101355 Payment gateway gw-beta timed out after 30000 ms for order ORD-550435 attempt 3 of 3
2026-09-18T20:20:13.105+05:30 ERROR [order-service] txn_id=TXN-101355 customer_id=C10282 action=checkout order_id=ORD-550435 product_id=NM-1002 qty=1 amount=2499.00 payment_method=NETBANKING status=FAILED error_code=PAY_GW_TIMEOUT response_ms=30101 region=South
2026-09-18T20:20:20.040+05:30 INFO  [cart-service] txn_id=TXN-101404 customer_id=C10344 action=addtocart product_id=NM-4002 qty=2 status=SUCCESS response_ms=44
2026-09-18T20:20:46.187+05:30 INFO  [order-service] txn_id=TXN-101368 customer_id=C10034 action=checkout order_id=ORD-550440 product_id=NM-5002 qty=1 amount=3999.00 payment_method=UPI status=SUCCESS response_ms=187 region=South
2026-09-18T20:22:06.322+05:30 ERROR [payment-service] txn_id=TXN-101405 Payment gateway gw-beta timed out after 30000 ms for order ORD-550452 attempt 3 of 3
2026-09-18T20:22:06.326+05:30 ERROR [order-service] txn_id=TXN-101405 customer_id=C10344 action=checkout order_id=ORD-550452 product_id=NM-4002 qty=2 amount=798.00 payment_method=CARD status=FAILED error_code=PAY_GW_TIMEOUT response_ms=30322 region=South
2026-09-18T20:22:07.539+05:30 ERROR [payment-service] txn_id=TXN-101624 Payment gateway gw-beta timed out after 30000 ms for order ORD-550532 attempt 3 of 3
2026-09-18T20:22:07.543+05:30 ERROR [order-service] txn_id=TXN-101624 customer_id=C10176 action=checkout order_id=ORD-550532 product_id=NM-6002 qty=1 amount=799.00 payment_method=NETBANKING status=FAILED error_code=PAY_GW_TIMEOUT response_ms=30539 region=South
2026-09-18T20:22:13.223+05:30 INFO  [cart-service] txn_id=TXN-101480 customer_id=C10030 action=addtocart product_id=NM-1002 qty=1 status=SUCCESS response_ms=31
2026-09-18T20:22:29.113+05:30 INFO  [cart-service] txn_id=TXN-101431 customer_id=C10114 action=addtocart product_id=NM-1001 qty=1 status=SUCCESS response_ms=138
2026-09-18T20:22:42.194+05:30 INFO  [cart-service] txn_id=TXN-101580 customer_id=C10183 action=addtocart product_id=NM-1003 qty=1 status=SUCCESS response_ms=81
2026-09-18T20:22:49.189+05:30 INFO  [cart-service] txn_id=TXN-101604 customer_id=C10031 action=addtocart product_id=NM-5001 qty=1 status=SUCCESS response_ms=140
2026-09-18T20:22:59.108+05:30 INFO  [auth-service] txn_id=TXN-101415 customer_id=C10039 action=login status=SUCCESS response_ms=41
2026-09-18T20:23:05.279+05:30 INFO  [cart-service] txn_id=TXN-101556 customer_id=C10008 action=addtocart product_id=NM-1002 qty=1 status=SUCCESS response_ms=44
2026-09-18T20:23:19.157+05:30 INFO  [cart-service] txn_id=TXN-101592 customer_id=C10300 action=addtocart product_id=NM-1003 qty=1 status=SUCCESS response_ms=93
2026-09-18T20:23:30.094+05:30 INFO  [cart-service] txn_id=TXN-101416 customer_id=C10039 action=addtocart product_id=NM-5001 qty=1 status=SUCCESS response_ms=41
2026-09-18T20:23:37.062+05:30 INFO  [auth-service] txn_id=TXN-101406 customer_id=C10248 action=login status=SUCCESS response_ms=152
2026-09-18T20:23:40.726+05:30 INFO  [order-service] txn_id=TXN-101581 customer_id=C10183 action=checkout order_id=ORD-550515 product_id=NM-1003 qty=1 amount=1799.00 payment_method=UPI status=SUCCESS response_ms=726 region=West
2026-09-18T20:23:53.249+05:30 INFO  [cart-service] txn_id=TXN-101407 customer_id=C10248 action=addtocart product_id=NM-1001 qty=1 status=SUCCESS response_ms=51
2026-09-18T20:23:54.729+05:30 INFO  [order-service] txn_id=TXN-101481 customer_id=C10030 action=checkout order_id=ORD-550478 product_id=NM-1002 qty=1 amount=2499.00 payment_method=UPI status=SUCCESS response_ms=729 region=South
2026-09-18T20:23:56.273+05:30 INFO  [cart-service] txn_id=TXN-101451 customer_id=C10348 action=addtocart product_id=NM-3002 qty=1 status=SUCCESS response_ms=109
2026-09-18T20:24:07.625+05:30 ERROR [payment-service] txn_id=TXN-101605 Payment gateway gw-beta timed out after 30000 ms for order ORD-550524 attempt 3 of 3
2026-09-18T20:24:07.629+05:30 ERROR [order-service] txn_id=TXN-101605 customer_id=C10031 action=checkout order_id=ORD-550524 product_id=NM-5001 qty=1 amount=1299.00 payment_method=CARD status=FAILED error_code=PAY_GW_TIMEOUT response_ms=30625 region=South
2026-09-18T20:24:09.127+05:30 INFO  [cart-service] txn_id=TXN-101551 customer_id=C10369 action=addtocart product_id=NM-1001 qty=1 status=SUCCESS response_ms=52
2026-09-18T20:24:11.088+05:30 INFO  [cart-service] txn_id=TXN-101549 customer_id=C10010 action=addtocart product_id=NM-1003 qty=1 status=SUCCESS response_ms=138
2026-09-18T20:24:27.161+05:30 INFO  [auth-service] txn_id=TXN-101560 customer_id=C10542 action=login status=SUCCESS response_ms=41
2026-09-18T20:24:39.076+05:30 ERROR [payment-service] txn_id=TXN-101417 Payment gateway gw-beta timed out after 30000 ms for order ORD-550456 attempt 3 of 3
2026-09-18T20:24:39.080+05:30 ERROR [order-service] txn_id=TXN-101417 customer_id=C10039 action=checkout order_id=ORD-550456 product_id=NM-5001 qty=1 amount=1299.00 payment_method=CARD status=FAILED error_code=PAY_GW_TIMEOUT response_ms=30076 region=East
2026-09-18T20:24:40.476+05:30 ERROR [payment-service] txn_id=TXN-101593 Payment gateway gw-beta timed out after 30000 ms for order ORD-550520 attempt 3 of 3
2026-09-18T20:24:40.480+05:30 ERROR [order-service] txn_id=TXN-101593 customer_id=C10300 action=checkout order_id=ORD-550520 product_id=NM-1003 qty=1 amount=1799.00 payment_method=CARD status=FAILED error_code=PAY_GW_TIMEOUT response_ms=30476 region=West
2026-09-18T20:24:48.269+05:30 INFO  [cart-service] txn_id=TXN-101561 customer_id=C10542 action=addtocart product_id=NM-1002 qty=1 status=SUCCESS response_ms=75
2026-09-18T20:24:56.765+05:30 WARN  [order-service] txn_id=TXN-101550 customer_id=C10010 action=checkout order_id=ORD-550503 product_id=NM-1003 qty=1 amount=1799.00 payment_method=WALLET status=DECLINED error_code=PAY_DECLINED response_ms=765 region=North
2026-09-18T20:25:00.581+05:30 ERROR [payment-service] txn_id=TXN-101452 Payment gateway gw-beta timed out after 30000 ms for order ORD-550468 attempt 3 of 3
2026-09-18T20:25:00.585+05:30 ERROR [order-service] txn_id=TXN-101452 customer_id=C10348 action=checkout order_id=ORD-550468 product_id=NM-3002 qty=1 amount=5999.00 payment_method=CARD status=FAILED error_code=PAY_GW_TIMEOUT response_ms=30581 region=East
2026-09-18T20:25:01.000+05:30 WARN  [payment-service] Circuit breaker HALF_OPEN for gateway gw-beta failure_rate_pct=90
2026-09-18T20:25:02.131+05:30 ERROR [payment-service] txn_id=TXN-101408 Payment gateway gw-beta timed out after 30000 ms for order ORD-550453 attempt 3 of 3
2026-09-18T20:25:02.135+05:30 ERROR [order-service] txn_id=TXN-101408 customer_id=C10248 action=checkout order_id=ORD-550453 product_id=NM-1001 qty=1 amount=18999.00 payment_method=CARD status=FAILED error_code=PAY_GW_TIMEOUT response_ms=30131 region=North
2026-09-18T20:25:11.262+05:30 INFO  [auth-service] txn_id=TXN-101347 customer_id=C10219 action=login status=SUCCESS response_ms=80
2026-09-18T20:25:11.419+05:30 INFO  [order-service] txn_id=TXN-101557 customer_id=C10008 action=checkout order_id=ORD-550506 product_id=NM-1002 qty=1 amount=2499.00 payment_method=UPI status=SUCCESS response_ms=419 region=West
2026-09-18T20:25:21.166+05:30 INFO  [cart-service] txn_id=TXN-101348 customer_id=C10219 action=addtocart product_id=NM-1004 qty=1 status=SUCCESS response_ms=98
2026-09-18T20:25:29.090+05:30 INFO  [cart-service] txn_id=TXN-101450 customer_id=C10084 action=addtocart product_id=NM-1001 qty=1 status=SUCCESS response_ms=134
2026-09-18T20:25:54.635+05:30 INFO  [order-service] txn_id=TXN-101562 customer_id=C10542 action=checkout order_id=ORD-550508 product_id=NM-1002 qty=1 amount=2499.00 payment_method=UPI status=SUCCESS response_ms=635 region=South
2026-09-18T20:26:57.113+05:30 INFO  [cart-service] txn_id=TXN-101409 customer_id=C10158 action=addtocart product_id=NM-5003 qty=1 status=SUCCESS response_ms=85
2026-09-18T20:27:15.051+05:30 INFO  [cart-service] txn_id=TXN-101318 customer_id=C10242 action=addtocart product_id=NM-1005 qty=1 status=SUCCESS response_ms=141
2026-09-18T20:27:18.212+05:30 INFO  [auth-service] txn_id=TXN-101343 customer_id=C10115 action=login status=SUCCESS response_ms=181
2026-09-18T20:27:36.438+05:30 INFO  [order-service] txn_id=TXN-101319 customer_id=C10242 action=checkout order_id=ORD-550425 product_id=NM-1005 qty=1 amount=4999.00 payment_method=UPI status=SUCCESS response_ms=438 region=North
2026-09-18T20:27:52.176+05:30 INFO  [cart-service] txn_id=TXN-101492 customer_id=C10166 action=addtocart product_id=NM-4001 qty=1 status=SUCCESS response_ms=175
2026-09-18T20:27:53.181+05:30 INFO  [cart-service] txn_id=TXN-101344 customer_id=C10115 action=addtocart product_id=NM-2003 qty=2 status=SUCCESS response_ms=140
2026-09-18T20:28:43.922+05:30 WARN  [order-service] txn_id=TXN-101410 customer_id=C10158 action=checkout order_id=ORD-550454 product_id=NM-5003 qty=1 amount=6499.00 payment_method=CARD status=SUCCESS response_ms=19922 region=East
2026-09-18T20:28:50.235+05:30 INFO  [cart-service] txn_id=TXN-101385 customer_id=C10252 action=addtocart product_id=NM-6002 qty=2 status=SUCCESS response_ms=107
2026-09-18T20:29:19.267+05:30 ERROR [payment-service] txn_id=TXN-101493 Payment gateway gw-beta timed out after 30000 ms for order ORD-550482 attempt 3 of 3
2026-09-18T20:29:19.271+05:30 ERROR [order-service] txn_id=TXN-101493 customer_id=C10166 action=checkout order_id=ORD-550482 product_id=NM-4001 qty=1 amount=899.00 payment_method=CARD status=FAILED error_code=PAY_GW_TIMEOUT response_ms=30267 region=North
2026-09-18T20:29:21.103+05:30 INFO  [cart-service] txn_id=TXN-101361 customer_id=C10168 action=addtocart product_id=NM-1003 qty=2 status=SUCCESS response_ms=37
2026-09-18T20:29:24.096+05:30 INFO  [auth-service] txn_id=TXN-101411 customer_id=C10117 action=login status=SUCCESS response_ms=104
2026-09-18T20:29:33.675+05:30 ERROR [payment-service] txn_id=TXN-101345 Payment gateway gw-beta timed out after 30000 ms for order ORD-550433 attempt 3 of 3
2026-09-18T20:29:33.679+05:30 ERROR [order-service] txn_id=TXN-101345 customer_id=C10115 action=checkout order_id=ORD-550433 product_id=NM-2003 qty=2 amount=5998.00 payment_method=CARD status=FAILED error_code=PAY_GW_TIMEOUT response_ms=30675 region=North
2026-09-18T20:29:56.129+05:30 INFO  [cart-service] txn_id=TXN-101412 customer_id=C10117 action=addtocart product_id=NM-3003 qty=2 status=SUCCESS response_ms=58
2026-09-18T20:30:01.000+05:30 WARN  [payment-service] Circuit breaker HALF_OPEN for gateway gw-beta failure_rate_pct=86
2026-09-18T20:30:36.278+05:30 INFO  [cart-service] txn_id=TXN-101460 customer_id=C10073 action=addtocart product_id=NM-3001 qty=2 status=SUCCESS response_ms=180
2026-09-18T20:30:37.060+05:30 INFO  [cart-service] txn_id=TXN-101558 customer_id=C10284 action=addtocart product_id=NM-1003 qty=2 status=SUCCESS response_ms=31
2026-09-18T20:30:56.373+05:30 INFO  [order-service] txn_id=TXN-101362 customer_id=C10168 action=checkout order_id=ORD-550437 product_id=NM-1003 qty=2 amount=3598.00 payment_method=UPI status=SUCCESS response_ms=373 region=West
2026-09-18T20:30:57.082+05:30 INFO  [auth-service] txn_id=TXN-101315 customer_id=C10289 action=login status=SUCCESS response_ms=179
2026-09-18T20:31:09.252+05:30 INFO  [auth-service] txn_id=TXN-101358 customer_id=C10540 action=login status=SUCCESS response_ms=63
2026-09-18T20:31:11.049+05:30 INFO  [cart-service] txn_id=TXN-101316 customer_id=C10289 action=addtocart product_id=NM-6001 qty=1 status=SUCCESS response_ms=176
2026-09-18T20:31:23.202+05:30 INFO  [cart-service] txn_id=TXN-101359 customer_id=C10540 action=addtocart product_id=NM-1003 qty=2 status=SUCCESS response_ms=84
2026-09-18T20:31:28.290+05:30 INFO  [auth-service] txn_id=TXN-101574 customer_id=C10559 action=login status=SUCCESS response_ms=122
2026-09-18T20:31:43.187+05:30 INFO  [order-service] txn_id=TXN-101559 customer_id=C10284 action=checkout order_id=ORD-550507 product_id=NM-1003 qty=2 amount=3598.00 payment_method=UPI status=SUCCESS response_ms=187 region=East
2026-09-18T20:31:50.056+05:30 INFO  [cart-service] txn_id=TXN-101575 customer_id=C10559 action=addtocart product_id=NM-1002 qty=2 status=SUCCESS response_ms=141
2026-09-18T20:31:51.138+05:30 INFO  [cart-service] txn_id=TXN-101489 customer_id=C10439 action=addtocart product_id=NM-2001 qty=1 status=SUCCESS response_ms=113
2026-09-18T20:32:20.218+05:30 INFO  [cart-service] txn_id=TXN-101554 customer_id=C10394 action=addtocart product_id=NM-6002 qty=1 status=SUCCESS response_ms=41
2026-09-18T20:32:26.078+05:30 INFO  [cart-service] txn_id=TXN-101477 customer_id=C10288 action=addtocart product_id=NM-2003 qty=2 status=SUCCESS response_ms=94
2026-09-18T20:32:30.138+05:30 INFO  [cart-service] txn_id=TXN-101386 customer_id=C10497 action=addtocart product_id=NM-1002 qty=1 status=SUCCESS response_ms=51
2026-09-18T20:32:37.042+05:30 WARN  [order-service] txn_id=TXN-101360 customer_id=C10540 action=checkout order_id=ORD-550436 product_id=NM-1003 qty=2 amount=3598.00 payment_method=CARD status=SUCCESS response_ms=14042 region=West
2026-09-18T20:32:52.804+05:30 ERROR [payment-service] txn_id=TXN-101461 Payment gateway gw-beta timed out after 30000 ms for order ORD-550471 attempt 3 of 3
2026-09-18T20:32:52.808+05:30 ERROR [order-service] txn_id=TXN-101461 customer_id=C10073 action=checkout order_id=ORD-550471 product_id=NM-3001 qty=2 amount=6998.00 payment_method=CARD status=FAILED error_code=PAY_GW_TIMEOUT response_ms=30804 region=North
2026-09-18T20:33:07.079+05:30 INFO  [cart-service] txn_id=TXN-101496 customer_id=C10478 action=addtocart product_id=NM-6001 qty=1 status=SUCCESS response_ms=58
2026-09-18T20:33:13.495+05:30 ERROR [payment-service] txn_id=TXN-101317 Payment gateway gw-beta timed out after 30000 ms for order ORD-550424 attempt 3 of 3
2026-09-18T20:33:13.499+05:30 ERROR [order-service] txn_id=TXN-101317 customer_id=C10289 action=checkout order_id=ORD-550424 product_id=NM-6001 qty=1 amount=349.00 payment_method=CARD status=FAILED error_code=PAY_GW_TIMEOUT response_ms=30495 region=North
2026-09-18T20:33:24.061+05:30 ERROR [payment-service] txn_id=TXN-101490 Payment gateway gw-beta timed out after 30000 ms for order ORD-550481 attempt 3 of 3
2026-09-18T20:33:24.065+05:30 ERROR [order-service] txn_id=TXN-101490 customer_id=C10439 action=checkout order_id=ORD-550481 product_id=NM-2001 qty=1 amount=1499.00 payment_method=CARD status=FAILED error_code=PAY_GW_TIMEOUT response_ms=30061 region=West
2026-09-18T20:33:25.111+05:30 INFO  [cart-service] txn_id=TXN-101520 customer_id=C10528 action=addtocart product_id=NM-3002 qty=2 status=SUCCESS response_ms=60
2026-09-18T20:33:43.235+05:30 INFO  [cart-service] txn_id=TXN-101448 customer_id=C10500 action=addtocart product_id=NM-3002 qty=1 status=SUCCESS response_ms=71
2026-09-18T20:34:09.160+05:30 ERROR [payment-service] txn_id=TXN-101555 Payment gateway gw-beta timed out after 30000 ms for order ORD-550505 attempt 3 of 3
2026-09-18T20:34:09.164+05:30 ERROR [order-service] txn_id=TXN-101555 customer_id=C10394 action=checkout order_id=ORD-550505 product_id=NM-6002 qty=1 amount=799.00 payment_method=CARD status=FAILED error_code=PAY_GW_TIMEOUT response_ms=30160 region=North
2026-09-18T20:34:26.195+05:30 INFO  [cart-service] txn_id=TXN-101511 customer_id=C10604 action=addtocart product_id=NM-1005 qty=1 status=SUCCESS response_ms=60
2026-09-18T20:34:36.168+05:30 ERROR [payment-service] txn_id=TXN-101387 Payment gateway gw-beta timed out after 30000 ms for order ORD-550446 attempt 3 of 3
2026-09-18T20:34:36.172+05:30 ERROR [order-service] txn_id=TXN-101387 customer_id=C10497 action=checkout order_id=ORD-550446 product_id=NM-1002 qty=1 amount=2499.00 payment_method=NETBANKING status=FAILED error_code=PAY_GW_TIMEOUT response_ms=30168 region=West
2026-09-18T20:34:41.581+05:30 INFO  [order-service] txn_id=TXN-101449 customer_id=C10500 action=checkout order_id=ORD-550467 product_id=NM-3002 qty=1 amount=5999.00 payment_method=COD status=SUCCESS response_ms=581 region=West
2026-09-18T20:34:53.213+05:30 INFO  [cart-service] txn_id=TXN-101462 customer_id=C10343 action=addtocart product_id=NM-3002 qty=2 status=SUCCESS response_ms=104
2026-09-18T20:34:54.282+05:30 ERROR [payment-service] txn_id=TXN-101497 Payment gateway gw-beta timed out after 30000 ms for order ORD-550483 attempt 3 of 3
2026-09-18T20:34:54.286+05:30 ERROR [order-service] txn_id=TXN-101497 customer_id=C10478 action=checkout order_id=ORD-550483 product_id=NM-6001 qty=1 amount=349.00 payment_method=CARD status=FAILED error_code=PAY_GW_TIMEOUT response_ms=30282 region=South
2026-09-18T20:35:01.000+05:30 WARN  [payment-service] Circuit breaker HALF_OPEN for gateway gw-beta failure_rate_pct=84
2026-09-18T20:35:20.242+05:30 ERROR [payment-service] txn_id=TXN-101521 Payment gateway gw-beta timed out after 30000 ms for order ORD-550491 attempt 3 of 3
2026-09-18T20:35:20.246+05:30 ERROR [order-service] txn_id=TXN-101521 customer_id=C10528 action=checkout order_id=ORD-550491 product_id=NM-3002 qty=2 amount=11998.00 payment_method=CARD status=FAILED error_code=PAY_GW_TIMEOUT response_ms=30242 region=North
2026-09-18T20:35:21.274+05:30 INFO  [cart-service] txn_id=TXN-101510 customer_id=C10628 action=addtocart product_id=NM-1001 qty=1 status=SUCCESS response_ms=133
2026-09-18T20:35:57.260+05:30 INFO  [cart-service] txn_id=TXN-101444 customer_id=C10078 action=addtocart product_id=NM-1004 qty=1 status=SUCCESS response_ms=65
2026-09-18T20:35:59.021+05:30 ERROR [payment-service] txn_id=TXN-101463 Payment gateway gw-beta timed out after 30000 ms for order ORD-550472 attempt 3 of 3
2026-09-18T20:35:59.025+05:30 ERROR [order-service] txn_id=TXN-101463 customer_id=C10343 action=checkout order_id=ORD-550472 product_id=NM-3002 qty=2 amount=11998.00 payment_method=CARD status=FAILED error_code=PAY_GW_TIMEOUT response_ms=30021 region=North
2026-09-18T20:36:12.274+05:30 INFO  [auth-service] txn_id=TXN-101330 customer_id=C10396 action=login status=SUCCESS response_ms=62
2026-09-18T20:36:25.173+05:30 INFO  [cart-service] txn_id=TXN-101396 customer_id=C10516 action=addtocart product_id=NM-1001 qty=1 status=SUCCESS response_ms=54
2026-09-18T20:36:25.304+05:30 INFO  [order-service] txn_id=TXN-101512 customer_id=C10604 action=checkout order_id=ORD-550488 product_id=NM-1005 qty=1 amount=4999.00 payment_method=UPI status=SUCCESS response_ms=304 region=North
2026-09-18T20:36:38.282+05:30 INFO  [cart-service] txn_id=TXN-101413 customer_id=C10131 action=addtocart product_id=NM-2003 qty=1 status=SUCCESS response_ms=102
2026-09-18T20:36:43.156+05:30 INFO  [cart-service] txn_id=TXN-101527 customer_id=C10495 action=addtocart product_id=NM-1005 qty=2 status=SUCCESS response_ms=86
2026-09-18T20:36:49.057+05:30 INFO  [cart-service] txn_id=TXN-101331 customer_id=C10396 action=addtocart product_id=NM-1002 qty=1 status=SUCCESS response_ms=175
2026-09-18T20:36:52.248+05:30 INFO  [cart-service] txn_id=TXN-101446 customer_id=C10089 action=addtocart product_id=NM-1002 qty=1 status=SUCCESS response_ms=171
2026-09-18T20:36:57.592+05:30 INFO  [order-service] txn_id=TXN-101445 customer_id=C10078 action=checkout order_id=ORD-550465 product_id=NM-1004 qty=1 amount=27999.00 payment_method=UPI status=SUCCESS response_ms=592 region=North
2026-09-18T20:37:15.026+05:30 INFO  [cart-service] txn_id=TXN-101402 customer_id=C10412 action=addtocart product_id=NM-1001 qty=1 status=SUCCESS response_ms=104
2026-09-18T20:37:46.489+05:30 WARN  [order-service] txn_id=TXN-101403 customer_id=C10412 action=checkout order_id=ORD-550451 product_id=NM-1001 qty=1 amount=18999.00 payment_method=UPI status=DECLINED error_code=PAY_DECLINED response_ms=489 region=West
2026-09-18T20:37:51.257+05:30 ERROR [payment-service] txn_id=TXN-101447 Payment gateway gw-beta timed out after 30000 ms for order ORD-550466 attempt 3 of 3
2026-09-18T20:37:51.261+05:30 ERROR [order-service] txn_id=TXN-101447 customer_id=C10089 action=checkout order_id=ORD-550466 product_id=NM-1002 qty=1 amount=2499.00 payment_method=CARD status=FAILED error_code=PAY_GW_TIMEOUT response_ms=30257 region=West
2026-09-18T20:37:52.060+05:30 ERROR [payment-service] txn_id=TXN-101397 Payment gateway gw-beta timed out after 30000 ms for order ORD-550449 attempt 3 of 3
2026-09-18T20:37:52.064+05:30 ERROR [order-service] txn_id=TXN-101397 customer_id=C10516 action=checkout order_id=ORD-550449 product_id=NM-1001 qty=1 amount=18999.00 payment_method=CARD status=FAILED error_code=PAY_GW_TIMEOUT response_ms=30060 region=South
2026-09-18T20:38:07.110+05:30 INFO  [cart-service] txn_id=TXN-101327 customer_id=C10056 action=addtocart product_id=NM-1005 qty=2 status=SUCCESS response_ms=173
2026-09-18T20:38:18.319+05:30 WARN  [order-service] txn_id=TXN-101528 customer_id=C10495 action=checkout order_id=ORD-550494 product_id=NM-1005 qty=2 amount=9998.00 payment_method=UPI status=DECLINED error_code=PAY_DECLINED response_ms=319 region=North
2026-09-18T20:38:22.533+05:30 INFO  [order-service] txn_id=TXN-101414 customer_id=C10131 action=checkout order_id=ORD-550455 product_id=NM-2003 qty=1 amount=2999.00 payment_method=UPI status=SUCCESS response_ms=533 region=South
2026-09-18T20:38:28.300+05:30 INFO  [auth-service] txn_id=TXN-101615 customer_id=C10010 action=login status=SUCCESS response_ms=171
2026-09-18T20:38:51.157+05:30 INFO  [cart-service] txn_id=TXN-101616 customer_id=C10010 action=addtocart product_id=NM-2002 qty=1 status=SUCCESS response_ms=137
2026-09-18T20:39:38.229+05:30 INFO  [cart-service] txn_id=TXN-101532 customer_id=C10421 action=addtocart product_id=NM-6001 qty=1 status=SUCCESS response_ms=125
2026-09-18T20:39:41.096+05:30 INFO  [auth-service] txn_id=TXN-101320 customer_id=C10538 action=login status=SUCCESS response_ms=116
2026-09-18T20:39:42.227+05:30 INFO  [cart-service] txn_id=TXN-101482 customer_id=C10065 action=addtocart product_id=NM-1003 qty=2 status=SUCCESS response_ms=128
2026-09-18T20:39:44.052+05:30 INFO  [cart-service] txn_id=TXN-101335 customer_id=C10341 action=addtocart product_id=NM-1003 qty=1 status=SUCCESS response_ms=49
2026-09-18T20:40:01.000+05:30 WARN  [payment-service] Circuit breaker HALF_OPEN for gateway gw-beta failure_rate_pct=81
2026-09-18T20:40:04.021+05:30 INFO  [cart-service] txn_id=TXN-101321 customer_id=C10538 action=addtocart product_id=NM-3001 qty=2 status=SUCCESS response_ms=136
2026-09-18T20:40:20.022+05:30 INFO  [cart-service] txn_id=TXN-101570 customer_id=C10223 action=addtocart product_id=NM-2004 qty=1 status=SUCCESS response_ms=70
2026-09-18T20:40:22.143+05:30 INFO  [auth-service] txn_id=TXN-101565 customer_id=C10639 action=login status=SUCCESS response_ms=56
2026-09-18T20:40:34.563+05:30 ERROR [payment-service] txn_id=TXN-101617 Payment gateway gw-beta timed out after 30000 ms for order ORD-550529 attempt 3 of 3
2026-09-18T20:40:34.567+05:30 ERROR [order-service] txn_id=TXN-101617 customer_id=C10010 action=checkout order_id=ORD-550529 product_id=NM-2002 qty=1 amount=1899.00 payment_method=CARD status=FAILED error_code=PAY_GW_TIMEOUT response_ms=30563 region=North
2026-09-18T20:40:44.263+05:30 INFO  [cart-service] txn_id=TXN-101437 customer_id=C10237 action=addtocart product_id=NM-1002 qty=1 status=SUCCESS response_ms=129
2026-09-18T20:40:47.039+05:30 INFO  [cart-service] txn_id=TXN-101566 customer_id=C10639 action=addtocart product_id=NM-1002 qty=1 status=SUCCESS response_ms=38
2026-09-18T20:40:58.121+05:30 INFO  [cart-service] txn_id=TXN-101525 customer_id=C10550 action=addtocart product_id=NM-1004 qty=1 status=SUCCESS response_ms=41
2026-09-18T20:41:02.658+05:30 WARN  [order-service] txn_id=TXN-101483 customer_id=C10065 action=checkout order_id=ORD-550479 product_id=NM-1003 qty=2 amount=3598.00 payment_method=CARD status=SUCCESS response_ms=10658 region=East
2026-09-18T20:41:06.341+05:30 INFO  [order-service] txn_id=TXN-101336 customer_id=C10341 action=checkout order_id=ORD-550430 product_id=NM-1003 qty=1 amount=1799.00 payment_method=UPI status=SUCCESS response_ms=341 region=South
2026-09-18T20:41:18.697+05:30 WARN  [order-service] txn_id=TXN-101533 customer_id=C10421 action=checkout order_id=ORD-550496 product_id=NM-6001 qty=1 amount=349.00 payment_method=UPI status=DECLINED error_code=PAY_DECLINED response_ms=697 region=North
2026-09-18T20:41:38.251+05:30 INFO  [order-service] txn_id=TXN-101322 customer_id=C10538 action=checkout order_id=ORD-550426 product_id=NM-3001 qty=2 amount=6998.00 payment_method=UPI status=SUCCESS response_ms=251 region=South
2026-09-18T20:41:42.446+05:30 ERROR [payment-service] txn_id=TXN-101571 Payment gateway gw-beta timed out after 30000 ms for order ORD-550512 attempt 3 of 3
2026-09-18T20:41:42.450+05:30 ERROR [order-service] txn_id=TXN-101571 customer_id=C10223 action=checkout order_id=ORD-550512 product_id=NM-2004 qty=1 amount=2299.00 payment_method=CARD status=FAILED error_code=PAY_GW_TIMEOUT response_ms=30446 region=West
2026-09-18T20:42:01.088+05:30 INFO  [cart-service] txn_id=TXN-101499 customer_id=C10179 action=addtocart product_id=NM-1001 qty=1 status=SUCCESS response_ms=40
2026-09-18T20:42:02.116+05:30 INFO  [auth-service] txn_id=TXN-101517 customer_id=C10565 action=login status=SUCCESS response_ms=104
2026-09-18T20:42:16.030+05:30 INFO  [auth-service] txn_id=TXN-101474 customer_id=C10438 action=login status=SUCCESS response_ms=159
2026-09-18T20:42:19.644+05:30 INFO  [order-service] txn_id=TXN-101526 customer_id=C10550 action=checkout order_id=ORD-550493 product_id=NM-1004 qty=1 amount=27999.00 payment_method=WALLET status=SUCCESS response_ms=644 region=North
2026-09-18T20:42:31.157+05:30 INFO  [cart-service] txn_id=TXN-101518 customer_id=C10565 action=addtocart product_id=NM-2002 qty=1 status=SUCCESS response_ms=45
2026-09-18T20:42:32.099+05:30 INFO  [cart-service] txn_id=TXN-101475 customer_id=C10438 action=addtocart product_id=NM-4002 qty=1 status=SUCCESS response_ms=50
2026-09-18T20:42:40.816+05:30 ERROR [payment-service] txn_id=TXN-101567 Payment gateway gw-beta timed out after 30000 ms for order ORD-550510 attempt 3 of 3
2026-09-18T20:42:40.820+05:30 ERROR [order-service] txn_id=TXN-101567 customer_id=C10639 action=checkout order_id=ORD-550510 product_id=NM-1002 qty=1 amount=2499.00 payment_method=CARD status=FAILED error_code=PAY_GW_TIMEOUT response_ms=30816 region=East
2026-09-18T20:43:38.161+05:30 INFO  [auth-service] txn_id=TXN-101539 customer_id=C10566 action=login status=SUCCESS response_ms=63
2026-09-18T20:43:50.155+05:30 INFO  [cart-service] txn_id=TXN-101418 customer_id=C10348 action=addtocart product_id=NM-1005 qty=1 status=SUCCESS response_ms=60
2026-09-18T20:44:02.190+05:30 INFO  [auth-service] txn_id=TXN-101441 customer_id=C10577 action=login status=SUCCESS response_ms=136
2026-09-18T20:44:07.474+05:30 ERROR [payment-service] txn_id=TXN-101519 Payment gateway gw-beta timed out after 30000 ms for order ORD-550490 attempt 3 of 3
2026-09-18T20:44:07.478+05:30 ERROR [order-service] txn_id=TXN-101519 customer_id=C10565 action=checkout order_id=ORD-550490 product_id=NM-2002 qty=1 amount=1899.00 payment_method=CARD status=FAILED error_code=PAY_GW_TIMEOUT response_ms=30474 region=East
2026-09-18T20:44:12.111+05:30 INFO  [cart-service] txn_id=TXN-101540 customer_id=C10566 action=addtocart product_id=NM-2004 qty=1 status=SUCCESS response_ms=132
2026-09-18T20:44:15.205+05:30 INFO  [cart-service] txn_id=TXN-101466 customer_id=C10183 action=addtocart product_id=NM-1005 qty=1 status=SUCCESS response_ms=111
2026-09-18T20:44:26.089+05:30 INFO  [cart-service] txn_id=TXN-101442 customer_id=C10577 action=addtocart product_id=NM-6002 qty=2 status=SUCCESS response_ms=136
2026-09-18T20:44:44.460+05:30 INFO  [order-service] txn_id=TXN-101541 customer_id=C10566 action=checkout order_id=ORD-550499 product_id=NM-2004 qty=1 amount=2299.00 payment_method=UPI status=SUCCESS response_ms=460 region=North
2026-09-18T20:45:01.000+05:30 WARN  [payment-service] Circuit breaker HALF_OPEN for gateway gw-beta failure_rate_pct=80
2026-09-18T20:45:06.197+05:30 INFO  [auth-service] txn_id=TXN-101332 customer_id=C10125 action=login status=SUCCESS response_ms=86
2026-09-18T20:45:06.160+05:30 INFO  [cart-service] txn_id=TXN-101498 customer_id=C10049 action=addtocart product_id=NM-3003 qty=1 status=SUCCESS response_ms=33
2026-09-18T20:45:07.735+05:30 INFO  [order-service] txn_id=TXN-101443 customer_id=C10577 action=checkout order_id=ORD-550464 product_id=NM-6002 qty=2 amount=1598.00 payment_method=UPI status=SUCCESS response_ms=735 region=North
2026-09-18T20:45:11.424+05:30 ERROR [payment-service] txn_id=TXN-101467 Payment gateway gw-beta timed out after 30000 ms for order ORD-550474 attempt 3 of 3
2026-09-18T20:45:11.428+05:30 ERROR [order-service] txn_id=TXN-101467 customer_id=C10183 action=checkout order_id=ORD-550474 product_id=NM-1005 qty=1 amount=4999.00 payment_method=NETBANKING status=FAILED error_code=PAY_GW_TIMEOUT response_ms=30424 region=West
2026-09-18T20:45:15.286+05:30 INFO  [cart-service] txn_id=TXN-101365 customer_id=C10405 action=addtocart product_id=NM-1002 qty=1 status=SUCCESS response_ms=129
2026-09-18T20:45:17.735+05:30 INFO  [order-service] txn_id=TXN-101419 customer_id=C10348 action=checkout order_id=ORD-550457 product_id=NM-1005 qty=1 amount=4999.00 payment_method=UPI status=SUCCESS response_ms=735 region=East
2026-09-18T20:45:20.000+05:30 INFO  [payment-service] Failover complete: CARD and NETBANKING traffic rerouted from gw-beta to gw-alpha (change_id=CHG-20918)
2026-09-18T20:45:22.194+05:30 INFO  [cart-service] txn_id=TXN-101333 customer_id=C10125 action=addtocart product_id=NM-1002 qty=1 status=SUCCESS response_ms=104
2026-09-18T20:45:51.210+05:30 INFO  [cart-service] txn_id=TXN-101516 customer_id=C10403 action=addtocart product_id=NM-1002 qty=3 status=SUCCESS response_ms=55
2026-09-18T20:45:53.214+05:30 INFO  [auth-service] txn_id=TXN-101394 customer_id=C10309 action=login status=SUCCESS response_ms=160
2026-09-18T20:45:55.097+05:30 INFO  [cart-service] txn_id=TXN-101584 customer_id=C10413 action=addtocart product_id=NM-5001 qty=1 status=SUCCESS response_ms=96
2026-09-18T20:46:01.144+05:30 INFO  [cart-service] txn_id=TXN-101505 customer_id=C10385 action=addtocart product_id=NM-6002 qty=2 status=SUCCESS response_ms=110
2026-09-18T20:46:07.286+05:30 INFO  [order-service] txn_id=TXN-101334 customer_id=C10125 action=checkout order_id=ORD-550429 product_id=NM-1002 qty=1 amount=2499.00 payment_method=NETBANKING status=SUCCESS response_ms=286 region=North
2026-09-18T20:46:12.158+05:30 INFO  [auth-service] txn_id=TXN-101487 customer_id=C10070 action=login status=SUCCESS response_ms=203
2026-09-18T20:46:14.181+05:30 INFO  [cart-service] txn_id=TXN-101395 customer_id=C10309 action=addtocart product_id=NM-2003 qty=1 status=SUCCESS response_ms=177
2026-09-18T20:46:16.165+05:30 INFO  [auth-service] txn_id=TXN-101453 customer_id=C10065 action=login status=SUCCESS response_ms=165
2026-09-18T20:46:32.174+05:30 INFO  [cart-service] txn_id=TXN-101454 customer_id=C10065 action=addtocart product_id=NM-6001 qty=1 status=SUCCESS response_ms=63
2026-09-18T20:46:33.364+05:30 INFO  [order-service] txn_id=TXN-101366 customer_id=C10405 action=checkout order_id=ORD-550439 product_id=NM-1002 qty=1 amount=2499.00 payment_method=CARD status=SUCCESS response_ms=364 region=West
2026-09-18T20:46:38.588+05:30 INFO  [order-service] txn_id=TXN-101506 customer_id=C10385 action=checkout order_id=ORD-550486 product_id=NM-6002 qty=2 amount=1598.00 payment_method=CARD status=SUCCESS response_ms=588 region=West
2026-09-18T20:46:42.187+05:30 INFO  [cart-service] txn_id=TXN-101488 customer_id=C10070 action=addtocart product_id=NM-1003 qty=1 status=SUCCESS response_ms=45
2026-09-18T20:47:04.691+05:30 INFO  [order-service] txn_id=TXN-101585 customer_id=C10413 action=checkout order_id=ORD-550517 product_id=NM-5001 qty=1 amount=1299.00 payment_method=CARD status=SUCCESS response_ms=691 region=West
2026-09-18T20:47:05.735+05:30 INFO  [order-service] txn_id=TXN-101455 customer_id=C10065 action=checkout order_id=ORD-550469 product_id=NM-6001 qty=1 amount=349.00 payment_method=CARD status=SUCCESS response_ms=735 region=East
2026-09-18T20:47:47.030+05:30 INFO  [cart-service] txn_id=TXN-101473 customer_id=C10490 action=addtocart product_id=NM-1001 qty=1 status=SUCCESS response_ms=80
2026-09-18T20:48:17.176+05:30 INFO  [cart-service] txn_id=TXN-101339 customer_id=C10542 action=addtocart product_id=NM-1003 qty=2 status=SUCCESS response_ms=34
2026-09-18T20:49:05.224+05:30 INFO  [cart-service] txn_id=TXN-101542 customer_id=C10260 action=addtocart product_id=NM-1003 qty=1 status=SUCCESS response_ms=58
2026-09-18T20:49:25.810+05:30 INFO  [order-service] txn_id=TXN-101340 customer_id=C10542 action=checkout order_id=ORD-550432 product_id=NM-1003 qty=2 amount=3598.00 payment_method=UPI status=SUCCESS response_ms=810 region=South
2026-09-18T20:49:32.079+05:30 INFO  [auth-service] txn_id=TXN-101389 customer_id=C10291 action=login status=SUCCESS response_ms=205
2026-09-18T20:49:53.219+05:30 INFO  [cart-service] txn_id=TXN-101621 customer_id=C10606 action=addtocart product_id=NM-5001 qty=1 status=SUCCESS response_ms=114
2026-09-18T20:50:10.048+05:30 INFO  [cart-service] txn_id=TXN-101390 customer_id=C10291 action=addtocart product_id=NM-1002 qty=1 status=SUCCESS response_ms=79
2026-09-18T20:50:11.060+05:30 INFO  [cart-service] txn_id=TXN-101576 customer_id=C10504 action=addtocart product_id=NM-1002 qty=1 status=SUCCESS response_ms=114
2026-09-18T20:50:13.111+05:30 INFO  [auth-service] txn_id=TXN-101529 customer_id=C10342 action=login status=SUCCESS response_ms=103
2026-09-18T20:50:26.291+05:30 INFO  [cart-service] txn_id=TXN-101392 customer_id=C10438 action=addtocart product_id=NM-2002 qty=1 status=SUCCESS response_ms=37
2026-09-18T20:50:26.299+05:30 INFO  [cart-service] txn_id=TXN-101530 customer_id=C10342 action=addtocart product_id=NM-2001 qty=1 status=SUCCESS response_ms=100
2026-09-18T20:50:27.423+05:30 INFO  [order-service] txn_id=TXN-101622 customer_id=C10606 action=checkout order_id=ORD-550531 product_id=NM-5001 qty=1 amount=1299.00 payment_method=CARD status=SUCCESS response_ms=423 region=West
2026-09-18T20:50:36.240+05:30 INFO  [order-service] txn_id=TXN-101543 customer_id=C10260 action=checkout order_id=ORD-550500 product_id=NM-1003 qty=1 amount=1799.00 payment_method=CARD status=SUCCESS response_ms=240 region=North
2026-09-18T20:51:15.526+05:30 INFO  [order-service] txn_id=TXN-101577 customer_id=C10504 action=checkout order_id=ORD-550513 product_id=NM-1002 qty=1 amount=2499.00 payment_method=CARD status=SUCCESS response_ms=526 region=North
2026-09-18T20:51:29.550+05:30 INFO  [order-service] txn_id=TXN-101393 customer_id=C10438 action=checkout order_id=ORD-550448 product_id=NM-2002 qty=1 amount=1899.00 payment_method=NETBANKING status=SUCCESS response_ms=550 region=East
2026-09-18T20:52:16.407+05:30 INFO  [order-service] txn_id=TXN-101391 customer_id=C10291 action=checkout order_id=ORD-550447 product_id=NM-1002 qty=1 amount=2499.00 payment_method=CARD status=SUCCESS response_ms=407 region=South
2026-09-18T20:52:24.200+05:30 INFO  [order-service] txn_id=TXN-101531 customer_id=C10342 action=checkout order_id=ORD-550495 product_id=NM-2001 qty=1 amount=1499.00 payment_method=CARD status=SUCCESS response_ms=200 region=West
2026-09-18T20:52:25.275+05:30 INFO  [cart-service] txn_id=TXN-101383 customer_id=C10189 action=addtocart product_id=NM-1004 qty=1 status=SUCCESS response_ms=143
2026-09-18T20:52:41.047+05:30 INFO  [cart-service] txn_id=TXN-101601 customer_id=C10521 action=addtocart product_id=NM-1002 qty=1 status=SUCCESS response_ms=131
2026-09-18T20:52:59.119+05:30 INFO  [cart-service] txn_id=TXN-101328 customer_id=C10640 action=addtocart product_id=NM-1002 qty=3 status=SUCCESS response_ms=134
2026-09-18T20:53:05.611+05:30 INFO  [order-service] txn_id=TXN-101384 customer_id=C10189 action=checkout order_id=ORD-550445 product_id=NM-1004 qty=1 amount=27999.00 payment_method=NETBANKING status=SUCCESS response_ms=611 region=North
2026-09-18T20:53:10.141+05:30 INFO  [cart-service] txn_id=TXN-101599 customer_id=C10443 action=addtocart product_id=NM-6001 qty=3 status=SUCCESS response_ms=68
2026-09-18T20:53:22.256+05:30 INFO  [order-service] txn_id=TXN-101602 customer_id=C10521 action=checkout order_id=ORD-550523 product_id=NM-1002 qty=1 amount=2499.00 payment_method=UPI status=SUCCESS response_ms=256 region=North
2026-09-18T20:54:21.179+05:30 INFO  [auth-service] txn_id=TXN-101373 customer_id=C10372 action=login status=SUCCESS response_ms=199
2026-09-18T20:54:23.395+05:30 INFO  [order-service] txn_id=TXN-101329 customer_id=C10640 action=checkout order_id=ORD-550428 product_id=NM-1002 qty=3 amount=7497.00 payment_method=CARD status=SUCCESS response_ms=395 region=West
2026-09-18T20:54:29.742+05:30 INFO  [order-service] txn_id=TXN-101600 customer_id=C10443 action=checkout order_id=ORD-550522 product_id=NM-6001 qty=3 amount=1047.00 payment_method=CARD status=SUCCESS response_ms=742 region=South
2026-09-18T20:54:31.123+05:30 INFO  [auth-service] txn_id=TXN-101456 customer_id=C10451 action=login status=SUCCESS response_ms=193
2026-09-18T20:54:48.298+05:30 INFO  [cart-service] txn_id=TXN-101457 customer_id=C10451 action=addtocart product_id=NM-1003 qty=1 status=SUCCESS response_ms=75
2026-09-18T20:54:48.184+05:30 INFO  [auth-service] txn_id=TXN-101597 customer_id=C10511 action=login status=SUCCESS response_ms=110
2026-09-18T20:54:57.274+05:30 INFO  [cart-service] txn_id=TXN-101374 customer_id=C10372 action=addtocart product_id=NM-3001 qty=2 status=SUCCESS response_ms=140
2026-09-18T20:55:00.189+05:30 INFO  [auth-service] txn_id=TXN-101589 customer_id=C10247 action=login status=SUCCESS response_ms=204
2026-09-18T20:55:07.279+05:30 INFO  [cart-service] txn_id=TXN-101598 customer_id=C10511 action=addtocart product_id=NM-5002 qty=1 status=SUCCESS response_ms=83
2026-09-18T20:55:08.053+05:30 INFO  [cart-service] txn_id=TXN-101590 customer_id=C10247 action=addtocart product_id=NM-1005 qty=1 status=SUCCESS response_ms=59
2026-09-18T20:55:13.124+05:30 INFO  [cart-service] txn_id=TXN-101613 customer_id=C10093 action=addtocart product_id=NM-2003 qty=1 status=SUCCESS response_ms=173
2026-09-18T20:55:43.729+05:30 INFO  [order-service] txn_id=TXN-101458 customer_id=C10451 action=checkout order_id=ORD-550470 product_id=NM-1003 qty=1 amount=1799.00 payment_method=UPI status=SUCCESS response_ms=729 region=North
2026-09-18T20:55:54.658+05:30 INFO  [order-service] txn_id=TXN-101375 customer_id=C10372 action=checkout order_id=ORD-550442 product_id=NM-3001 qty=2 amount=6998.00 payment_method=WALLET status=SUCCESS response_ms=658 region=North
2026-09-18T20:56:09.309+05:30 WARN  [order-service] txn_id=TXN-101591 customer_id=C10247 action=checkout order_id=ORD-550519 product_id=NM-1005 qty=1 amount=4999.00 payment_method=WALLET status=DECLINED error_code=PAY_DECLINED response_ms=309 region=North
2026-09-18T20:56:11.146+05:30 INFO  [auth-service] txn_id=TXN-101400 customer_id=C10110 action=login status=SUCCESS response_ms=104
2026-09-18T20:56:13.151+05:30 INFO  [auth-service] txn_id=TXN-101544 customer_id=C10157 action=login status=SUCCESS response_ms=76
2026-09-18T20:56:34.111+05:30 INFO  [cart-service] txn_id=TXN-101401 customer_id=C10110 action=addtocart product_id=NM-3002 qty=1 status=SUCCESS response_ms=128
2026-09-18T20:56:46.855+05:30 INFO  [order-service] txn_id=TXN-101614 customer_id=C10093 action=checkout order_id=ORD-550528 product_id=NM-2003 qty=1 amount=2999.00 payment_method=CARD status=SUCCESS response_ms=855 region=North
2026-09-18T20:56:50.196+05:30 INFO  [cart-service] txn_id=TXN-101545 customer_id=C10157 action=addtocart product_id=NM-1004 qty=1 status=SUCCESS response_ms=78
2026-09-18T20:57:01.293+05:30 INFO  [auth-service] txn_id=TXN-101494 customer_id=C10228 action=login status=SUCCESS response_ms=215
2026-09-18T20:57:32.182+05:30 INFO  [cart-service] txn_id=TXN-101547 customer_id=C10546 action=addtocart product_id=NM-1005 qty=1 status=SUCCESS response_ms=30
2026-09-18T20:57:33.177+05:30 INFO  [auth-service] txn_id=TXN-101432 customer_id=C10450 action=login status=SUCCESS response_ms=41
2026-09-18T20:57:37.153+05:30 INFO  [cart-service] txn_id=TXN-101495 customer_id=C10228 action=addtocart product_id=NM-1002 qty=2 status=SUCCESS response_ms=164
2026-09-18T20:57:44.406+05:30 INFO  [order-service] txn_id=TXN-101546 customer_id=C10157 action=checkout order_id=ORD-550501 product_id=NM-1004 qty=1 amount=27999.00 payment_method=CARD status=SUCCESS response_ms=406 region=East
2026-09-18T20:57:48.092+05:30 INFO  [auth-service] txn_id=TXN-101371 customer_id=C10373 action=login status=SUCCESS response_ms=203
2026-09-18T20:57:54.184+05:30 INFO  [cart-service] txn_id=TXN-101435 customer_id=C10134 action=addtocart product_id=NM-3003 qty=1 status=SUCCESS response_ms=154
2026-09-18T20:57:56.144+05:30 INFO  [cart-service] txn_id=TXN-101582 customer_id=C10243 action=addtocart product_id=NM-1005 qty=1 status=SUCCESS response_ms=121
2026-09-18T20:57:58.193+05:30 INFO  [cart-service] txn_id=TXN-101611 customer_id=C10438 action=addtocart product_id=NM-1002 qty=1 status=SUCCESS response_ms=100
2026-09-18T20:57:58.701+05:30 INFO  [order-service] txn_id=TXN-101548 customer_id=C10546 action=checkout order_id=ORD-550502 product_id=NM-1005 qty=1 amount=4999.00 payment_method=COD status=SUCCESS response_ms=701 region=South
2026-09-18T20:58:12.145+05:30 INFO  [cart-service] txn_id=TXN-101433 customer_id=C10450 action=addtocart product_id=NM-1002 qty=1 status=SUCCESS response_ms=76
2026-09-18T20:58:13.083+05:30 INFO  [auth-service] txn_id=TXN-101426 customer_id=C10160 action=login status=SUCCESS response_ms=191
2026-09-18T20:58:25.081+05:30 INFO  [cart-service] txn_id=TXN-101372 customer_id=C10373 action=addtocart product_id=NM-6001 qty=1 status=SUCCESS response_ms=40
2026-09-18T20:58:32.180+05:30 INFO  [cart-service] txn_id=TXN-101427 customer_id=C10160 action=addtocart product_id=NM-1001 qty=1 status=SUCCESS response_ms=84
2026-09-18T20:58:38.040+05:30 INFO  [auth-service] txn_id=TXN-101325 customer_id=C10351 action=login status=SUCCESS response_ms=163
2026-09-18T20:58:40.124+05:30 INFO  [cart-service] txn_id=TXN-101326 customer_id=C10351 action=addtocart product_id=NM-3003 qty=2 status=SUCCESS response_ms=45
2026-09-18T20:58:42.896+05:30 INFO  [order-service] txn_id=TXN-101612 customer_id=C10438 action=checkout order_id=ORD-550527 product_id=NM-1002 qty=1 amount=2499.00 payment_method=CARD status=SUCCESS response_ms=896 region=East
2026-09-18T20:58:50.589+05:30 INFO  [order-service] txn_id=TXN-101434 customer_id=C10450 action=checkout order_id=ORD-550461 product_id=NM-1002 qty=1 amount=2499.00 payment_method=UPI status=SUCCESS response_ms=589 region=North
2026-09-18T20:59:06.136+05:30 INFO  [cart-service] txn_id=TXN-101470 customer_id=C10464 action=addtocart product_id=NM-2003 qty=1 status=SUCCESS response_ms=30
2026-09-18T20:59:22.310+05:30 INFO  [order-service] txn_id=TXN-101428 customer_id=C10160 action=checkout order_id=ORD-550460 product_id=NM-1001 qty=1 amount=18999.00 payment_method=UPI status=SUCCESS response_ms=310 region=North
2026-09-18T20:59:30.246+05:30 INFO  [cart-service] txn_id=TXN-101609 customer_id=C10270 action=addtocart product_id=NM-1001 qty=1 status=SUCCESS response_ms=137
2026-09-18T20:59:37.529+05:30 INFO  [order-service] txn_id=TXN-101436 customer_id=C10134 action=checkout order_id=ORD-550462 product_id=NM-3003 qty=1 amount=1199.00 payment_method=CARD status=SUCCESS response_ms=529 region=South
2026-09-18T20:59:38.032+05:30 INFO  [auth-service] txn_id=TXN-101513 customer_id=C10254 action=login status=SUCCESS response_ms=121
2026-09-18T20:59:56.666+05:30 INFO  [order-service] txn_id=TXN-101583 customer_id=C10243 action=checkout order_id=ORD-550516 product_id=NM-1005 qty=1 amount=4999.00 payment_method=CARD status=SUCCESS response_ms=666 region=West
2026-09-18T21:00:02.000+05:30 INFO  [platform] Heartbeat OK services=5 jvm_heap_used_pct=45
2026-09-18T21:00:11.198+05:30 INFO  [auth-service] txn_id=TXN-101378 customer_id=C10103 action=login status=SUCCESS response_ms=119
2026-09-18T21:00:15.262+05:30 INFO  [cart-service] txn_id=TXN-101514 customer_id=C10254 action=addtocart product_id=NM-2004 qty=1 status=SUCCESS response_ms=83
2026-09-18T21:00:21.652+05:30 INFO  [order-service] txn_id=TXN-101610 customer_id=C10270 action=checkout order_id=ORD-550526 product_id=NM-1001 qty=1 amount=18999.00 payment_method=NETBANKING status=SUCCESS response_ms=652 region=North
2026-09-18T21:00:31.143+05:30 INFO  [cart-service] txn_id=TXN-101379 customer_id=C10103 action=addtocart product_id=NM-1003 qty=1 status=SUCCESS response_ms=147
2026-09-18T21:01:04.034+05:30 INFO  [cart-service] txn_id=TXN-101603 customer_id=C10642 action=addtocart product_id=NM-4001 qty=1 status=SUCCESS response_ms=56
2026-09-18T21:02:01.373+05:30 INFO  [order-service] txn_id=TXN-101515 customer_id=C10254 action=checkout order_id=ORD-550489 product_id=NM-2004 qty=1 amount=2299.00 payment_method=CARD status=SUCCESS response_ms=373 region=South
2026-09-18T21:02:02.219+05:30 INFO  [auth-service] txn_id=TXN-101627 customer_id=C10515 action=login status=SUCCESS response_ms=204
2026-09-18T21:02:07.096+05:30 INFO  [auth-service] txn_id=TXN-101678 customer_id=C10405 action=login status=SUCCESS response_ms=215
2026-09-18T21:02:29.591+05:30 INFO  [order-service] txn_id=TXN-101380 customer_id=C10103 action=checkout order_id=ORD-550444 product_id=NM-1003 qty=1 amount=1799.00 payment_method=NETBANKING status=SUCCESS response_ms=591 region=West
2026-09-18T21:02:30.246+05:30 INFO  [cart-service] txn_id=TXN-101628 customer_id=C10515 action=addtocart product_id=NM-2002 qty=1 status=SUCCESS response_ms=48
2026-09-18T21:02:37.266+05:30 INFO  [cart-service] txn_id=TXN-101679 customer_id=C10405 action=addtocart product_id=NM-6001 qty=1 status=SUCCESS response_ms=150
2026-09-18T21:02:42.203+05:30 INFO  [auth-service] txn_id=TXN-101438 customer_id=C10079 action=login status=SUCCESS response_ms=124
2026-09-18T21:02:45.157+05:30 INFO  [cart-service] txn_id=TXN-101439 customer_id=C10079 action=addtocart product_id=NM-1005 qty=2 status=SUCCESS response_ms=130
2026-09-18T21:02:48.175+05:30 INFO  [cart-service] txn_id=TXN-101709 customer_id=C10302 action=addtocart product_id=NM-2003 qty=1 status=SUCCESS response_ms=86
2026-09-18T21:02:57.106+05:30 INFO  [auth-service] txn_id=TXN-101594 customer_id=C10118 action=login status=SUCCESS response_ms=169
2026-09-18T21:02:59.040+05:30 INFO  [cart-service] txn_id=TXN-101822 customer_id=C10081 action=addtocart product_id=NM-1002 qty=3 status=SUCCESS response_ms=120
2026-09-18T21:03:00.165+05:30 INFO  [auth-service] txn_id=TXN-101867 customer_id=C10068 action=login status=SUCCESS response_ms=134
2026-09-18T21:03:02.247+05:30 INFO  [cart-service] txn_id=TXN-101868 customer_id=C10068 action=addtocart product_id=NM-1002 qty=1 status=SUCCESS response_ms=113
2026-09-18T21:03:31.309+05:30 INFO  [order-service] txn_id=TXN-101440 customer_id=C10079 action=checkout order_id=ORD-550463 product_id=NM-1005 qty=2 amount=9998.00 payment_method=UPI status=SUCCESS response_ms=309 region=North
2026-09-18T21:03:35.392+05:30 INFO  [order-service] txn_id=TXN-101629 customer_id=C10515 action=checkout order_id=ORD-550534 product_id=NM-2002 qty=1 amount=1899.00 payment_method=WALLET status=SUCCESS response_ms=392 region=West
2026-09-18T21:03:36.294+05:30 INFO  [cart-service] txn_id=TXN-101595 customer_id=C10118 action=addtocart product_id=NM-1003 qty=1 status=SUCCESS response_ms=145
2026-09-18T21:03:43.293+05:30 WARN  [order-service] txn_id=TXN-101680 customer_id=C10405 action=checkout order_id=ORD-550552 product_id=NM-6001 qty=1 amount=349.00 payment_method=UPI status=DECLINED error_code=PAY_DECLINED response_ms=293 region=West
2026-09-18T21:03:47.452+05:30 INFO  [order-service] txn_id=TXN-101823 customer_id=C10081 action=checkout order_id=ORD-550602 product_id=NM-1002 qty=3 amount=7497.00 payment_method=UPI status=SUCCESS response_ms=452 region=South
2026-09-18T21:03:56.235+05:30 INFO  [cart-service] txn_id=TXN-101728 customer_id=C10153 action=addtocart product_id=NM-1005 qty=2 status=SUCCESS response_ms=152
2026-09-18T21:04:13.099+05:30 INFO  [cart-service] txn_id=TXN-101671 customer_id=C10196 action=addtocart product_id=NM-6002 qty=1 status=SUCCESS response_ms=36
2026-09-18T21:04:15.600+05:30 INFO  [order-service] txn_id=TXN-101710 customer_id=C10302 action=checkout order_id=ORD-550563 product_id=NM-2003 qty=1 amount=2999.00 payment_method=UPI status=SUCCESS response_ms=600 region=South
2026-09-18T21:04:23.143+05:30 INFO  [cart-service] txn_id=TXN-101896 customer_id=C10534 action=addtocart product_id=NM-1001 qty=1 status=SUCCESS response_ms=105
2026-09-18T21:04:28.344+05:30 INFO  [order-service] txn_id=TXN-101596 customer_id=C10118 action=checkout order_id=ORD-550521 product_id=NM-1003 qty=1 amount=1799.00 payment_method=CARD status=SUCCESS response_ms=344 region=East
2026-09-18T21:04:46.316+05:30 INFO  [order-service] txn_id=TXN-101869 customer_id=C10068 action=checkout order_id=ORD-550618 product_id=NM-1002 qty=1 amount=2499.00 payment_method=CARD status=SUCCESS response_ms=316 region=South
2026-09-18T21:04:52.315+05:30 INFO  [order-service] txn_id=TXN-101729 customer_id=C10153 action=checkout order_id=ORD-550570 product_id=NM-1005 qty=2 amount=9998.00 payment_method=CARD status=SUCCESS response_ms=315 region=South
2026-09-18T21:05:00.030+05:30 INFO  [cart-service] txn_id=TXN-101742 customer_id=C10113 action=addtocart product_id=NM-1002 qty=1 status=SUCCESS response_ms=134
2026-09-18T21:05:13.271+05:30 INFO  [auth-service] txn_id=TXN-101915 customer_id=C10621 action=login status=SUCCESS response_ms=99
2026-09-18T21:05:22.151+05:30 INFO  [cart-service] txn_id=TXN-101884 customer_id=C10070 action=addtocart product_id=NM-1004 qty=1 status=SUCCESS response_ms=148
2026-09-18T21:05:25.193+05:30 INFO  [order-service] txn_id=TXN-101897 customer_id=C10534 action=checkout order_id=ORD-550626 product_id=NM-1001 qty=1 amount=18999.00 payment_method=NETBANKING status=SUCCESS response_ms=193 region=West
2026-09-18T21:05:46.146+05:30 INFO  [cart-service] txn_id=TXN-101711 customer_id=C10090 action=addtocart product_id=NM-3001 qty=1 status=SUCCESS response_ms=75
2026-09-18T21:05:48.230+05:30 INFO  [auth-service] txn_id=TXN-101703 customer_id=C10022 action=login status=SUCCESS response_ms=64
2026-09-18T21:05:51.123+05:30 INFO  [cart-service] txn_id=TXN-101916 customer_id=C10621 action=addtocart product_id=NM-4002 qty=3 status=SUCCESS response_ms=127
2026-09-18T21:05:52.116+05:30 INFO  [cart-service] txn_id=TXN-101922 customer_id=C10228 action=addtocart product_id=NM-1002 qty=1 status=SUCCESS response_ms=131
2026-09-18T21:06:28.201+05:30 INFO  [cart-service] txn_id=TXN-101704 customer_id=C10022 action=addtocart product_id=NM-6002 qty=2 status=SUCCESS response_ms=164
2026-09-18T21:06:30.545+05:30 INFO  [order-service] txn_id=TXN-101712 customer_id=C10090 action=checkout order_id=ORD-550564 product_id=NM-3001 qty=1 amount=3499.00 payment_method=CARD status=SUCCESS response_ms=545 region=South
2026-09-18T21:06:35.368+05:30 INFO  [order-service] txn_id=TXN-101743 customer_id=C10113 action=checkout order_id=ORD-550575 product_id=NM-1002 qty=1 amount=2499.00 payment_method=UPI status=SUCCESS response_ms=368 region=South
2026-09-18T21:07:00.241+05:30 WARN  [order-service] txn_id=TXN-101917 customer_id=C10621 action=checkout order_id=ORD-550632 product_id=NM-4002 qty=3 amount=1197.00 payment_method=CARD status=DECLINED error_code=PAY_DECLINED response_ms=241 region=North
2026-09-18T21:07:20.705+05:30 INFO  [order-service] txn_id=TXN-101923 customer_id=C10228 action=checkout order_id=ORD-550635 product_id=NM-1002 qty=1 amount=2499.00 payment_method=CARD status=SUCCESS response_ms=705 region=South
2026-09-18T21:07:28.241+05:30 INFO  [cart-service] txn_id=TXN-101641 customer_id=C10412 action=addtocart product_id=NM-1001 qty=2 status=SUCCESS response_ms=167
2026-09-18T21:07:39.090+05:30 INFO  [cart-service] txn_id=TXN-101909 customer_id=C10240 action=addtocart product_id=NM-1003 qty=1 status=SUCCESS response_ms=75
2026-09-18T21:08:00.251+05:30 INFO  [order-service] txn_id=TXN-101705 customer_id=C10022 action=checkout order_id=ORD-550561 product_id=NM-6002 qty=2 amount=1598.00 payment_method=WALLET status=SUCCESS response_ms=251 region=East
2026-09-18T21:08:09.109+05:30 INFO  [cart-service] txn_id=TXN-101924 customer_id=C10350 action=addtocart product_id=NM-1005 qty=1 status=SUCCESS response_ms=88
2026-09-18T21:08:49.829+05:30 INFO  [order-service] txn_id=TXN-101642 customer_id=C10412 action=checkout order_id=ORD-550539 product_id=NM-1001 qty=2 amount=37998.00 payment_method=UPI status=SUCCESS response_ms=829 region=West
2026-09-18T21:09:01.839+05:30 INFO  [order-service] txn_id=TXN-101910 customer_id=C10240 action=checkout order_id=ORD-550630 product_id=NM-1003 qty=1 amount=1799.00 payment_method=CARD status=SUCCESS response_ms=839 region=West
2026-09-18T21:09:04.232+05:30 INFO  [cart-service] txn_id=TXN-101696 customer_id=C10101 action=addtocart product_id=NM-1005 qty=1 status=SUCCESS response_ms=170
2026-09-18T21:09:21.272+05:30 INFO  [cart-service] txn_id=TXN-101652 customer_id=C10103 action=addtocart product_id=NM-6001 qty=1 status=SUCCESS response_ms=168
2026-09-18T21:09:26.077+05:30 INFO  [cart-service] txn_id=TXN-101657 customer_id=C10493 action=addtocart product_id=NM-6002 qty=1 status=SUCCESS response_ms=89
2026-09-18T21:09:35.210+05:30 INFO  [order-service] txn_id=TXN-101925 customer_id=C10350 action=checkout order_id=ORD-550636 product_id=NM-1005 qty=1 amount=4999.00 payment_method=UPI status=SUCCESS response_ms=210 region=North
2026-09-18T21:09:51.146+05:30 INFO  [cart-service] txn_id=TXN-101771 customer_id=C10101 action=addtocart product_id=NM-1003 qty=1 status=SUCCESS response_ms=96
2026-09-18T21:10:07.425+05:30 INFO  [order-service] txn_id=TXN-101653 customer_id=C10103 action=checkout order_id=ORD-550542 product_id=NM-6001 qty=1 amount=349.00 payment_method=UPI status=SUCCESS response_ms=425 region=West
2026-09-18T21:10:24.204+05:30 INFO  [cart-service] txn_id=TXN-101687 customer_id=C10290 action=addtocart product_id=NM-1003 qty=1 status=SUCCESS response_ms=113
2026-09-18T21:10:48.652+05:30 INFO  [order-service] txn_id=TXN-101658 customer_id=C10493 action=checkout order_id=ORD-550544 product_id=NM-6002 qty=1 amount=799.00 payment_method=NETBANKING status=SUCCESS response_ms=652 region=East
2026-09-18T21:11:04.249+05:30 INFO  [auth-service] txn_id=TXN-101668 customer_id=C10401 action=login status=SUCCESS response_ms=152
2026-09-18T21:11:06.732+05:30 INFO  [order-service] txn_id=TXN-101688 customer_id=C10290 action=checkout order_id=ORD-550555 product_id=NM-1003 qty=1 amount=1799.00 payment_method=CARD status=SUCCESS response_ms=732 region=South
2026-09-18T21:11:14.211+05:30 INFO  [cart-service] txn_id=TXN-101669 customer_id=C10401 action=addtocart product_id=NM-1005 qty=1 status=SUCCESS response_ms=46
2026-09-18T21:11:42.376+05:30 INFO  [order-service] txn_id=TXN-101772 customer_id=C10101 action=checkout order_id=ORD-550585 product_id=NM-1003 qty=1 amount=1799.00 payment_method=CARD status=SUCCESS response_ms=376 region=South
2026-09-18T21:12:01.178+05:30 INFO  [cart-service] txn_id=TXN-101726 customer_id=C10295 action=addtocart product_id=NM-2002 qty=2 status=SUCCESS response_ms=78
2026-09-18T21:12:13.210+05:30 INFO  [order-service] txn_id=TXN-101670 customer_id=C10401 action=checkout order_id=ORD-550549 product_id=NM-1005 qty=1 amount=4999.00 payment_method=CARD status=SUCCESS response_ms=210 region=South
2026-09-18T21:12:53.298+05:30 INFO  [cart-service] txn_id=TXN-101911 customer_id=C10587 action=addtocart product_id=NM-1001 qty=3 status=SUCCESS response_ms=126
2026-09-18T21:12:56.322+05:30 INFO  [order-service] txn_id=TXN-101727 customer_id=C10295 action=checkout order_id=ORD-550569 product_id=NM-2002 qty=2 amount=3798.00 payment_method=CARD status=SUCCESS response_ms=322 region=North
2026-09-18T21:13:02.046+05:30 INFO  [auth-service] txn_id=TXN-101797 customer_id=C10634 action=login status=SUCCESS response_ms=135
2026-09-18T21:13:21.141+05:30 INFO  [cart-service] txn_id=TXN-101798 customer_id=C10634 action=addtocart product_id=NM-6001 qty=1 status=SUCCESS response_ms=141
2026-09-18T21:13:39.254+05:30 INFO  [cart-service] txn_id=TXN-101865 customer_id=C10565 action=addtocart product_id=NM-2001 qty=1 status=SUCCESS response_ms=121
2026-09-18T21:13:43.137+05:30 INFO  [cart-service] txn_id=TXN-101702 customer_id=C10156 action=addtocart product_id=NM-2001 qty=1 status=SUCCESS response_ms=47
2026-09-18T21:13:52.675+05:30 INFO  [order-service] txn_id=TXN-101912 customer_id=C10587 action=checkout order_id=ORD-550631 product_id=NM-1001 qty=3 amount=56997.00 payment_method=NETBANKING status=SUCCESS response_ms=675 region=South
2026-09-18T21:15:14.268+05:30 INFO  [auth-service] txn_id=TXN-101759 customer_id=C10609 action=login status=SUCCESS response_ms=49
2026-09-18T21:15:30.206+05:30 INFO  [cart-service] txn_id=TXN-101737 customer_id=C10069 action=addtocart product_id=NM-1001 qty=1 status=SUCCESS response_ms=115
2026-09-18T21:15:39.364+05:30 INFO  [order-service] txn_id=TXN-101866 customer_id=C10565 action=checkout order_id=ORD-550617 product_id=NM-2001 qty=1 amount=1499.00 payment_method=NETBANKING status=SUCCESS response_ms=364 region=East
2026-09-18T21:15:53.050+05:30 INFO  [cart-service] txn_id=TXN-101760 customer_id=C10609 action=addtocart product_id=NM-1002 qty=1 status=SUCCESS response_ms=63
2026-09-18T21:16:05.756+05:30 INFO  [order-service] txn_id=TXN-101738 customer_id=C10069 action=checkout order_id=ORD-550573 product_id=NM-1001 qty=1 amount=18999.00 payment_method=NETBANKING status=SUCCESS response_ms=756 region=West
2026-09-18T21:16:24.278+05:30 INFO  [cart-service] txn_id=TXN-101800 customer_id=C10413 action=addtocart product_id=NM-1003 qty=1 status=SUCCESS response_ms=40
2026-09-18T21:16:34.275+05:30 INFO  [cart-service] txn_id=TXN-101649 customer_id=C10274 action=addtocart product_id=NM-1001 qty=1 status=SUCCESS response_ms=115
2026-09-18T21:16:45.230+05:30 INFO  [order-service] txn_id=TXN-101761 customer_id=C10609 action=checkout order_id=ORD-550582 product_id=NM-1002 qty=1 amount=2499.00 payment_method=UPI status=SUCCESS response_ms=230 region=South
2026-09-18T21:16:48.260+05:30 INFO  [auth-service] txn_id=TXN-101697 customer_id=C10100 action=login status=SUCCESS response_ms=46
2026-09-18T21:17:02.350+05:30 INFO  [order-service] txn_id=TXN-101801 customer_id=C10413 action=checkout order_id=ORD-550594 product_id=NM-1003 qty=1 amount=1799.00 payment_method=COD status=SUCCESS response_ms=350 region=West
2026-09-18T21:17:10.055+05:30 INFO  [cart-service] txn_id=TXN-101698 customer_id=C10100 action=addtocart product_id=NM-1002 qty=1 status=SUCCESS response_ms=36
2026-09-18T21:17:22.224+05:30 INFO  [cart-service] txn_id=TXN-101685 customer_id=C10055 action=addtocart product_id=NM-3001 qty=3 status=SUCCESS response_ms=87
2026-09-18T21:17:37.158+05:30 INFO  [cart-service] txn_id=TXN-101706 customer_id=C10303 action=addtocart product_id=NM-6002 qty=1 status=SUCCESS response_ms=57
2026-09-18T21:17:43.812+05:30 INFO  [order-service] txn_id=TXN-101650 customer_id=C10274 action=checkout order_id=ORD-550541 product_id=NM-1001 qty=1 amount=18999.00 payment_method=UPI status=SUCCESS response_ms=812 region=South
2026-09-18T21:17:47.286+05:30 INFO  [auth-service] txn_id=TXN-101794 customer_id=C10427 action=login status=SUCCESS response_ms=98
2026-09-18T21:17:52.227+05:30 INFO  [order-service] txn_id=TXN-101699 customer_id=C10100 action=checkout order_id=ORD-550559 product_id=NM-1002 qty=1 amount=2499.00 payment_method=CARD status=SUCCESS response_ms=227 region=North
2026-09-18T21:17:59.234+05:30 INFO  [cart-service] txn_id=TXN-101691 customer_id=C10189 action=addtocart product_id=NM-4001 qty=2 status=SUCCESS response_ms=43
2026-09-18T21:18:01.050+05:30 INFO  [cart-service] txn_id=TXN-101903 customer_id=C10037 action=addtocart product_id=NM-1004 qty=1 status=SUCCESS response_ms=152
2026-09-18T21:18:02.377+05:30 INFO  [order-service] txn_id=TXN-101686 customer_id=C10055 action=checkout order_id=ORD-550554 product_id=NM-3001 qty=3 amount=10497.00 payment_method=CARD status=SUCCESS response_ms=377 region=South
2026-09-18T21:18:03.033+05:30 INFO  [cart-service] txn_id=TXN-101907 customer_id=C10164 action=addtocart product_id=NM-1002 qty=1 status=SUCCESS response_ms=63
2026-09-18T21:18:07.155+05:30 INFO  [cart-service] txn_id=TXN-101795 customer_id=C10427 action=addtocart product_id=NM-1003 qty=1 status=SUCCESS response_ms=74
2026-09-18T21:18:28.131+05:30 INFO  [cart-service] txn_id=TXN-101904 customer_id=C10205 action=addtocart product_id=NM-1001 qty=2 status=SUCCESS response_ms=46
2026-09-18T21:18:29.815+05:30 INFO  [order-service] txn_id=TXN-101908 customer_id=C10164 action=checkout order_id=ORD-550629 product_id=NM-1002 qty=1 amount=2499.00 payment_method=UPI status=SUCCESS response_ms=815 region=North
2026-09-18T21:18:32.445+05:30 INFO  [order-service] txn_id=TXN-101707 customer_id=C10303 action=checkout order_id=ORD-550562 product_id=NM-6002 qty=1 amount=799.00 payment_method=UPI status=SUCCESS response_ms=445 region=North
2026-09-18T21:18:58.678+05:30 INFO  [order-service] txn_id=TXN-101796 customer_id=C10427 action=checkout order_id=ORD-550593 product_id=NM-1003 qty=1 amount=1799.00 payment_method=CARD status=SUCCESS response_ms=678 region=South
2026-09-18T21:19:37.181+05:30 INFO  [cart-service] txn_id=TXN-101799 customer_id=C10319 action=addtocart product_id=NM-3004 qty=1 status=SUCCESS response_ms=166
2026-09-18T21:19:42.129+05:30 INFO  [cart-service] txn_id=TXN-101894 customer_id=C10453 action=addtocart product_id=NM-5002 qty=3 status=SUCCESS response_ms=117
2026-09-18T21:19:45.289+05:30 INFO  [auth-service] txn_id=TXN-101723 customer_id=C10533 action=login status=SUCCESS response_ms=136
2026-09-18T21:19:46.378+05:30 INFO  [order-service] txn_id=TXN-101905 customer_id=C10205 action=checkout order_id=ORD-550628 product_id=NM-1001 qty=2 amount=37998.00 payment_method=CARD status=SUCCESS response_ms=378 region=South
2026-09-18T21:19:50.783+05:30 INFO  [order-service] txn_id=TXN-101692 customer_id=C10189 action=checkout order_id=ORD-550557 product_id=NM-4001 qty=2 amount=1798.00 payment_method=CARD status=SUCCESS response_ms=783 region=North
2026-09-18T21:20:16.274+05:30 INFO  [cart-service] txn_id=TXN-101724 customer_id=C10533 action=addtocart product_id=NM-3002 qty=1 status=SUCCESS response_ms=155
2026-09-18T21:20:58.279+05:30 INFO  [order-service] txn_id=TXN-101725 customer_id=C10533 action=checkout order_id=ORD-550568 product_id=NM-3002 qty=1 amount=5999.00 payment_method=UPI status=SUCCESS response_ms=279 region=North
2026-09-18T21:21:24.237+05:30 INFO  [cart-service] txn_id=TXN-101683 customer_id=C10131 action=addtocart product_id=NM-5001 qty=2 status=SUCCESS response_ms=118
2026-09-18T21:21:29.249+05:30 INFO  [auth-service] txn_id=TXN-101773 customer_id=C10510 action=login status=SUCCESS response_ms=215
2026-09-18T21:21:54.629+05:30 INFO  [order-service] txn_id=TXN-101684 customer_id=C10131 action=checkout order_id=ORD-550553 product_id=NM-5001 qty=2 amount=2598.00 payment_method=CARD status=SUCCESS response_ms=629 region=South
2026-09-18T21:21:57.172+05:30 INFO  [cart-service] txn_id=TXN-101774 customer_id=C10510 action=addtocart product_id=NM-1004 qty=1 status=SUCCESS response_ms=139
2026-09-18T21:22:16.090+05:30 INFO  [cart-service] txn_id=TXN-101681 customer_id=C10167 action=addtocart product_id=NM-2001 qty=1 status=SUCCESS response_ms=88
2026-09-18T21:22:48.166+05:30 INFO  [cart-service] txn_id=TXN-101895 customer_id=C10525 action=addtocart product_id=NM-3002 qty=1 status=SUCCESS response_ms=54
2026-09-18T21:22:57.862+05:30 INFO  [order-service] txn_id=TXN-101775 customer_id=C10510 action=checkout order_id=ORD-550586 product_id=NM-1004 qty=1 amount=27999.00 payment_method=NETBANKING status=SUCCESS response_ms=862 region=West
2026-09-18T21:23:33.043+05:30 INFO  [cart-service] txn_id=TXN-101832 customer_id=C10217 action=addtocart product_id=NM-1002 qty=1 status=SUCCESS response_ms=48
2026-09-18T21:23:34.249+05:30 INFO  [cart-service] txn_id=TXN-101748 customer_id=C10439 action=addtocart product_id=NM-2003 qty=1 status=SUCCESS response_ms=134
2026-09-18T21:24:00.138+05:30 INFO  [cart-service] txn_id=TXN-101664 customer_id=C10228 action=addtocart product_id=NM-2001 qty=1 status=SUCCESS response_ms=35
2026-09-18T21:24:13.878+05:30 INFO  [order-service] txn_id=TXN-101833 customer_id=C10217 action=checkout order_id=ORD-550605 product_id=NM-1002 qty=1 amount=2499.00 payment_method=CARD status=SUCCESS response_ms=878 region=West
2026-09-18T21:24:19.143+05:30 INFO  [auth-service] txn_id=TXN-101636 customer_id=C10384 action=login status=SUCCESS response_ms=126
2026-09-18T21:24:29.251+05:30 INFO  [cart-service] txn_id=TXN-101637 customer_id=C10384 action=addtocart product_id=NM-1005 qty=1 status=SUCCESS response_ms=137
2026-09-18T21:25:14.858+05:30 INFO  [order-service] txn_id=TXN-101665 customer_id=C10228 action=checkout order_id=ORD-550547 product_id=NM-2001 qty=1 amount=1499.00 payment_method=CARD status=SUCCESS response_ms=858 region=South
2026-09-18T21:25:16.251+05:30 INFO  [order-service] txn_id=TXN-101749 customer_id=C10439 action=checkout order_id=ORD-550578 product_id=NM-2003 qty=1 amount=2999.00 payment_method=CARD status=SUCCESS response_ms=251 region=West
2026-09-18T21:25:34.036+05:30 INFO  [cart-service] txn_id=TXN-101809 customer_id=C10020 action=addtocart product_id=NM-1003 qty=2 status=SUCCESS response_ms=94
2026-09-18T21:25:44.298+05:30 INFO  [order-service] txn_id=TXN-101638 customer_id=C10384 action=checkout order_id=ORD-550537 product_id=NM-1005 qty=1 amount=4999.00 payment_method=CARD status=SUCCESS response_ms=298 region=West
2026-09-18T21:25:45.121+05:30 INFO  [cart-service] txn_id=TXN-101673 customer_id=C10477 action=addtocart product_id=NM-1001 qty=1 status=SUCCESS response_ms=58
2026-09-18T21:26:03.157+05:30 INFO  [auth-service] txn_id=TXN-101843 customer_id=C10279 action=login status=SUCCESS response_ms=189
2026-09-18T21:26:20.081+05:30 INFO  [cart-service] txn_id=TXN-101844 customer_id=C10279 action=addtocart product_id=NM-1003 qty=1 status=SUCCESS response_ms=138
2026-09-18T21:26:54.237+05:30 INFO  [order-service] txn_id=TXN-101674 customer_id=C10477 action=checkout order_id=ORD-550550 product_id=NM-1001 qty=1 amount=18999.00 payment_method=WALLET status=SUCCESS response_ms=237 region=East
2026-09-18T21:26:55.317+05:30 INFO  [order-service] txn_id=TXN-101810 customer_id=C10020 action=checkout order_id=ORD-550597 product_id=NM-1003 qty=2 amount=3598.00 payment_method=CARD status=SUCCESS response_ms=317 region=South
2026-09-18T21:26:59.166+05:30 INFO  [cart-service] txn_id=TXN-101634 customer_id=C10274 action=addtocart product_id=NM-1003 qty=1 status=SUCCESS response_ms=106
2026-09-18T21:27:16.231+05:30 INFO  [order-service] txn_id=TXN-101635 customer_id=C10274 action=checkout order_id=ORD-550536 product_id=NM-1003 qty=1 amount=1799.00 payment_method=CARD status=SUCCESS response_ms=231 region=South
2026-09-18T21:27:50.267+05:30 INFO  [cart-service] txn_id=TXN-101846 customer_id=C10195 action=addtocart product_id=NM-4002 qty=1 status=SUCCESS response_ms=33
2026-09-18T21:28:09.781+05:30 INFO  [order-service] txn_id=TXN-101845 customer_id=C10279 action=checkout order_id=ORD-550609 product_id=NM-1003 qty=1 amount=1799.00 payment_method=NETBANKING status=SUCCESS response_ms=781 region=North
2026-09-18T21:28:14.094+05:30 INFO  [auth-service] txn_id=TXN-101783 customer_id=C10170 action=login status=SUCCESS response_ms=139
2026-09-18T21:28:24.040+05:30 INFO  [cart-service] txn_id=TXN-101791 customer_id=C10504 action=addtocart product_id=NM-1005 qty=1 status=SUCCESS response_ms=145
2026-09-18T21:28:36.039+05:30 INFO  [cart-service] txn_id=TXN-101926 customer_id=C10474 action=addtocart product_id=NM-1001 qty=1 status=SUCCESS response_ms=92
2026-09-18T21:28:44.200+05:30 INFO  [cart-service] txn_id=TXN-101784 customer_id=C10170 action=addtocart product_id=NM-5001 qty=1 status=SUCCESS response_ms=138
2026-09-18T21:28:50.129+05:30 INFO  [auth-service] txn_id=TXN-101730 customer_id=C10025 action=login status=SUCCESS response_ms=214
2026-09-18T21:28:52.233+05:30 INFO  [cart-service] txn_id=TXN-101659 customer_id=C10027 action=addtocart product_id=NM-6001 qty=3 status=SUCCESS response_ms=155
2026-09-18T21:29:10.030+05:30 INFO  [cart-service] txn_id=TXN-101885 customer_id=C10038 action=addtocart product_id=NM-5001 qty=1 status=SUCCESS response_ms=78
2026-09-18T21:29:25.242+05:30 INFO  [cart-service] txn_id=TXN-101731 customer_id=C10025 action=addtocart product_id=NM-1005 qty=1 status=SUCCESS response_ms=113
2026-09-18T21:29:31.155+05:30 INFO  [cart-service] txn_id=TXN-101811 customer_id=C10173 action=addtocart product_id=NM-2001 qty=2 status=SUCCESS response_ms=128
2026-09-18T21:29:33.278+05:30 INFO  [cart-service] txn_id=TXN-101787 customer_id=C10110 action=addtocart product_id=NM-1005 qty=2 status=SUCCESS response_ms=162
2026-09-18T21:29:55.646+05:30 INFO  [order-service] txn_id=TXN-101660 customer_id=C10027 action=checkout order_id=ORD-550545 product_id=NM-6001 qty=3 amount=1047.00 payment_method=UPI status=SUCCESS response_ms=646 region=North
2026-09-18T21:29:59.840+05:30 INFO  [order-service] txn_id=TXN-101886 customer_id=C10038 action=checkout order_id=ORD-550623 product_id=NM-5001 qty=1 amount=1299.00 payment_method=UPI status=SUCCESS response_ms=840 region=West
2026-09-18T21:30:12.417+05:30 INFO  [order-service] txn_id=TXN-101785 customer_id=C10170 action=checkout order_id=ORD-550589 product_id=NM-5001 qty=1 amount=1299.00 payment_method=CARD status=SUCCESS response_ms=417 region=South
2026-09-18T21:30:27.744+05:30 INFO  [order-service] txn_id=TXN-101812 customer_id=C10173 action=checkout order_id=ORD-550598 product_id=NM-2001 qty=2 amount=2998.00 payment_method=UPI status=SUCCESS response_ms=744 region=South
2026-09-18T21:30:41.114+05:30 INFO  [cart-service] txn_id=TXN-101700 customer_id=C10178 action=addtocart product_id=NM-3002 qty=1 status=SUCCESS response_ms=78
2026-09-18T21:30:42.071+05:30 INFO  [cart-service] txn_id=TXN-101682 customer_id=C10589 action=addtocart product_id=NM-1004 qty=1 status=SUCCESS response_ms=112
2026-09-18T21:30:44.835+05:30 INFO  [order-service] txn_id=TXN-101732 customer_id=C10025 action=checkout order_id=ORD-550571 product_id=NM-1005 qty=1 amount=4999.00 payment_method=UPI status=SUCCESS response_ms=835 region=North
2026-09-18T21:30:59.237+05:30 INFO  [cart-service] txn_id=TXN-101805 customer_id=C10355 action=addtocart product_id=NM-1001 qty=1 status=SUCCESS response_ms=67
2026-09-18T21:31:10.152+05:30 INFO  [cart-service] txn_id=TXN-101906 customer_id=C10589 action=addtocart product_id=NM-1003 qty=1 status=SUCCESS response_ms=66
2026-09-18T21:31:14.456+05:30 INFO  [order-service] txn_id=TXN-101788 customer_id=C10110 action=checkout order_id=ORD-550590 product_id=NM-1005 qty=2 amount=9998.00 payment_method=UPI status=SUCCESS response_ms=456 region=North
2026-09-18T21:31:43.191+05:30 INFO  [order-service] txn_id=TXN-101701 customer_id=C10178 action=checkout order_id=ORD-550560 product_id=NM-3002 qty=1 amount=5999.00 payment_method=COD status=SUCCESS response_ms=191 region=South
2026-09-18T21:32:36.274+05:30 INFO  [cart-service] txn_id=TXN-101648 customer_id=C10182 action=addtocart product_id=NM-2002 qty=2 status=SUCCESS response_ms=147
2026-09-18T21:32:56.179+05:30 INFO  [auth-service] txn_id=TXN-101819 customer_id=C10250 action=login status=SUCCESS response_ms=71
2026-09-18T21:33:07.174+05:30 INFO  [cart-service] txn_id=TXN-101820 customer_id=C10250 action=addtocart product_id=NM-1001 qty=1 status=SUCCESS response_ms=111
2026-09-18T21:33:12.136+05:30 INFO  [cart-service] txn_id=TXN-101890 customer_id=C10472 action=addtocart product_id=NM-1001 qty=1 status=SUCCESS response_ms=83
2026-09-18T21:33:40.286+05:30 INFO  [cart-service] txn_id=TXN-101817 customer_id=C10573 action=addtocart product_id=NM-4002 qty=1 status=SUCCESS response_ms=167
2026-09-18T21:33:44.185+05:30 INFO  [cart-service] txn_id=TXN-101888 customer_id=C10476 action=addtocart product_id=NM-1002 qty=1 status=SUCCESS response_ms=77
2026-09-18T21:33:44.291+05:30 INFO  [auth-service] txn_id=TXN-101900 customer_id=C10027 action=login status=SUCCESS response_ms=159
2026-09-18T21:33:49.299+05:30 INFO  [cart-service] txn_id=TXN-101863 customer_id=C10455 action=addtocart product_id=NM-1004 qty=2 status=SUCCESS response_ms=145
2026-09-18T21:33:54.254+05:30 INFO  [cart-service] txn_id=TXN-101901 customer_id=C10027 action=addtocart product_id=NM-1003 qty=1 status=SUCCESS response_ms=41
2026-09-18T21:33:54.182+05:30 INFO  [order-service] txn_id=TXN-101821 customer_id=C10250 action=checkout order_id=ORD-550601 product_id=NM-1001 qty=1 amount=18999.00 payment_method=CARD status=SUCCESS response_ms=182 region=East
2026-09-18T21:34:01.102+05:30 INFO  [auth-service] txn_id=TXN-101715 customer_id=C10114 action=login status=SUCCESS response_ms=115
2026-09-18T21:34:07.118+05:30 INFO  [auth-service] txn_id=TXN-101876 customer_id=C10342 action=login status=SUCCESS response_ms=93
2026-09-18T21:34:08.494+05:30 INFO  [order-service] txn_id=TXN-101889 customer_id=C10476 action=checkout order_id=ORD-550624 product_id=NM-1002 qty=1 amount=2499.00 payment_method=UPI status=SUCCESS response_ms=494 region=South
2026-09-18T21:34:12.241+05:30 INFO  [auth-service] txn_id=TXN-101713 customer_id=C10481 action=login status=SUCCESS response_ms=165
2026-09-18T21:34:28.347+05:30 INFO  [order-service] txn_id=TXN-101818 customer_id=C10573 action=checkout order_id=ORD-550600 product_id=NM-4002 qty=1 amount=399.00 payment_method=COD status=SUCCESS response_ms=347 region=South
2026-09-18T21:34:35.260+05:30 INFO  [cart-service] txn_id=TXN-101716 customer_id=C10114 action=addtocart product_id=NM-1005 qty=1 status=SUCCESS response_ms=100
2026-09-18T21:34:39.024+05:30 INFO  [cart-service] txn_id=TXN-101877 customer_id=C10342 action=addtocart product_id=NM-1002 qty=1 status=SUCCESS response_ms=58
2026-09-18T21:34:47.254+05:30 INFO  [cart-service] txn_id=TXN-101714 customer_id=C10481 action=addtocart product_id=NM-1005 qty=2 status=SUCCESS response_ms=73
2026-09-18T21:34:48.275+05:30 INFO  [cart-service] txn_id=TXN-101776 customer_id=C10376 action=addtocart product_id=NM-3001 qty=1 status=SUCCESS response_ms=71
2026-09-18T21:34:55.213+05:30 INFO  [cart-service] txn_id=TXN-101841 customer_id=C10492 action=addtocart product_id=NM-3004 qty=3 status=SUCCESS response_ms=96
2026-09-18T21:35:29.280+05:30 INFO  [order-service] txn_id=TXN-101864 customer_id=C10455 action=checkout order_id=ORD-550616 product_id=NM-1004 qty=2 amount=55998.00 payment_method=CARD status=SUCCESS response_ms=280 region=North
2026-09-18T21:35:29.803+05:30 INFO  [order-service] txn_id=TXN-101717 customer_id=C10114 action=checkout order_id=ORD-550565 product_id=NM-1005 qty=1 amount=4999.00 payment_method=CARD status=SUCCESS response_ms=803 region=East
2026-09-18T21:35:30.802+05:30 INFO  [order-service] txn_id=TXN-101902 customer_id=C10027 action=checkout order_id=ORD-550627 product_id=NM-1003 qty=1 amount=1799.00 payment_method=CARD status=SUCCESS response_ms=802 region=North
2026-09-18T21:35:39.156+05:30 INFO  [auth-service] txn_id=TXN-101898 customer_id=C10650 action=login status=SUCCESS response_ms=51
2026-09-18T21:35:41.250+05:30 INFO  [auth-service] txn_id=TXN-101813 customer_id=C10164 action=login status=SUCCESS response_ms=110
2026-09-18T21:35:48.170+05:30 INFO  [cart-service] txn_id=TXN-101746 customer_id=C10073 action=addtocart product_id=NM-1001 qty=1 status=SUCCESS response_ms=31
2026-09-18T21:35:49.173+05:30 INFO  [cart-service] txn_id=TXN-101899 customer_id=C10650 action=addtocart product_id=NM-5001 qty=1 status=SUCCESS response_ms=36
2026-09-18T21:35:55.600+05:30 INFO  [order-service] txn_id=TXN-101777 customer_id=C10376 action=checkout order_id=ORD-550587 product_id=NM-3001 qty=1 amount=3499.00 payment_method=CARD status=SUCCESS response_ms=600 region=South
2026-09-18T21:35:58.204+05:30 INFO  [auth-service] txn_id=TXN-101856 customer_id=C10511 action=login status=SUCCESS response_ms=128
2026-09-18T21:36:03.877+05:30 INFO  [order-service] txn_id=TXN-101878 customer_id=C10342 action=checkout order_id=ORD-550621 product_id=NM-1002 qty=1 amount=2499.00 payment_method=CARD status=SUCCESS response_ms=877 region=West
2026-09-18T21:36:04.253+05:30 INFO  [cart-service] txn_id=TXN-101814 customer_id=C10164 action=addtocart product_id=NM-6001 qty=1 status=SUCCESS response_ms=113
2026-09-18T21:36:07.270+05:30 INFO  [order-service] txn_id=TXN-101747 customer_id=C10073 action=checkout order_id=ORD-550577 product_id=NM-1001 qty=1 amount=18999.00 payment_method=UPI status=SUCCESS response_ms=270 region=North
2026-09-18T21:36:14.378+05:30 INFO  [order-service] txn_id=TXN-101842 customer_id=C10492 action=checkout order_id=ORD-550608 product_id=NM-3004 qty=3 amount=1797.00 payment_method=UPI status=SUCCESS response_ms=378 region=South
2026-09-18T21:36:21.048+05:30 INFO  [auth-service] txn_id=TXN-101693 customer_id=C10451 action=login status=SUCCESS response_ms=44
2026-09-18T21:36:25.092+05:30 INFO  [cart-service] txn_id=TXN-101857 customer_id=C10511 action=addtocart product_id=NM-1001 qty=1 status=SUCCESS response_ms=87
2026-09-18T21:36:43.143+05:30 INFO  [cart-service] txn_id=TXN-101694 customer_id=C10451 action=addtocart product_id=NM-1001 qty=1 status=SUCCESS response_ms=85
2026-09-18T21:36:58.113+05:30 INFO  [cart-service] txn_id=TXN-101666 customer_id=C10484 action=addtocart product_id=NM-1003 qty=1 status=SUCCESS response_ms=40
2026-09-18T21:36:59.261+05:30 INFO  [cart-service] txn_id=TXN-101829 customer_id=C10407 action=addtocart product_id=NM-1004 qty=1 status=SUCCESS response_ms=171
2026-09-18T21:37:23.514+05:30 INFO  [order-service] txn_id=TXN-101695 customer_id=C10451 action=checkout order_id=ORD-550558 product_id=NM-1001 qty=1 amount=18999.00 payment_method=NETBANKING status=SUCCESS response_ms=514 region=North
2026-09-18T21:37:36.021+05:30 INFO  [cart-service] txn_id=TXN-101744 customer_id=C10241 action=addtocart product_id=NM-1002 qty=1 status=SUCCESS response_ms=78
2026-09-18T21:37:38.296+05:30 INFO  [auth-service] txn_id=TXN-101646 customer_id=C10088 action=login status=SUCCESS response_ms=183
2026-09-18T21:37:42.119+05:30 INFO  [cart-service] txn_id=TXN-101854 customer_id=C10328 action=addtocart product_id=NM-1004 qty=1 status=SUCCESS response_ms=105
2026-09-18T21:37:45.276+05:30 INFO  [auth-service] txn_id=TXN-101630 customer_id=C10113 action=login status=SUCCESS response_ms=68
2026-09-18T21:37:49.112+05:30 INFO  [cart-service] txn_id=TXN-101887 customer_id=C10394 action=addtocart product_id=NM-1002 qty=1 status=SUCCESS response_ms=89
2026-09-18T21:37:52.225+05:30 INFO  [cart-service] txn_id=TXN-101631 customer_id=C10113 action=addtocart product_id=NM-1003 qty=1 status=SUCCESS response_ms=138
2026-09-18T21:37:52.068+05:30 INFO  [cart-service] txn_id=TXN-101929 customer_id=C10547 action=addtocart product_id=NM-2002 qty=1 status=SUCCESS response_ms=145
2026-09-18T21:37:53.162+05:30 INFO  [cart-service] txn_id=TXN-101647 customer_id=C10088 action=addtocart product_id=NM-1001 qty=2 status=SUCCESS response_ms=129
2026-09-18T21:38:09.527+05:30 INFO  [order-service] txn_id=TXN-101667 customer_id=C10484 action=checkout order_id=ORD-550548 product_id=NM-1003 qty=1 amount=1799.00 payment_method=WALLET status=SUCCESS response_ms=527 region=South
2026-09-18T21:38:10.802+05:30 INFO  [order-service] txn_id=TXN-101745 customer_id=C10241 action=checkout order_id=ORD-550576 product_id=NM-1002 qty=1 amount=2499.00 payment_method=UPI status=SUCCESS response_ms=802 region=South
2026-09-18T21:38:11.270+05:30 INFO  [cart-service] txn_id=TXN-101806 customer_id=C10637 action=addtocart product_id=NM-1002 qty=1 status=SUCCESS response_ms=64
2026-09-18T21:38:23.091+05:30 INFO  [cart-service] txn_id=TXN-101838 customer_id=C10580 action=addtocart product_id=NM-1003 qty=1 status=SUCCESS response_ms=73
2026-09-18T21:38:32.735+05:30 INFO  [order-service] txn_id=TXN-101855 customer_id=C10328 action=checkout order_id=ORD-550613 product_id=NM-1004 qty=1 amount=27999.00 payment_method=CARD status=SUCCESS response_ms=735 region=North
2026-09-18T21:38:59.420+05:30 INFO  [order-service] txn_id=TXN-101807 customer_id=C10637 action=checkout order_id=ORD-550596 product_id=NM-1002 qty=1 amount=2499.00 payment_method=UPI status=SUCCESS response_ms=420 region=West
2026-09-18T21:39:03.259+05:30 INFO  [order-service] txn_id=TXN-101839 customer_id=C10580 action=checkout order_id=ORD-550607 product_id=NM-1003 qty=1 amount=1799.00 payment_method=UPI status=SUCCESS response_ms=259 region=South
2026-09-18T21:39:27.220+05:30 INFO  [cart-service] txn_id=TXN-101689 customer_id=C10150 action=addtocart product_id=NM-6001 qty=1 status=SUCCESS response_ms=119
2026-09-18T21:39:38.198+05:30 INFO  [cart-service] txn_id=TXN-101651 customer_id=C10564 action=addtocart product_id=NM-2001 qty=1 status=SUCCESS response_ms=79
2026-09-18T21:39:53.113+05:30 INFO  [auth-service] txn_id=TXN-101824 customer_id=C10534 action=login status=SUCCESS response_ms=62
2026-09-18T21:40:04.178+05:30 INFO  [auth-service] txn_id=TXN-101870 customer_id=C10402 action=login status=SUCCESS response_ms=121
2026-09-18T21:40:05.178+05:30 INFO  [auth-service] txn_id=TXN-101739 customer_id=C10222 action=login status=SUCCESS response_ms=96
2026-09-18T21:40:05.145+05:30 INFO  [cart-service] txn_id=TXN-101825 customer_id=C10534 action=addtocart product_id=NM-1001 qty=1 status=SUCCESS response_ms=134
2026-09-18T21:40:08.257+05:30 INFO  [auth-service] txn_id=TXN-101913 customer_id=C10349 action=login status=SUCCESS response_ms=148
2026-09-18T21:40:16.256+05:30 INFO  [cart-service] txn_id=TXN-101815 customer_id=C10622 action=addtocart product_id=NM-2003 qty=1 status=SUCCESS response_ms=34
2026-09-18T21:40:18.155+05:30 INFO  [auth-service] txn_id=TXN-101781 customer_id=C10286 action=login status=SUCCESS response_ms=150
2026-09-18T21:40:26.174+05:30 INFO  [cart-service] txn_id=TXN-101740 customer_id=C10222 action=addtocart product_id=NM-3004 qty=1 status=SUCCESS response_ms=62
2026-09-18T21:40:28.160+05:30 INFO  [cart-service] txn_id=TXN-101871 customer_id=C10402 action=addtocart product_id=NM-3002 qty=1 status=SUCCESS response_ms=165
2026-09-18T21:40:30.564+05:30 INFO  [order-service] txn_id=TXN-101690 customer_id=C10150 action=checkout order_id=ORD-550556 product_id=NM-6001 qty=1 amount=349.00 payment_method=CARD status=SUCCESS response_ms=564 region=East
2026-09-18T21:40:34.020+05:30 INFO  [cart-service] txn_id=TXN-101914 customer_id=C10349 action=addtocart product_id=NM-1001 qty=1 status=SUCCESS response_ms=113
2026-09-18T21:40:38.154+05:30 INFO  [cart-service] txn_id=TXN-101782 customer_id=C10286 action=addtocart product_id=NM-1002 qty=1 status=SUCCESS response_ms=67
2026-09-18T21:40:40.224+05:30 INFO  [cart-service] txn_id=TXN-101663 customer_id=C10201 action=addtocart product_id=NM-1001 qty=3 status=SUCCESS response_ms=139
2026-09-18T21:41:09.209+05:30 INFO  [auth-service] txn_id=TXN-101754 customer_id=C10479 action=login status=SUCCESS response_ms=56
2026-09-18T21:41:20.025+05:30 INFO  [cart-service] txn_id=TXN-101755 customer_id=C10479 action=addtocart product_id=NM-1001 qty=1 status=SUCCESS response_ms=146
2026-09-18T21:41:33.820+05:30 INFO  [order-service] txn_id=TXN-101826 customer_id=C10534 action=checkout order_id=ORD-550603 product_id=NM-1001 qty=1 amount=18999.00 payment_method=COD status=SUCCESS response_ms=820 region=West
2026-09-18T21:41:37.455+05:30 WARN  [order-service] txn_id=TXN-101741 customer_id=C10222 action=checkout order_id=ORD-550574 product_id=NM-3004 qty=1 amount=599.00 payment_method=CARD status=DECLINED error_code=PAY_DECLINED response_ms=455 region=South
2026-09-18T21:41:38.264+05:30 INFO  [auth-service] txn_id=TXN-101881 customer_id=C10479 action=login status=SUCCESS response_ms=143
2026-09-18T21:41:38.844+05:30 INFO  [order-service] txn_id=TXN-101872 customer_id=C10402 action=checkout order_id=ORD-550619 product_id=NM-3002 qty=1 amount=5999.00 payment_method=WALLET status=SUCCESS response_ms=844 region=South
2026-09-18T21:41:41.249+05:30 INFO  [cart-service] txn_id=TXN-101852 customer_id=C10471 action=addtocart product_id=NM-5001 qty=1 status=SUCCESS response_ms=134
2026-09-18T21:41:43.223+05:30 INFO  [cart-service] txn_id=TXN-101847 customer_id=C10350 action=addtocart product_id=NM-1004 qty=1 status=SUCCESS response_ms=31
2026-09-18T21:41:45.025+05:30 INFO  [cart-service] txn_id=TXN-101654 customer_id=C10153 action=addtocart product_id=NM-1003 qty=3 status=SUCCESS response_ms=123
2026-09-18T21:41:48.730+05:30 INFO  [order-service] txn_id=TXN-101756 customer_id=C10479 action=checkout order_id=ORD-550580 product_id=NM-1001 qty=1 amount=18999.00 payment_method=NETBANKING status=SUCCESS response_ms=730 region=East
2026-09-18T21:41:54.077+05:30 INFO  [cart-service] txn_id=TXN-101882 customer_id=C10479 action=addtocart product_id=NM-1002 qty=1 status=SUCCESS response_ms=70
2026-09-18T21:42:03.131+05:30 INFO  [cart-service] txn_id=TXN-101893 customer_id=C10272 action=addtocart product_id=NM-1001 qty=1 status=SUCCESS response_ms=133
2026-09-18T21:42:16.876+05:30 INFO  [order-service] txn_id=TXN-101816 customer_id=C10622 action=checkout order_id=ORD-550599 product_id=NM-2003 qty=1 amount=2999.00 payment_method=CARD status=SUCCESS response_ms=876 region=North
2026-09-18T21:42:24.206+05:30 INFO  [cart-service] txn_id=TXN-101661 customer_id=C10162 action=addtocart product_id=NM-1005 qty=1 status=SUCCESS response_ms=130
2026-09-18T21:42:27.174+05:30 INFO  [cart-service] txn_id=TXN-101789 customer_id=C10056 action=addtocart product_id=NM-6001 qty=1 status=SUCCESS response_ms=176
2026-09-18T21:42:57.046+05:30 INFO  [cart-service] txn_id=TXN-101639 customer_id=C10192 action=addtocart product_id=NM-1002 qty=1 status=SUCCESS response_ms=107
2026-09-18T21:43:03.895+05:30 WARN  [order-service] txn_id=TXN-101853 customer_id=C10471 action=checkout order_id=ORD-550612 product_id=NM-5001 qty=1 amount=1299.00 payment_method=CARD status=DECLINED error_code=PAY_DECLINED response_ms=895 region=West
2026-09-18T21:43:05.221+05:30 INFO  [auth-service] txn_id=TXN-101836 customer_id=C10068 action=login status=SUCCESS response_ms=110
2026-09-18T21:43:11.029+05:30 INFO  [cart-service] txn_id=TXN-101837 customer_id=C10068 action=addtocart product_id=NM-1002 qty=1 status=SUCCESS response_ms=79
2026-09-18T21:43:20.047+05:30 INFO  [cart-service] txn_id=TXN-101733 customer_id=C10636 action=addtocart product_id=NM-1001 qty=1 status=SUCCESS response_ms=33
2026-09-18T21:43:25.571+05:30 INFO  [order-service] txn_id=TXN-101790 customer_id=C10056 action=checkout order_id=ORD-550591 product_id=NM-6001 qty=1 amount=349.00 payment_method=CARD status=SUCCESS response_ms=571 region=North
2026-09-18T21:43:31.165+05:30 INFO  [cart-service] txn_id=TXN-101792 customer_id=C10351 action=addtocart product_id=NM-1003 qty=1 status=SUCCESS response_ms=112
2026-09-18T21:43:34.377+05:30 INFO  [order-service] txn_id=TXN-101848 customer_id=C10350 action=checkout order_id=ORD-550610 product_id=NM-1004 qty=1 amount=27999.00 payment_method=UPI status=SUCCESS response_ms=377 region=North
2026-09-18T21:44:03.720+05:30 INFO  [order-service] txn_id=TXN-101662 customer_id=C10162 action=checkout order_id=ORD-550546 product_id=NM-1005 qty=1 amount=4999.00 payment_method=UPI status=SUCCESS response_ms=720 region=West
2026-09-18T21:44:13.075+05:30 INFO  [cart-service] txn_id=TXN-101849 customer_id=C10014 action=addtocart product_id=NM-2001 qty=3 status=SUCCESS response_ms=127
2026-09-18T21:44:21.826+05:30 INFO  [order-service] txn_id=TXN-101640 customer_id=C10192 action=checkout order_id=ORD-550538 product_id=NM-1002 qty=1 amount=2499.00 payment_method=CARD status=SUCCESS response_ms=826 region=South
2026-09-18T21:44:22.114+05:30 INFO  [auth-service] txn_id=TXN-101802 customer_id=C10492 action=login status=SUCCESS response_ms=126
2026-09-18T21:44:25.412+05:30 INFO  [order-service] txn_id=TXN-101734 customer_id=C10636 action=checkout order_id=ORD-550572 product_id=NM-1001 qty=1 amount=18999.00 payment_method=CARD status=SUCCESS response_ms=412 region=South
2026-09-18T21:44:47.286+05:30 INFO  [auth-service] txn_id=TXN-101718 customer_id=C10232 action=login status=SUCCESS response_ms=180
2026-09-18T21:44:59.166+05:30 INFO  [cart-service] txn_id=TXN-101803 customer_id=C10492 action=addtocart product_id=NM-1001 qty=3 status=SUCCESS response_ms=85
2026-09-18T21:45:03.245+05:30 INFO  [cart-service] txn_id=TXN-101719 customer_id=C10232 action=addtocart product_id=NM-4001 qty=1 status=SUCCESS response_ms=35
2026-09-18T21:45:16.067+05:30 INFO  [cart-service] txn_id=TXN-101927 customer_id=C10418 action=addtocart product_id=NM-1001 qty=2 status=SUCCESS response_ms=162
2026-09-18T21:45:22.025+05:30 INFO  [auth-service] txn_id=TXN-101675 customer_id=C10226 action=login status=SUCCESS response_ms=132
2026-09-18T21:45:22.453+05:30 INFO  [order-service] txn_id=TXN-101793 customer_id=C10351 action=checkout order_id=ORD-550592 product_id=NM-1003 qty=1 amount=1799.00 payment_method=NETBANKING status=SUCCESS response_ms=453 region=South
2026-09-18T21:45:38.335+05:30 INFO  [order-service] txn_id=TXN-101804 customer_id=C10492 action=checkout order_id=ORD-550595 product_id=NM-1001 qty=3 amount=56997.00 payment_method=COD status=SUCCESS response_ms=335 region=South
2026-09-18T21:45:50.185+05:30 INFO  [cart-service] txn_id=TXN-101676 customer_id=C10226 action=addtocart product_id=NM-2001 qty=1 status=SUCCESS response_ms=68
2026-09-18T21:45:51.188+05:30 INFO  [cart-service] txn_id=TXN-101850 customer_id=C10640 action=addtocart product_id=NM-1003 qty=1 status=SUCCESS response_ms=177
2026-09-18T21:45:52.461+05:30 INFO  [order-service] txn_id=TXN-101720 customer_id=C10232 action=checkout order_id=ORD-550566 product_id=NM-4001 qty=1 amount=899.00 payment_method=UPI status=SUCCESS response_ms=461 region=South
2026-09-18T21:46:00.030+05:30 INFO  [cart-service] txn_id=TXN-101918 customer_id=C10634 action=addtocart product_id=NM-6001 qty=1 status=SUCCESS response_ms=54
2026-09-18T21:46:26.809+05:30 INFO  [order-service] txn_id=TXN-101928 customer_id=C10418 action=checkout order_id=ORD-550637 product_id=NM-1001 qty=2 amount=37998.00 payment_method=UPI status=SUCCESS response_ms=809 region=West
2026-09-18T21:46:29.098+05:30 INFO  [cart-service] txn_id=TXN-101763 customer_id=C10614 action=addtocart product_id=NM-6001 qty=1 status=SUCCESS response_ms=103
2026-09-18T21:46:32.616+05:30 INFO  [order-service] txn_id=TXN-101677 customer_id=C10226 action=checkout order_id=ORD-550551 product_id=NM-2001 qty=1 amount=1499.00 payment_method=UPI status=SUCCESS response_ms=616 region=South
2026-09-18T21:46:40.671+05:30 INFO  [order-service] txn_id=TXN-101851 customer_id=C10640 action=checkout order_id=ORD-550611 product_id=NM-1003 qty=1 amount=1799.00 payment_method=WALLET status=SUCCESS response_ms=671 region=West
2026-09-18T21:46:56.285+05:30 INFO  [auth-service] txn_id=TXN-101830 customer_id=C10227 action=login status=SUCCESS response_ms=109
2026-09-18T21:47:11.182+05:30 INFO  [order-service] txn_id=TXN-101764 customer_id=C10614 action=checkout order_id=ORD-550583 product_id=NM-6001 qty=1 amount=349.00 payment_method=CARD status=SUCCESS response_ms=182 region=West
2026-09-18T21:47:25.111+05:30 INFO  [cart-service] txn_id=TXN-101831 customer_id=C10227 action=addtocart product_id=NM-1001 qty=1 status=SUCCESS response_ms=91
2026-09-18T21:47:35.228+05:30 INFO  [order-service] txn_id=TXN-101919 customer_id=C10634 action=checkout order_id=ORD-550633 product_id=NM-6001 qty=1 amount=349.00 payment_method=UPI status=SUCCESS response_ms=228 region=West
2026-09-18T21:47:59.276+05:30 INFO  [auth-service] txn_id=TXN-101860 customer_id=C10356 action=login status=SUCCESS response_ms=125
2026-09-18T21:48:01.131+05:30 INFO  [cart-service] txn_id=TXN-101721 customer_id=C10313 action=addtocart product_id=NM-6001 qty=3 status=SUCCESS response_ms=30
2026-09-18T21:48:30.140+05:30 INFO  [cart-service] txn_id=TXN-101750 customer_id=C10351 action=addtocart product_id=NM-2002 qty=1 status=SUCCESS response_ms=73
2026-09-18T21:48:33.038+05:30 INFO  [cart-service] txn_id=TXN-101861 customer_id=C10356 action=addtocart product_id=NM-1002 qty=2 status=SUCCESS response_ms=113
2026-09-18T21:48:35.124+05:30 INFO  [cart-service] txn_id=TXN-101879 customer_id=C10465 action=addtocart product_id=NM-1005 qty=1 status=SUCCESS response_ms=162
2026-09-18T21:48:52.518+05:30 INFO  [order-service] txn_id=TXN-101722 customer_id=C10313 action=checkout order_id=ORD-550567 product_id=NM-6001 qty=3 amount=1047.00 payment_method=UPI status=SUCCESS response_ms=518 region=South
2026-09-18T21:48:58.133+05:30 INFO  [auth-service] txn_id=TXN-101751 customer_id=C10557 action=login status=SUCCESS response_ms=164
2026-09-18T21:49:11.152+05:30 INFO  [cart-service] txn_id=TXN-101752 customer_id=C10557 action=addtocart product_id=NM-4001 qty=1 status=SUCCESS response_ms=58
2026-09-18T21:49:21.537+05:30 INFO  [order-service] txn_id=TXN-101862 customer_id=C10356 action=checkout order_id=ORD-550615 product_id=NM-1002 qty=2 amount=4998.00 payment_method=CARD status=SUCCESS response_ms=537 region=South
2026-09-18T21:49:47.361+05:30 INFO  [order-service] txn_id=TXN-101880 customer_id=C10465 action=checkout order_id=ORD-550622 product_id=NM-1005 qty=1 amount=4999.00 payment_method=NETBANKING status=SUCCESS response_ms=361 region=South
2026-09-18T21:50:01.163+05:30 INFO  [cart-service] txn_id=TXN-101808 customer_id=C10544 action=addtocart product_id=NM-1002 qty=3 status=SUCCESS response_ms=171
2026-09-18T21:50:52.195+05:30 INFO  [order-service] txn_id=TXN-101753 customer_id=C10557 action=checkout order_id=ORD-550579 product_id=NM-4001 qty=1 amount=899.00 payment_method=UPI status=SUCCESS response_ms=195 region=West
2026-09-18T21:51:21.071+05:30 INFO  [cart-service] txn_id=TXN-101840 customer_id=C10024 action=addtocart product_id=NM-1001 qty=1 status=SUCCESS response_ms=78
2026-09-18T21:53:25.149+05:30 INFO  [auth-service] txn_id=TXN-101768 customer_id=C10072 action=login status=SUCCESS response_ms=88
2026-09-18T21:53:27.285+05:30 INFO  [cart-service] txn_id=TXN-101769 customer_id=C10072 action=addtocart product_id=NM-3003 qty=1 status=SUCCESS response_ms=53
2026-09-18T21:53:57.179+05:30 INFO  [cart-service] txn_id=TXN-101827 customer_id=C10169 action=addtocart product_id=NM-1003 qty=1 status=SUCCESS response_ms=143
2026-09-18T21:54:20.287+05:30 INFO  [cart-service] txn_id=TXN-101883 customer_id=C10610 action=addtocart product_id=NM-1002 qty=1 status=SUCCESS response_ms=157
2026-09-18T21:54:33.047+05:30 INFO  [auth-service] txn_id=TXN-101643 customer_id=C10292 action=login status=SUCCESS response_ms=121
2026-09-18T21:54:43.242+05:30 INFO  [cart-service] txn_id=TXN-101644 customer_id=C10292 action=addtocart product_id=NM-1003 qty=1 status=SUCCESS response_ms=92
2026-09-18T21:54:59.025+05:30 INFO  [cart-service] txn_id=TXN-101672 customer_id=C10330 action=addtocart product_id=NM-2002 qty=1 status=SUCCESS response_ms=146
2026-09-18T21:55:35.716+05:30 WARN  [order-service] txn_id=TXN-101828 customer_id=C10169 action=checkout order_id=ORD-550604 product_id=NM-1003 qty=1 amount=1799.00 payment_method=CARD status=DECLINED error_code=PAY_DECLINED response_ms=716 region=North
2026-09-18T21:55:37.167+05:30 INFO  [auth-service] txn_id=TXN-101735 customer_id=C10283 action=login status=SUCCESS response_ms=142
2026-09-18T21:55:56.747+05:30 INFO  [order-service] txn_id=TXN-101645 customer_id=C10292 action=checkout order_id=ORD-550540 product_id=NM-1003 qty=1 amount=1799.00 payment_method=CARD status=SUCCESS response_ms=747 region=North
2026-09-18T21:55:59.255+05:30 INFO  [cart-service] txn_id=TXN-101736 customer_id=C10283 action=addtocart product_id=NM-1005 qty=2 status=SUCCESS response_ms=167
2026-09-18T21:56:39.264+05:30 INFO  [cart-service] txn_id=TXN-101708 customer_id=C10445 action=addtocart product_id=NM-6002 qty=2 status=SUCCESS response_ms=106
2026-09-18T21:56:43.166+05:30 INFO  [cart-service] txn_id=TXN-101891 customer_id=C10425 action=addtocart product_id=NM-1002 qty=1 status=SUCCESS response_ms=65
2026-09-18T21:56:59.248+05:30 INFO  [cart-service] txn_id=TXN-101920 customer_id=C10426 action=addtocart product_id=NM-2002 qty=3 status=SUCCESS response_ms=139
2026-09-18T21:57:01.124+05:30 INFO  [auth-service] txn_id=TXN-101778 customer_id=C10314 action=login status=SUCCESS response_ms=111
2026-09-18T21:57:30.117+05:30 INFO  [cart-service] txn_id=TXN-101779 customer_id=C10314 action=addtocart product_id=NM-2001 qty=1 status=SUCCESS response_ms=34
2026-09-18T21:57:34.068+05:30 INFO  [cart-service] txn_id=TXN-101858 customer_id=C10256 action=addtocart product_id=NM-2003 qty=1 status=SUCCESS response_ms=76
2026-09-18T21:58:00.294+05:30 INFO  [cart-service] txn_id=TXN-101655 customer_id=C10489 action=addtocart product_id=NM-1001 qty=3 status=SUCCESS response_ms=120
2026-09-18T21:58:07.042+05:30 INFO  [auth-service] txn_id=TXN-101873 customer_id=C10420 action=login status=SUCCESS response_ms=194
2026-09-18T21:58:16.085+05:30 INFO  [cart-service] txn_id=TXN-101874 customer_id=C10420 action=addtocart product_id=NM-2004 qty=1 status=SUCCESS response_ms=90
2026-09-18T21:58:22.240+05:30 INFO  [order-service] txn_id=TXN-101892 customer_id=C10425 action=checkout order_id=ORD-550625 product_id=NM-1002 qty=1 amount=2499.00 payment_method=COD status=SUCCESS response_ms=240 region=West
2026-09-18T21:58:31.756+05:30 INFO  [order-service] txn_id=TXN-101921 customer_id=C10426 action=checkout order_id=ORD-550634 product_id=NM-2002 qty=3 amount=5697.00 payment_method=CARD status=SUCCESS response_ms=756 region=East
2026-09-18T21:58:42.700+05:30 INFO  [order-service] txn_id=TXN-101875 customer_id=C10420 action=checkout order_id=ORD-550620 product_id=NM-2004 qty=1 amount=2299.00 payment_method=COD status=SUCCESS response_ms=700 region=South
2026-09-18T21:58:44.058+05:30 INFO  [cart-service] txn_id=TXN-101786 customer_id=C10379 action=addtocart product_id=NM-3003 qty=1 status=SUCCESS response_ms=77
2026-09-18T21:58:48.277+05:30 INFO  [order-service] txn_id=TXN-101656 customer_id=C10489 action=checkout order_id=ORD-550543 product_id=NM-1001 qty=3 amount=56997.00 payment_method=WALLET status=SUCCESS response_ms=277 region=North
2026-09-18T21:58:55.264+05:30 INFO  [order-service] txn_id=TXN-101780 customer_id=C10314 action=checkout order_id=ORD-550588 product_id=NM-2001 qty=1 amount=1499.00 payment_method=CARD status=SUCCESS response_ms=264 region=South
2026-09-18T21:59:11.659+05:30 INFO  [order-service] txn_id=TXN-101859 customer_id=C10256 action=checkout order_id=ORD-550614 product_id=NM-2003 qty=1 amount=2999.00 payment_method=UPI status=SUCCESS response_ms=659 region=West
2026-09-18T21:59:59.293+05:30 INFO  [cart-service] txn_id=TXN-101770 customer_id=C10394 action=addtocart product_id=NM-1001 qty=1 status=SUCCESS response_ms=149
2026-09-18T22:00:01.000+05:30 INFO  [platform] Heartbeat OK services=5 jvm_heap_used_pct=59
2026-09-18T22:00:31.099+05:30 INFO  [cart-service] txn_id=TXN-101632 customer_id=C10138 action=addtocart product_id=NM-1002 qty=1 status=SUCCESS response_ms=88
2026-09-18T22:00:40.172+05:30 INFO  [auth-service] txn_id=TXN-102099 customer_id=C10020 action=login status=SUCCESS response_ms=210
2026-09-18T22:00:47.251+05:30 INFO  [cart-service] txn_id=TXN-101762 customer_id=C10208 action=addtocart product_id=NM-3001 qty=1 status=SUCCESS response_ms=67
2026-09-18T22:00:51.042+05:30 INFO  [cart-service] txn_id=TXN-102100 customer_id=C10020 action=addtocart product_id=NM-6001 qty=1 status=SUCCESS response_ms=74
2026-09-18T22:01:54.214+05:30 INFO  [cart-service] txn_id=TXN-101834 customer_id=C10264 action=addtocart product_id=NM-3004 qty=1 status=SUCCESS response_ms=142
2026-09-18T22:01:57.366+05:30 WARN  [order-service] txn_id=TXN-101633 customer_id=C10138 action=checkout order_id=ORD-550535 product_id=NM-1002 qty=1 amount=2499.00 payment_method=CARD status=DECLINED error_code=PAY_DECLINED response_ms=366 region=South
2026-09-18T22:02:18.602+05:30 INFO  [order-service] txn_id=TXN-102101 customer_id=C10020 action=checkout order_id=ORD-550697 product_id=NM-6001 qty=1 amount=349.00 payment_method=CARD status=SUCCESS response_ms=602 region=South
2026-09-18T22:02:22.086+05:30 INFO  [auth-service] txn_id=TXN-101765 customer_id=C10271 action=login status=SUCCESS response_ms=135
2026-09-18T22:02:44.742+05:30 INFO  [order-service] txn_id=TXN-101835 customer_id=C10264 action=checkout order_id=ORD-550606 product_id=NM-3004 qty=1 amount=599.00 payment_method=CARD status=SUCCESS response_ms=742 region=South
2026-09-18T22:02:53.234+05:30 INFO  [cart-service] txn_id=TXN-101757 customer_id=C10495 action=addtocart product_id=NM-1005 qty=1 status=SUCCESS response_ms=109
2026-09-18T22:03:01.230+05:30 INFO  [cart-service] txn_id=TXN-101766 customer_id=C10271 action=addtocart product_id=NM-3003 qty=1 status=SUCCESS response_ms=158
2026-09-18T22:03:31.284+05:30 INFO  [cart-service] txn_id=TXN-102011 customer_id=C10137 action=addtocart product_id=NM-3004 qty=2 status=SUCCESS response_ms=63
2026-09-18T22:04:15.848+05:30 INFO  [order-service] txn_id=TXN-101767 customer_id=C10271 action=checkout order_id=ORD-550584 product_id=NM-3003 qty=1 amount=1199.00 payment_method=CARD status=SUCCESS response_ms=848 region=West
2026-09-18T22:04:29.326+05:30 INFO  [order-service] txn_id=TXN-101758 customer_id=C10495 action=checkout order_id=ORD-550581 product_id=NM-1005 qty=1 amount=4999.00 payment_method=UPI status=SUCCESS response_ms=326 region=North
2026-09-18T22:06:26.262+05:30 INFO  [cart-service] txn_id=TXN-102121 customer_id=C10283 action=addtocart product_id=NM-5003 qty=2 status=SUCCESS response_ms=120
2026-09-18T22:06:28.127+05:30 INFO  [cart-service] txn_id=TXN-101955 customer_id=C10495 action=addtocart product_id=NM-5003 qty=1 status=SUCCESS response_ms=84
2026-09-18T22:06:43.142+05:30 INFO  [cart-service] txn_id=TXN-101966 customer_id=C10082 action=addtocart product_id=NM-3004 qty=1 status=SUCCESS response_ms=55
2026-09-18T22:07:03.096+05:30 INFO  [cart-service] txn_id=TXN-102005 customer_id=C10501 action=addtocart product_id=NM-3003 qty=2 status=SUCCESS response_ms=53
2026-09-18T22:07:11.214+05:30 INFO  [order-service] txn_id=TXN-102122 customer_id=C10283 action=checkout order_id=ORD-550704 product_id=NM-5003 qty=2 amount=12998.00 payment_method=UPI status=SUCCESS response_ms=214 region=North
2026-09-18T22:07:17.679+05:30 INFO  [order-service] txn_id=TXN-101956 customer_id=C10495 action=checkout order_id=ORD-550648 product_id=NM-5003 qty=1 amount=6499.00 payment_method=UPI status=SUCCESS response_ms=679 region=North
2026-09-18T22:07:36.835+05:30 WARN  [order-service] txn_id=TXN-102006 customer_id=C10501 action=checkout order_id=ORD-550667 product_id=NM-3003 qty=2 amount=2398.00 payment_method=UPI status=DECLINED error_code=PAY_DECLINED response_ms=835 region=East
2026-09-18T22:07:57.332+05:30 INFO  [order-service] txn_id=TXN-101967 customer_id=C10082 action=checkout order_id=ORD-550652 product_id=NM-3004 qty=1 amount=599.00 payment_method=WALLET status=SUCCESS response_ms=332 region=South
2026-09-18T22:08:04.039+05:30 INFO  [auth-service] txn_id=TXN-102108 customer_id=C10453 action=login status=SUCCESS response_ms=118
2026-09-18T22:08:17.089+05:30 INFO  [cart-service] txn_id=TXN-102109 customer_id=C10453 action=addtocart product_id=NM-1002 qty=1 status=SUCCESS response_ms=110
2026-09-18T22:08:25.066+05:30 INFO  [auth-service] txn_id=TXN-102136 customer_id=C10162 action=login status=SUCCESS response_ms=164
2026-09-18T22:08:32.162+05:30 INFO  [cart-service] txn_id=TXN-102137 customer_id=C10162 action=addtocart product_id=NM-1001 qty=1 status=SUCCESS response_ms=34
2026-09-18T22:08:49.137+05:30 INFO  [cart-service] txn_id=TXN-102080 customer_id=C10008 action=addtocart product_id=NM-3001 qty=1 status=SUCCESS response_ms=74
2026-09-18T22:08:49.030+05:30 INFO  [cart-service] txn_id=TXN-102088 customer_id=C10163 action=addtocart product_id=NM-5003 qty=1 status=SUCCESS response_ms=121
2026-09-18T22:08:53.705+05:30 INFO  [order-service] txn_id=TXN-102110 customer_id=C10453 action=checkout order_id=ORD-550700 product_id=NM-1002 qty=1 amount=2499.00 payment_method=UPI status=SUCCESS response_ms=705 region=South
2026-09-18T22:08:54.217+05:30 INFO  [order-service] txn_id=TXN-102138 customer_id=C10162 action=checkout order_id=ORD-550709 product_id=NM-1001 qty=1 amount=18999.00 payment_method=UPI status=SUCCESS response_ms=217 region=West
2026-09-18T22:09:34.277+05:30 INFO  [auth-service] txn_id=TXN-102000 customer_id=C10389 action=login status=SUCCESS response_ms=57
2026-09-18T22:09:47.525+05:30 INFO  [order-service] txn_id=TXN-102089 customer_id=C10163 action=checkout order_id=ORD-550693 product_id=NM-5003 qty=1 amount=6499.00 payment_method=NETBANKING status=SUCCESS response_ms=525 region=East
2026-09-18T22:09:50.187+05:30 INFO  [cart-service] txn_id=TXN-102001 customer_id=C10389 action=addtocart product_id=NM-1003 qty=2 status=SUCCESS response_ms=121
2026-09-18T22:10:44.279+05:30 INFO  [cart-service] txn_id=TXN-102126 customer_id=C10594 action=addtocart product_id=NM-6001 qty=1 status=SUCCESS response_ms=155
2026-09-18T22:10:59.140+05:30 INFO  [cart-service] txn_id=TXN-101976 customer_id=C10226 action=addtocart product_id=NM-1002 qty=1 status=SUCCESS response_ms=117
2026-09-18T22:11:10.183+05:30 INFO  [cart-service] txn_id=TXN-102058 customer_id=C10170 action=addtocart product_id=NM-3002 qty=1 status=SUCCESS response_ms=80
2026-09-18T22:11:31.494+05:30 INFO  [order-service] txn_id=TXN-102002 customer_id=C10389 action=checkout order_id=ORD-550665 product_id=NM-1003 qty=2 amount=3598.00 payment_method=NETBANKING status=SUCCESS response_ms=494 region=South
2026-09-18T22:11:43.274+05:30 INFO  [cart-service] txn_id=TXN-102036 customer_id=C10335 action=addtocart product_id=NM-2004 qty=1 status=SUCCESS response_ms=36
2026-09-18T22:11:46.769+05:30 INFO  [order-service] txn_id=TXN-101977 customer_id=C10226 action=checkout order_id=ORD-550656 product_id=NM-1002 qty=1 amount=2499.00 payment_method=UPI status=SUCCESS response_ms=769 region=South
2026-09-18T22:12:11.265+05:30 INFO  [cart-service] txn_id=TXN-101946 customer_id=C10534 action=addtocart product_id=NM-1001 qty=1 status=SUCCESS response_ms=107
2026-09-18T22:12:20.042+05:30 INFO  [cart-service] txn_id=TXN-101978 customer_id=C10197 action=addtocart product_id=NM-1005 qty=1 status=SUCCESS response_ms=36
2026-09-18T22:12:29.557+05:30 INFO  [order-service] txn_id=TXN-102059 customer_id=C10170 action=checkout order_id=ORD-550684 product_id=NM-3002 qty=1 amount=5999.00 payment_method=CARD status=SUCCESS response_ms=557 region=South
2026-09-18T22:12:30.490+05:30 INFO  [order-service] txn_id=TXN-102037 customer_id=C10335 action=checkout order_id=ORD-550678 product_id=NM-2004 qty=1 amount=2299.00 payment_method=NETBANKING status=SUCCESS response_ms=490 region=South
2026-09-18T22:12:34.263+05:30 INFO  [auth-service] txn_id=TXN-102133 customer_id=C10380 action=login status=SUCCESS response_ms=43
2026-09-18T22:12:37.116+05:30 INFO  [auth-service] txn_id=TXN-101933 customer_id=C10172 action=login status=SUCCESS response_ms=126
2026-09-18T22:12:48.047+05:30 INFO  [cart-service] txn_id=TXN-102039 customer_id=C10397 action=addtocart product_id=NM-4002 qty=1 status=SUCCESS response_ms=111
2026-09-18T22:12:49.213+05:30 INFO  [cart-service] txn_id=TXN-102134 customer_id=C10380 action=addtocart product_id=NM-2003 qty=1 status=SUCCESS response_ms=180
2026-09-18T22:13:06.320+05:30 INFO  [order-service] txn_id=TXN-101947 customer_id=C10534 action=checkout order_id=ORD-550644 product_id=NM-1001 qty=1 amount=18999.00 payment_method=CARD status=SUCCESS response_ms=320 region=West
2026-09-18T22:13:17.247+05:30 INFO  [cart-service] txn_id=TXN-101934 customer_id=C10172 action=addtocart product_id=NM-6002 qty=1 status=SUCCESS response_ms=100
2026-09-18T22:13:56.207+05:30 INFO  [auth-service] txn_id=TXN-102102 customer_id=C10090 action=login status=SUCCESS response_ms=112
2026-09-18T22:13:58.223+05:30 INFO  [auth-service] txn_id=TXN-102022 customer_id=C10044 action=login status=SUCCESS response_ms=179
2026-09-18T22:14:01.271+05:30 INFO  [cart-service] txn_id=TXN-102103 customer_id=C10090 action=addtocart product_id=NM-1003 qty=1 status=SUCCESS response_ms=118
2026-09-18T22:14:14.044+05:30 INFO  [cart-service] txn_id=TXN-102023 customer_id=C10044 action=addtocart product_id=NM-3001 qty=1 status=SUCCESS response_ms=173
2026-09-18T22:14:25.298+05:30 INFO  [order-service] txn_id=TXN-102135 customer_id=C10380 action=checkout order_id=ORD-550708 product_id=NM-2003 qty=1 amount=2999.00 payment_method=NETBANKING status=SUCCESS response_ms=298 region=South
2026-09-18T22:14:51.579+05:30 INFO  [order-service] txn_id=TXN-101935 customer_id=C10172 action=checkout order_id=ORD-550639 product_id=NM-6002 qty=1 amount=799.00 payment_method=UPI status=SUCCESS response_ms=579 region=South
2026-09-18T22:15:03.304+05:30 INFO  [order-service] txn_id=TXN-102104 customer_id=C10090 action=checkout order_id=ORD-550698 product_id=NM-1003 qty=1 amount=1799.00 payment_method=UPI status=SUCCESS response_ms=304 region=South
2026-09-18T22:15:39.077+05:30 INFO  [cart-service] txn_id=TXN-101957 customer_id=C10613 action=addtocart product_id=NM-1001 qty=1 status=SUCCESS response_ms=66
2026-09-18T22:15:46.427+05:30 INFO  [order-service] txn_id=TXN-102024 customer_id=C10044 action=checkout order_id=ORD-550673 product_id=NM-3001 qty=1 amount=3499.00 payment_method=CARD status=SUCCESS response_ms=427 region=South
2026-09-18T22:16:04.147+05:30 INFO  [auth-service] txn_id=TXN-102117 customer_id=C10435 action=login status=SUCCESS response_ms=76
2026-09-18T22:16:12.076+05:30 INFO  [cart-service] txn_id=TXN-101998 customer_id=C10624 action=addtocart product_id=NM-3004 qty=1 status=SUCCESS response_ms=30
2026-09-18T22:16:37.163+05:30 INFO  [cart-service] txn_id=TXN-102118 customer_id=C10435 action=addtocart product_id=NM-6002 qty=1 status=SUCCESS response_ms=106
2026-09-18T22:16:41.282+05:30 INFO  [cart-service] txn_id=TXN-102070 customer_id=C10236 action=addtocart product_id=NM-6001 qty=1 status=SUCCESS response_ms=98
2026-09-18T22:16:55.051+05:30 INFO  [auth-service] txn_id=TXN-102068 customer_id=C10024 action=login status=SUCCESS response_ms=59
2026-09-18T22:16:58.096+05:30 INFO  [auth-service] txn_id=TXN-102060 customer_id=C10034 action=login status=SUCCESS response_ms=130
2026-09-18T22:17:15.293+05:30 INFO  [cart-service] txn_id=TXN-102061 customer_id=C10034 action=addtocart product_id=NM-3001 qty=3 status=SUCCESS response_ms=49
2026-09-18T22:17:26.251+05:30 INFO  [cart-service] txn_id=TXN-102069 customer_id=C10024 action=addtocart product_id=NM-1002 qty=1 status=SUCCESS response_ms=51
2026-09-18T22:17:30.080+05:30 INFO  [cart-service] txn_id=TXN-102127 customer_id=C10335 action=addtocart product_id=NM-3003 qty=1 status=SUCCESS response_ms=144
2026-09-18T22:17:39.472+05:30 INFO  [order-service] txn_id=TXN-101999 customer_id=C10624 action=checkout order_id=ORD-550664 product_id=NM-3004 qty=1 amount=599.00 payment_method=CARD status=SUCCESS response_ms=472 region=South
2026-09-18T22:18:15.076+05:30 INFO  [auth-service] txn_id=TXN-101971 customer_id=C10174 action=login status=SUCCESS response_ms=177
2026-09-18T22:18:18.197+05:30 INFO  [order-service] txn_id=TXN-102062 customer_id=C10034 action=checkout order_id=ORD-550685 product_id=NM-3001 qty=3 amount=10497.00 payment_method=CARD status=SUCCESS response_ms=197 region=South
2026-09-18T22:18:26.175+05:30 INFO  [cart-service] txn_id=TXN-101972 customer_id=C10174 action=addtocart product_id=NM-1002 qty=3 status=SUCCESS response_ms=115
2026-09-18T22:18:37.033+05:30 INFO  [cart-service] txn_id=TXN-102031 customer_id=C10115 action=addtocart product_id=NM-1001 qty=1 status=SUCCESS response_ms=116
2026-09-18T22:18:42.633+05:30 INFO  [order-service] txn_id=TXN-101973 customer_id=C10174 action=checkout order_id=ORD-550654 product_id=NM-1002 qty=3 amount=7497.00 payment_method=CARD status=SUCCESS response_ms=633 region=North
2026-09-18T22:19:26.533+05:30 INFO  [order-service] txn_id=TXN-102032 customer_id=C10115 action=checkout order_id=ORD-550676 product_id=NM-1001 qty=1 amount=18999.00 payment_method=UPI status=SUCCESS response_ms=533 region=North
2026-09-18T22:19:52.225+05:30 INFO  [cart-service] txn_id=TXN-102147 customer_id=C10447 action=addtocart product_id=NM-1005 qty=1 status=SUCCESS response_ms=74
2026-09-18T22:19:57.030+05:30 INFO  [cart-service] txn_id=TXN-102071 customer_id=C10204 action=addtocart product_id=NM-6002 qty=1 status=SUCCESS response_ms=79
2026-09-18T22:20:03.165+05:30 INFO  [cart-service] txn_id=TXN-101953 customer_id=C10341 action=addtocart product_id=NM-1001 qty=2 status=SUCCESS response_ms=173
2026-09-18T22:20:10.251+05:30 INFO  [cart-service] txn_id=TXN-102042 customer_id=C10042 action=addtocart product_id=NM-3001 qty=1 status=SUCCESS response_ms=30
2026-09-18T22:20:32.210+05:30 INFO  [cart-service] txn_id=TXN-102149 customer_id=C10642 action=addtocart product_id=NM-3003 qty=3 status=SUCCESS response_ms=146
2026-09-18T22:20:55.694+05:30 INFO  [order-service] txn_id=TXN-102148 customer_id=C10447 action=checkout order_id=ORD-550712 product_id=NM-1005 qty=1 amount=4999.00 payment_method=UPI status=SUCCESS response_ms=694 region=South
2026-09-18T22:21:06.279+05:30 INFO  [cart-service] txn_id=TXN-102048 customer_id=C10352 action=addtocart product_id=NM-1001 qty=1 status=SUCCESS response_ms=167
2026-09-18T22:21:39.288+05:30 INFO  [order-service] txn_id=TXN-102072 customer_id=C10204 action=checkout order_id=ORD-550688 product_id=NM-6002 qty=1 amount=799.00 payment_method=UPI status=SUCCESS response_ms=288 region=South
2026-09-18T22:21:40.385+05:30 INFO  [order-service] txn_id=TXN-102150 customer_id=C10642 action=checkout order_id=ORD-550713 product_id=NM-3003 qty=3 amount=3597.00 payment_method=UPI status=SUCCESS response_ms=385 region=East
2026-09-18T22:21:52.756+05:30 INFO  [order-service] txn_id=TXN-101954 customer_id=C10341 action=checkout order_id=ORD-550647 product_id=NM-1001 qty=2 amount=37998.00 payment_method=CARD status=SUCCESS response_ms=756 region=South
2026-09-18T22:22:13.172+05:30 INFO  [cart-service] txn_id=TXN-102075 customer_id=C10567 action=addtocart product_id=NM-1002 qty=1 status=SUCCESS response_ms=79
2026-09-18T22:22:31.146+05:30 INFO  [cart-service] txn_id=TXN-102094 customer_id=C10311 action=addtocart product_id=NM-3003 qty=1 status=SUCCESS response_ms=51
2026-09-18T22:22:31.723+05:30 INFO  [order-service] txn_id=TXN-102049 customer_id=C10352 action=checkout order_id=ORD-550681 product_id=NM-1001 qty=1 amount=18999.00 payment_method=UPI status=SUCCESS response_ms=723 region=North
2026-09-18T22:23:03.076+05:30 INFO  [cart-service] txn_id=TXN-102076 customer_id=C10406 action=addtocart product_id=NM-2001 qty=1 status=SUCCESS response_ms=114
2026-09-18T22:23:41.231+05:30 INFO  [cart-service] txn_id=TXN-101950 customer_id=C10298 action=addtocart product_id=NM-6002 qty=1 status=SUCCESS response_ms=97
2026-09-18T22:24:07.115+05:30 INFO  [auth-service] txn_id=TXN-102019 customer_id=C10536 action=login status=SUCCESS response_ms=106
2026-09-18T22:24:12.298+05:30 INFO  [cart-service] txn_id=TXN-102020 customer_id=C10536 action=addtocart product_id=NM-3004 qty=1 status=SUCCESS response_ms=145
2026-09-18T22:24:25.747+05:30 INFO  [order-service] txn_id=TXN-101951 customer_id=C10298 action=checkout order_id=ORD-550646 product_id=NM-6002 qty=1 amount=799.00 payment_method=CARD status=SUCCESS response_ms=747 region=South
2026-09-18T22:24:33.604+05:30 INFO  [order-service] txn_id=TXN-102021 customer_id=C10536 action=checkout order_id=ORD-550672 product_id=NM-3004 qty=1 amount=599.00 payment_method=UPI status=SUCCESS response_ms=604 region=West
2026-09-18T22:25:09.108+05:30 INFO  [auth-service] txn_id=TXN-102033 customer_id=C10275 action=login status=SUCCESS response_ms=64
2026-09-18T22:25:42.118+05:30 INFO  [cart-service] txn_id=TXN-102034 customer_id=C10275 action=addtocart product_id=NM-2004 qty=3 status=SUCCESS response_ms=42
2026-09-18T22:25:42.237+05:30 INFO  [cart-service] txn_id=TXN-102105 customer_id=C10032 action=addtocart product_id=NM-2001 qty=2 status=SUCCESS response_ms=119
2026-09-18T22:25:52.228+05:30 INFO  [cart-service] txn_id=TXN-101941 customer_id=C10631 action=addtocart product_id=NM-1001 qty=1 status=SUCCESS response_ms=142
2026-09-18T22:26:25.764+05:30 INFO  [order-service] txn_id=TXN-102106 customer_id=C10032 action=checkout order_id=ORD-550699 product_id=NM-2001 qty=2 amount=2998.00 payment_method=CARD status=SUCCESS response_ms=764 region=South
2026-09-18T22:26:34.251+05:30 INFO  [auth-service] txn_id=TXN-102085 customer_id=C10142 action=login status=SUCCESS response_ms=145
2026-09-18T22:26:45.037+05:30 INFO  [cart-service] txn_id=TXN-102086 customer_id=C10142 action=addtocart product_id=NM-1001 qty=1 status=SUCCESS response_ms=180
2026-09-18T22:27:01.283+05:30 INFO  [cart-service] txn_id=TXN-102028 customer_id=C10449 action=addtocart product_id=NM-5001 qty=2 status=SUCCESS response_ms=85
2026-09-18T22:27:08.200+05:30 INFO  [order-service] txn_id=TXN-102035 customer_id=C10275 action=checkout order_id=ORD-550677 product_id=NM-2004 qty=3 amount=6897.00 payment_method=UPI status=SUCCESS response_ms=200 region=North
2026-09-18T22:27:12.281+05:30 INFO  [order-service] txn_id=TXN-101942 customer_id=C10631 action=checkout order_id=ORD-550642 product_id=NM-1001 qty=1 amount=18999.00 payment_method=COD status=SUCCESS response_ms=281 region=West
2026-09-18T22:27:42.239+05:30 WARN  [order-service] txn_id=TXN-102029 customer_id=C10449 action=checkout order_id=ORD-550675 product_id=NM-5001 qty=2 amount=2598.00 payment_method=CARD status=DECLINED error_code=PAY_DECLINED response_ms=239 region=North
2026-09-18T22:27:47.585+05:30 INFO  [order-service] txn_id=TXN-102087 customer_id=C10142 action=checkout order_id=ORD-550692 product_id=NM-1001 qty=1 amount=18999.00 payment_method=UPI status=SUCCESS response_ms=585 region=North
2026-09-18T22:28:54.177+05:30 INFO  [cart-service] txn_id=TXN-101943 customer_id=C10259 action=addtocart product_id=NM-6002 qty=1 status=SUCCESS response_ms=138
2026-09-18T22:29:10.053+05:30 INFO  [cart-service] txn_id=TXN-101948 customer_id=C10392 action=addtocart product_id=NM-6001 qty=2 status=SUCCESS response_ms=128
2026-09-18T22:29:11.282+05:30 INFO  [cart-service] txn_id=TXN-101969 customer_id=C10405 action=addtocart product_id=NM-2002 qty=2 status=SUCCESS response_ms=168
2026-09-18T22:29:27.196+05:30 INFO  [cart-service] txn_id=TXN-101982 customer_id=C10594 action=addtocart product_id=NM-1002 qty=2 status=SUCCESS response_ms=166
2026-09-18T22:29:50.880+05:30 INFO  [order-service] txn_id=TXN-101970 customer_id=C10405 action=checkout order_id=ORD-550653 product_id=NM-2002 qty=2 amount=3798.00 payment_method=UPI status=SUCCESS response_ms=880 region=West
2026-09-18T22:30:09.362+05:30 WARN  [order-service] txn_id=TXN-101949 customer_id=C10392 action=checkout order_id=ORD-550645 product_id=NM-6001 qty=2 amount=698.00 payment_method=CARD status=DECLINED error_code=PAY_DECLINED response_ms=362 region=North
2026-09-18T22:30:17.234+05:30 INFO  [cart-service] txn_id=TXN-102030 customer_id=C10624 action=addtocart product_id=NM-2001 qty=1 status=SUCCESS response_ms=51
2026-09-18T22:30:50.229+05:30 INFO  [auth-service] txn_id=TXN-102043 customer_id=C10526 action=login status=SUCCESS response_ms=193
2026-09-18T22:30:54.234+05:30 INFO  [cart-service] txn_id=TXN-102044 customer_id=C10526 action=addtocart product_id=NM-1004 qty=1 status=SUCCESS response_ms=154
2026-09-18T22:31:09.288+05:30 INFO  [order-service] txn_id=TXN-101983 customer_id=C10594 action=checkout order_id=ORD-550658 product_id=NM-1002 qty=2 amount=4998.00 payment_method=CARD status=SUCCESS response_ms=288 region=West
2026-09-18T22:31:11.120+05:30 INFO  [cart-service] txn_id=TXN-101958 customer_id=C10150 action=addtocart product_id=NM-3003 qty=1 status=SUCCESS response_ms=64
2026-09-18T22:31:55.051+05:30 INFO  [cart-service] txn_id=TXN-102153 customer_id=C10312 action=addtocart product_id=NM-1004 qty=1 status=SUCCESS response_ms=124
2026-09-18T22:32:17.519+05:30 INFO  [order-service] txn_id=TXN-102045 customer_id=C10526 action=checkout order_id=ORD-550679 product_id=NM-1004 qty=1 amount=27999.00 payment_method=NETBANKING status=SUCCESS response_ms=519 region=South
2026-09-18T22:32:35.890+05:30 INFO  [order-service] txn_id=TXN-101959 customer_id=C10150 action=checkout order_id=ORD-550649 product_id=NM-3003 qty=1 amount=1199.00 payment_method=CARD status=SUCCESS response_ms=890 region=East
2026-09-18T22:32:52.325+05:30 INFO  [order-service] txn_id=TXN-102154 customer_id=C10312 action=checkout order_id=ORD-550715 product_id=NM-1004 qty=1 amount=27999.00 payment_method=NETBANKING status=SUCCESS response_ms=325 region=East
2026-09-18T22:33:04.189+05:30 INFO  [auth-service] txn_id=TXN-101936 customer_id=C10468 action=login status=SUCCESS response_ms=186
2026-09-18T22:33:21.167+05:30 INFO  [cart-service] txn_id=TXN-101962 customer_id=C10318 action=addtocart product_id=NM-1001 qty=1 status=SUCCESS response_ms=105
2026-09-18T22:33:36.291+05:30 INFO  [auth-service] txn_id=TXN-102123 customer_id=C10355 action=login status=SUCCESS response_ms=92
2026-09-18T22:33:38.146+05:30 INFO  [cart-service] txn_id=TXN-101937 customer_id=C10468 action=addtocart product_id=NM-1002 qty=1 status=SUCCESS response_ms=34
2026-09-18T22:33:40.048+05:30 INFO  [auth-service] txn_id=TXN-102014 customer_id=C10262 action=login status=SUCCESS response_ms=91
2026-09-18T22:33:43.178+05:30 INFO  [auth-service] txn_id=TXN-102050 customer_id=C10605 action=login status=SUCCESS response_ms=116
2026-09-18T22:33:45.291+05:30 INFO  [cart-service] txn_id=TXN-102015 customer_id=C10262 action=addtocart product_id=NM-4002 qty=1 status=SUCCESS response_ms=36
2026-09-18T22:33:54.197+05:30 INFO  [auth-service] txn_id=TXN-102144 customer_id=C10185 action=login status=SUCCESS response_ms=60
2026-09-18T22:34:01.269+05:30 INFO  [cart-service] txn_id=TXN-102145 customer_id=C10185 action=addtocart product_id=NM-3004 qty=1 status=SUCCESS response_ms=82
2026-09-18T22:34:04.191+05:30 INFO  [cart-service] txn_id=TXN-102124 customer_id=C10355 action=addtocart product_id=NM-1003 qty=1 status=SUCCESS response_ms=153
2026-09-18T22:34:17.284+05:30 INFO  [cart-service] txn_id=TXN-102051 customer_id=C10605 action=addtocart product_id=NM-4001 qty=1 status=SUCCESS response_ms=91
2026-09-18T22:34:21.217+05:30 INFO  [order-service] txn_id=TXN-102146 customer_id=C10185 action=checkout order_id=ORD-550711 product_id=NM-3004 qty=1 amount=599.00 payment_method=CARD status=SUCCESS response_ms=217 region=South
2026-09-18T22:34:29.279+05:30 INFO  [auth-service] txn_id=TXN-101992 customer_id=C10209 action=login status=SUCCESS response_ms=204
2026-09-18T22:34:32.182+05:30 INFO  [cart-service] txn_id=TXN-102115 customer_id=C10043 action=addtocart product_id=NM-1002 qty=2 status=SUCCESS response_ms=35
2026-09-18T22:34:51.090+05:30 INFO  [cart-service] txn_id=TXN-101993 customer_id=C10209 action=addtocart product_id=NM-3002 qty=1 status=SUCCESS response_ms=39
2026-09-18T22:35:03.208+05:30 INFO  [order-service] txn_id=TXN-101938 customer_id=C10468 action=checkout order_id=ORD-550640 product_id=NM-1002 qty=1 amount=2499.00 payment_method=UPI status=SUCCESS response_ms=208 region=North
2026-09-18T22:35:14.127+05:30 INFO  [cart-service] txn_id=TXN-101944 customer_id=C10213 action=addtocart product_id=NM-1001 qty=1 status=SUCCESS response_ms=151
2026-09-18T22:35:25.724+05:30 INFO  [order-service] txn_id=TXN-102125 customer_id=C10355 action=checkout order_id=ORD-550705 product_id=NM-1003 qty=1 amount=1799.00 payment_method=UPI status=SUCCESS response_ms=724 region=South
2026-09-18T22:35:48.844+05:30 INFO  [order-service] txn_id=TXN-102016 customer_id=C10262 action=checkout order_id=ORD-550670 product_id=NM-4002 qty=1 amount=399.00 payment_method=CARD status=SUCCESS response_ms=844 region=South
2026-09-18T22:35:56.609+05:30 INFO  [order-service] txn_id=TXN-101945 customer_id=C10213 action=checkout order_id=ORD-550643 product_id=NM-1001 qty=1 amount=18999.00 payment_method=NETBANKING status=SUCCESS response_ms=609 region=North
2026-09-18T22:36:18.127+05:30 INFO  [cart-service] txn_id=TXN-102053 customer_id=C10445 action=addtocart product_id=NM-1005 qty=1 status=SUCCESS response_ms=135
2026-09-18T22:36:26.148+05:30 INFO  [cart-service] txn_id=TXN-101952 customer_id=C10499 action=addtocart product_id=NM-1001 qty=1 status=SUCCESS response_ms=45
2026-09-18T22:36:26.650+05:30 INFO  [order-service] txn_id=TXN-101994 customer_id=C10209 action=checkout order_id=ORD-550662 product_id=NM-3002 qty=1 amount=5999.00 payment_method=CARD status=SUCCESS response_ms=650 region=North
2026-09-18T22:36:41.144+05:30 INFO  [cart-service] txn_id=TXN-102083 customer_id=C10071 action=addtocart product_id=NM-1002 qty=3 status=SUCCESS response_ms=148
2026-09-18T22:37:02.058+05:30 INFO  [cart-service] txn_id=TXN-102151 customer_id=C10454 action=addtocart product_id=NM-2001 qty=1 status=SUCCESS response_ms=33
2026-09-18T22:37:18.706+05:30 INFO  [order-service] txn_id=TXN-102084 customer_id=C10071 action=checkout order_id=ORD-550691 product_id=NM-1002 qty=3 amount=7497.00 payment_method=UPI status=SUCCESS response_ms=706 region=East
2026-09-18T22:38:02.545+05:30 INFO  [order-service] txn_id=TXN-102152 customer_id=C10454 action=checkout order_id=ORD-550714 product_id=NM-2001 qty=1 amount=1499.00 payment_method=CARD status=SUCCESS response_ms=545 region=East
2026-09-18T22:38:19.791+05:30 INFO  [order-service] txn_id=TXN-102054 customer_id=C10445 action=checkout order_id=ORD-550682 product_id=NM-1005 qty=1 amount=4999.00 payment_method=CARD status=SUCCESS response_ms=791 region=East
2026-09-18T22:38:34.152+05:30 INFO  [auth-service] txn_id=TXN-101989 customer_id=C10574 action=login status=SUCCESS response_ms=68
2026-09-18T22:38:36.287+05:30 INFO  [cart-service] txn_id=TXN-102107 customer_id=C10093 action=addtocart product_id=NM-2002 qty=1 status=SUCCESS response_ms=151
2026-09-18T22:39:06.203+05:30 INFO  [cart-service] txn_id=TXN-101990 customer_id=C10574 action=addtocart product_id=NM-1003 qty=1 status=SUCCESS response_ms=149
2026-09-18T22:39:41.295+05:30 INFO  [auth-service] txn_id=TXN-102091 customer_id=C10022 action=login status=SUCCESS response_ms=199
2026-09-18T22:39:46.085+05:30 INFO  [cart-service] txn_id=TXN-102092 customer_id=C10022 action=addtocart product_id=NM-1002 qty=1 status=SUCCESS response_ms=158
2026-09-18T22:39:56.276+05:30 INFO  [auth-service] txn_id=TXN-102040 customer_id=C10544 action=login status=SUCCESS response_ms=56
2026-09-18T22:40:01.032+05:30 INFO  [auth-service] txn_id=TXN-102130 customer_id=C10486 action=login status=SUCCESS response_ms=212
2026-09-18T22:40:22.211+05:30 INFO  [cart-service] txn_id=TXN-102131 customer_id=C10486 action=addtocart product_id=NM-1002 qty=3 status=SUCCESS response_ms=119
2026-09-18T22:40:25.209+05:30 INFO  [cart-service] txn_id=TXN-102041 customer_id=C10544 action=addtocart product_id=NM-1002 qty=1 status=SUCCESS response_ms=61
2026-09-18T22:40:37.392+05:30 INFO  [order-service] txn_id=TXN-101991 customer_id=C10574 action=checkout order_id=ORD-550661 product_id=NM-1003 qty=1 amount=1799.00 payment_method=NETBANKING status=SUCCESS response_ms=392 region=South
2026-09-18T22:41:16.900+05:30 INFO  [order-service] txn_id=TXN-102132 customer_id=C10486 action=checkout order_id=ORD-550707 product_id=NM-1002 qty=3 amount=7497.00 payment_method=CARD status=SUCCESS response_ms=900 region=East
2026-09-18T22:41:18.046+05:30 INFO  [cart-service] txn_id=TXN-102111 customer_id=C10576 action=addtocart product_id=NM-1005 qty=1 status=SUCCESS response_ms=137
2026-09-18T22:41:19.088+05:30 INFO  [cart-service] txn_id=TXN-102012 customer_id=C10283 action=addtocart product_id=NM-2003 qty=2 status=SUCCESS response_ms=138
2026-09-18T22:41:22.168+05:30 INFO  [cart-service] txn_id=TXN-101995 customer_id=C10453 action=addtocart product_id=NM-2003 qty=3 status=SUCCESS response_ms=173
2026-09-18T22:41:24.859+05:30 INFO  [order-service] txn_id=TXN-102093 customer_id=C10022 action=checkout order_id=ORD-550694 product_id=NM-1002 qty=1 amount=2499.00 payment_method=UPI status=SUCCESS response_ms=859 region=East
2026-09-18T22:41:45.084+05:30 INFO  [cart-service] txn_id=TXN-102066 customer_id=C10577 action=addtocart product_id=NM-2004 qty=1 status=SUCCESS response_ms=143
2026-09-18T22:42:00.587+05:30 INFO  [order-service] txn_id=TXN-102112 customer_id=C10576 action=checkout order_id=ORD-550701 product_id=NM-1005 qty=1 amount=4999.00 payment_method=CARD status=SUCCESS response_ms=587 region=South
2026-09-18T22:42:33.170+05:30 INFO  [cart-service] txn_id=TXN-102046 customer_id=C10545 action=addtocart product_id=NM-5001 qty=3 status=SUCCESS response_ms=127
2026-09-18T22:42:50.876+05:30 INFO  [order-service] txn_id=TXN-102067 customer_id=C10577 action=checkout order_id=ORD-550687 product_id=NM-2004 qty=1 amount=2299.00 payment_method=UPI status=SUCCESS response_ms=876 region=North
2026-09-18T22:43:02.879+05:30 INFO  [order-service] txn_id=TXN-102013 customer_id=C10283 action=checkout order_id=ORD-550669 product_id=NM-2003 qty=2 amount=5998.00 payment_method=UPI status=SUCCESS response_ms=879 region=North
2026-09-18T22:43:12.126+05:30 INFO  [cart-service] txn_id=TXN-101930 customer_id=C10522 action=addtocart product_id=NM-3003 qty=1 status=SUCCESS response_ms=91
2026-09-18T22:43:24.245+05:30 INFO  [order-service] txn_id=TXN-102047 customer_id=C10545 action=checkout order_id=ORD-550680 product_id=NM-5001 qty=3 amount=3897.00 payment_method=NETBANKING status=SUCCESS response_ms=245 region=West
2026-09-18T22:44:15.878+05:30 INFO  [order-service] txn_id=TXN-101931 customer_id=C10522 action=checkout order_id=ORD-550638 product_id=NM-3003 qty=1 amount=1199.00 payment_method=UPI status=SUCCESS response_ms=878 region=North
2026-09-18T22:44:21.201+05:30 INFO  [cart-service] txn_id=TXN-101964 customer_id=C10456 action=addtocart product_id=NM-1002 qty=1 status=SUCCESS response_ms=50
2026-09-18T22:44:39.084+05:30 INFO  [cart-service] txn_id=TXN-102003 customer_id=C10242 action=addtocart product_id=NM-1002 qty=1 status=SUCCESS response_ms=70
2026-09-18T22:44:48.119+05:30 INFO  [cart-service] txn_id=TXN-101932 customer_id=C10001 action=addtocart product_id=NM-3002 qty=1 status=SUCCESS response_ms=149
2026-09-18T22:44:58.105+05:30 INFO  [cart-service] txn_id=TXN-102038 customer_id=C10023 action=addtocart product_id=NM-1001 qty=1 status=SUCCESS response_ms=46
2026-09-18T22:45:16.182+05:30 INFO  [auth-service] txn_id=TXN-102009 customer_id=C10216 action=login status=SUCCESS response_ms=116
2026-09-18T22:45:19.170+05:30 INFO  [cart-service] txn_id=TXN-102010 customer_id=C10216 action=addtocart product_id=NM-6001 qty=2 status=SUCCESS response_ms=86
2026-09-18T22:45:44.299+05:30 INFO  [cart-service] txn_id=TXN-102128 customer_id=C10108 action=addtocart product_id=NM-3002 qty=1 status=SUCCESS response_ms=151
2026-09-18T22:45:58.864+05:30 INFO  [order-service] txn_id=TXN-102004 customer_id=C10242 action=checkout order_id=ORD-550666 product_id=NM-1002 qty=1 amount=2499.00 payment_method=UPI status=SUCCESS response_ms=864 region=North
2026-09-18T22:46:01.305+05:30 INFO  [order-service] txn_id=TXN-101965 customer_id=C10456 action=checkout order_id=ORD-550651 product_id=NM-1002 qty=1 amount=2499.00 payment_method=UPI status=SUCCESS response_ms=305 region=West
2026-09-18T22:47:34.876+05:30 INFO  [order-service] txn_id=TXN-102129 customer_id=C10108 action=checkout order_id=ORD-550706 product_id=NM-3002 qty=1 amount=5999.00 payment_method=CARD status=SUCCESS response_ms=876 region=North
2026-09-18T22:47:57.040+05:30 INFO  [cart-service] txn_id=TXN-101963 customer_id=C10193 action=addtocart product_id=NM-1002 qty=1 status=SUCCESS response_ms=103
2026-09-18T22:48:17.225+05:30 INFO  [auth-service] txn_id=TXN-102055 customer_id=C10231 action=login status=SUCCESS response_ms=129
2026-09-18T22:48:45.041+05:30 INFO  [cart-service] txn_id=TXN-102056 customer_id=C10231 action=addtocart product_id=NM-5001 qty=1 status=SUCCESS response_ms=123
2026-09-18T22:48:45.229+05:30 INFO  [auth-service] txn_id=TXN-102063 customer_id=C10163 action=login status=SUCCESS response_ms=141
2026-09-18T22:49:18.051+05:30 INFO  [cart-service] txn_id=TXN-102064 customer_id=C10163 action=addtocart product_id=NM-1005 qty=2 status=SUCCESS response_ms=77
2026-09-18T22:49:21.134+05:30 INFO  [cart-service] txn_id=TXN-102113 customer_id=C10282 action=addtocart product_id=NM-2002 qty=1 status=SUCCESS response_ms=80
2026-09-18T22:49:34.783+05:30 INFO  [order-service] txn_id=TXN-102057 customer_id=C10231 action=checkout order_id=ORD-550683 product_id=NM-5001 qty=1 amount=1299.00 payment_method=CARD status=SUCCESS response_ms=783 region=East
2026-09-18T22:49:35.265+05:30 INFO  [cart-service] txn_id=TXN-102090 customer_id=C10444 action=addtocart product_id=NM-6002 qty=3 status=SUCCESS response_ms=117
2026-09-18T22:49:41.128+05:30 INFO  [cart-service] txn_id=TXN-102052 customer_id=C10387 action=addtocart product_id=NM-6002 qty=1 status=SUCCESS response_ms=135
2026-09-18T22:49:50.766+05:30 INFO  [order-service] txn_id=TXN-102065 customer_id=C10163 action=checkout order_id=ORD-550686 product_id=NM-1005 qty=2 amount=9998.00 payment_method=CARD status=SUCCESS response_ms=766 region=East
2026-09-18T22:50:37.031+05:30 INFO  [auth-service] txn_id=TXN-102142 customer_id=C10566 action=login status=SUCCESS response_ms=168
2026-09-18T22:50:56.069+05:30 INFO  [cart-service] txn_id=TXN-101968 customer_id=C10358 action=addtocart product_id=NM-1003 qty=1 status=SUCCESS response_ms=79
2026-09-18T22:50:57.096+05:30 INFO  [cart-service] txn_id=TXN-102097 customer_id=C10271 action=addtocart product_id=NM-2002 qty=1 status=SUCCESS response_ms=126
2026-09-18T22:51:07.145+05:30 INFO  [cart-service] txn_id=TXN-102143 customer_id=C10566 action=addtocart product_id=NM-3003 qty=1 status=SUCCESS response_ms=138
2026-09-18T22:51:17.841+05:30 INFO  [order-service] txn_id=TXN-102114 customer_id=C10282 action=checkout order_id=ORD-550702 product_id=NM-2002 qty=1 amount=1899.00 payment_method=CARD status=SUCCESS response_ms=841 region=South
2026-09-18T22:51:33.291+05:30 INFO  [cart-service] txn_id=TXN-102095 customer_id=C10373 action=addtocart product_id=NM-3004 qty=1 status=SUCCESS response_ms=85
2026-09-18T22:51:45.722+05:30 INFO  [order-service] txn_id=TXN-102098 customer_id=C10271 action=checkout order_id=ORD-550696 product_id=NM-2002 qty=1 amount=1899.00 payment_method=CARD status=SUCCESS response_ms=722 region=West
2026-09-18T22:52:03.833+05:30 INFO  [order-service] txn_id=TXN-102096 customer_id=C10373 action=checkout order_id=ORD-550695 product_id=NM-3004 qty=1 amount=599.00 payment_method=COD status=SUCCESS response_ms=833 region=East
2026-09-18T22:52:36.156+05:30 INFO  [auth-service] txn_id=TXN-101986 customer_id=C10031 action=login status=SUCCESS response_ms=181
2026-09-18T22:52:39.271+05:30 INFO  [cart-service] txn_id=TXN-101987 customer_id=C10031 action=addtocart product_id=NM-1004 qty=2 status=SUCCESS response_ms=86
2026-09-18T22:53:04.227+05:30 INFO  [auth-service] txn_id=TXN-102073 customer_id=C10124 action=login status=SUCCESS response_ms=69
2026-09-18T22:53:31.096+05:30 INFO  [cart-service] txn_id=TXN-102074 customer_id=C10124 action=addtocart product_id=NM-6001 qty=1 status=SUCCESS response_ms=52
2026-09-18T22:53:57.541+05:30 INFO  [order-service] txn_id=TXN-101988 customer_id=C10031 action=checkout order_id=ORD-550660 product_id=NM-1004 qty=2 amount=55998.00 payment_method=CARD status=SUCCESS response_ms=541 region=South
2026-09-18T22:54:00.160+05:30 INFO  [cart-service] txn_id=TXN-102017 customer_id=C10255 action=addtocart product_id=NM-1001 qty=1 status=SUCCESS response_ms=169
2026-09-18T22:55:16.211+05:30 INFO  [cart-service] txn_id=TXN-101939 customer_id=C10204 action=addtocart product_id=NM-1002 qty=1 status=SUCCESS response_ms=75
2026-09-18T22:55:37.406+05:30 INFO  [order-service] txn_id=TXN-102018 customer_id=C10255 action=checkout order_id=ORD-550671 product_id=NM-1001 qty=1 amount=18999.00 payment_method=COD status=SUCCESS response_ms=406 region=West
2026-09-18T22:55:54.294+05:30 INFO  [auth-service] txn_id=TXN-101979 customer_id=C10446 action=login status=SUCCESS response_ms=215
2026-09-18T22:56:04.220+05:30 INFO  [auth-service] txn_id=TXN-102139 customer_id=C10455 action=login status=SUCCESS response_ms=199
2026-09-18T22:56:11.137+05:30 INFO  [cart-service] txn_id=TXN-101980 customer_id=C10446 action=addtocart product_id=NM-6001 qty=1 status=SUCCESS response_ms=68
2026-09-18T22:56:12.548+05:30 INFO  [order-service] txn_id=TXN-101940 customer_id=C10204 action=checkout order_id=ORD-550641 product_id=NM-1002 qty=1 amount=2499.00 payment_method=NETBANKING status=SUCCESS response_ms=548 region=South
2026-09-18T22:56:14.239+05:30 INFO  [cart-service] txn_id=TXN-102140 customer_id=C10455 action=addtocart product_id=NM-6002 qty=1 status=SUCCESS response_ms=111
2026-09-18T22:56:36.292+05:30 INFO  [auth-service] txn_id=TXN-102077 customer_id=C10283 action=login status=SUCCESS response_ms=138
2026-09-18T22:56:42.196+05:30 INFO  [cart-service] txn_id=TXN-102078 customer_id=C10283 action=addtocart product_id=NM-1005 qty=1 status=SUCCESS response_ms=48
2026-09-18T22:56:53.048+05:30 INFO  [cart-service] txn_id=TXN-102081 customer_id=C10470 action=addtocart product_id=NM-1005 qty=3 status=SUCCESS response_ms=49
2026-09-18T22:56:55.719+05:30 INFO  [order-service] txn_id=TXN-102141 customer_id=C10455 action=checkout order_id=ORD-550710 product_id=NM-6002 qty=1 amount=799.00 payment_method=CARD status=SUCCESS response_ms=719 region=North
2026-09-18T22:57:00.094+05:30 INFO  [cart-service] txn_id=TXN-101974 customer_id=C10266 action=addtocart product_id=NM-2001 qty=1 status=SUCCESS response_ms=56
2026-09-18T22:57:02.147+05:30 INFO  [cart-service] txn_id=TXN-102119 customer_id=C10622 action=addtocart product_id=NM-3004 qty=1 status=SUCCESS response_ms=102
2026-09-18T22:57:13.325+05:30 INFO  [order-service] txn_id=TXN-101981 customer_id=C10446 action=checkout order_id=ORD-550657 product_id=NM-6001 qty=1 amount=349.00 payment_method=UPI status=SUCCESS response_ms=325 region=East
2026-09-18T22:57:29.431+05:30 INFO  [order-service] txn_id=TXN-102079 customer_id=C10283 action=checkout order_id=ORD-550689 product_id=NM-1005 qty=1 amount=4999.00 payment_method=NETBANKING status=SUCCESS response_ms=431 region=North
2026-09-18T22:57:41.741+05:30 INFO  [order-service] txn_id=TXN-101975 customer_id=C10266 action=checkout order_id=ORD-550655 product_id=NM-2001 qty=1 amount=1499.00 payment_method=WALLET status=SUCCESS response_ms=741 region=West
2026-09-18T22:57:52.136+05:30 INFO  [cart-service] txn_id=TXN-102155 customer_id=C10200 action=addtocart product_id=NM-1003 qty=1 status=SUCCESS response_ms=49
2026-09-18T22:58:16.441+05:30 INFO  [order-service] txn_id=TXN-102082 customer_id=C10470 action=checkout order_id=ORD-550690 product_id=NM-1005 qty=3 amount=14997.00 payment_method=NETBANKING status=SUCCESS response_ms=441 region=South
2026-09-18T22:58:21.598+05:30 INFO  [order-service] txn_id=TXN-102120 customer_id=C10622 action=checkout order_id=ORD-550703 product_id=NM-3004 qty=1 amount=599.00 payment_method=CARD status=SUCCESS response_ms=598 region=North
2026-09-18T22:58:39.250+05:30 INFO  [cart-service] txn_id=TXN-101984 customer_id=C10512 action=addtocart product_id=NM-1001 qty=1 status=SUCCESS response_ms=96
2026-09-18T22:58:55.210+05:30 INFO  [order-service] txn_id=TXN-102156 customer_id=C10200 action=checkout order_id=ORD-550716 product_id=NM-1003 qty=1 amount=1799.00 payment_method=NETBANKING status=SUCCESS response_ms=210 region=North
2026-09-18T23:00:01.000+05:30 INFO  [platform] Heartbeat OK services=5 jvm_heap_used_pct=51
2026-09-18T23:00:06.255+05:30 INFO  [cart-service] txn_id=TXN-101996 customer_id=C10431 action=addtocart product_id=NM-1001 qty=1 status=SUCCESS response_ms=96
2026-09-18T23:00:23.867+05:30 INFO  [order-service] txn_id=TXN-101985 customer_id=C10512 action=checkout order_id=ORD-550659 product_id=NM-1001 qty=1 amount=18999.00 payment_method=CARD status=SUCCESS response_ms=867 region=South
2026-09-18T23:00:26.052+05:30 INFO  [cart-service] txn_id=TXN-102007 customer_id=C10410 action=addtocart product_id=NM-1003 qty=1 status=SUCCESS response_ms=109
2026-09-18T23:00:37.077+05:30 INFO  [auth-service] txn_id=TXN-102025 customer_id=C10404 action=login status=SUCCESS response_ms=52
2026-09-18T23:00:49.066+05:30 INFO  [cart-service] txn_id=TXN-102026 customer_id=C10404 action=addtocart product_id=NM-2002 qty=1 status=SUCCESS response_ms=170
2026-09-18T23:01:20.241+05:30 INFO  [cart-service] txn_id=TXN-101960 customer_id=C10298 action=addtocart product_id=NM-1003 qty=1 status=SUCCESS response_ms=67
2026-09-18T23:01:30.638+05:30 INFO  [order-service] txn_id=TXN-101997 customer_id=C10431 action=checkout order_id=ORD-550663 product_id=NM-1001 qty=1 amount=18999.00 payment_method=UPI status=SUCCESS response_ms=638 region=South
2026-09-18T23:01:36.083+05:30 INFO  [auth-service] txn_id=TXN-102231 customer_id=C10272 action=login status=SUCCESS response_ms=142
2026-09-18T23:01:59.155+05:30 INFO  [cart-service] txn_id=TXN-102116 customer_id=C10156 action=addtocart product_id=NM-1004 qty=1 status=SUCCESS response_ms=174
2026-09-18T23:02:03.619+05:30 INFO  [order-service] txn_id=TXN-102027 customer_id=C10404 action=checkout order_id=ORD-550674 product_id=NM-2002 qty=1 amount=1899.00 payment_method=NETBANKING status=SUCCESS response_ms=619 region=North
2026-09-18T23:02:10.240+05:30 INFO  [order-service] txn_id=TXN-102008 customer_id=C10410 action=checkout order_id=ORD-550668 product_id=NM-1003 qty=1 amount=1799.00 payment_method=CARD status=SUCCESS response_ms=240 region=East
2026-09-18T23:02:14.273+05:30 INFO  [cart-service] txn_id=TXN-102232 customer_id=C10272 action=addtocart product_id=NM-1003 qty=1 status=SUCCESS response_ms=70
2026-09-18T23:03:00.371+05:30 INFO  [order-service] txn_id=TXN-101961 customer_id=C10298 action=checkout order_id=ORD-550650 product_id=NM-1003 qty=1 amount=1799.00 payment_method=COD status=SUCCESS response_ms=371 region=South
2026-09-18T23:03:13.513+05:30 INFO  [order-service] txn_id=TXN-102233 customer_id=C10272 action=checkout order_id=ORD-550741 product_id=NM-1003 qty=1 amount=1799.00 payment_method=CARD status=SUCCESS response_ms=513 region=North
2026-09-18T23:04:50.290+05:30 INFO  [auth-service] txn_id=TXN-102195 customer_id=C10037 action=login status=SUCCESS response_ms=98
2026-09-18T23:04:57.255+05:30 INFO  [cart-service] txn_id=TXN-102165 customer_id=C10531 action=addtocart product_id=NM-4001 qty=1 status=SUCCESS response_ms=162
2026-09-18T23:05:19.078+05:30 INFO  [cart-service] txn_id=TXN-102196 customer_id=C10037 action=addtocart product_id=NM-6002 qty=1 status=SUCCESS response_ms=62
2026-09-18T23:05:31.144+05:30 INFO  [cart-service] txn_id=TXN-102187 customer_id=C10170 action=addtocart product_id=NM-4001 qty=1 status=SUCCESS response_ms=129
2026-09-18T23:05:48.267+05:30 INFO  [auth-service] txn_id=TXN-102208 customer_id=C10246 action=login status=SUCCESS response_ms=140
2026-09-18T23:05:53.110+05:30 INFO  [auth-service] txn_id=TXN-102173 customer_id=C10006 action=login status=SUCCESS response_ms=131
2026-09-18T23:05:58.194+05:30 INFO  [cart-service] txn_id=TXN-102174 customer_id=C10006 action=addtocart product_id=NM-1002 qty=1 status=SUCCESS response_ms=68
2026-09-18T23:06:07.069+05:30 INFO  [cart-service] txn_id=TXN-102209 customer_id=C10246 action=addtocart product_id=NM-1002 qty=1 status=SUCCESS response_ms=51
2026-09-18T23:06:57.428+05:30 INFO  [order-service] txn_id=TXN-102210 customer_id=C10246 action=checkout order_id=ORD-550732 product_id=NM-1002 qty=1 amount=2499.00 payment_method=CARD status=SUCCESS response_ms=428 region=North
2026-09-18T23:07:25.300+05:30 INFO  [order-service] txn_id=TXN-102175 customer_id=C10006 action=checkout order_id=ORD-550722 product_id=NM-1002 qty=1 amount=2499.00 payment_method=UPI status=SUCCESS response_ms=300 region=West
2026-09-18T23:07:34.184+05:30 INFO  [cart-service] txn_id=TXN-102157 customer_id=C10235 action=addtocart product_id=NM-1001 qty=3 status=SUCCESS response_ms=112
2026-09-18T23:08:51.497+05:30 INFO  [order-service] txn_id=TXN-102158 customer_id=C10235 action=checkout order_id=ORD-550717 product_id=NM-1001 qty=3 amount=56997.00 payment_method=CARD status=SUCCESS response_ms=497 region=North
2026-09-18T23:09:16.073+05:30 INFO  [cart-service] txn_id=TXN-102159 customer_id=C10119 action=addtocart product_id=NM-4001 qty=1 status=SUCCESS response_ms=108
2026-09-18T23:09:31.158+05:30 INFO  [auth-service] txn_id=TXN-102166 customer_id=C10356 action=login status=SUCCESS response_ms=218
2026-09-18T23:09:49.037+05:30 INFO  [cart-service] txn_id=TXN-102167 customer_id=C10356 action=addtocart product_id=NM-1003 qty=2 status=SUCCESS response_ms=146
2026-09-18T23:18:21.068+05:30 INFO  [cart-service] txn_id=TXN-102213 customer_id=C10321 action=addtocart product_id=NM-2002 qty=1 status=SUCCESS response_ms=125
2026-09-18T23:18:50.084+05:30 INFO  [cart-service] txn_id=TXN-102160 customer_id=C10439 action=addtocart product_id=NM-1003 qty=1 status=SUCCESS response_ms=62
2026-09-18T23:19:32.830+05:30 INFO  [order-service] txn_id=TXN-102161 customer_id=C10439 action=checkout order_id=ORD-550718 product_id=NM-1003 qty=1 amount=1799.00 payment_method=UPI status=SUCCESS response_ms=830 region=West
2026-09-18T23:20:07.703+05:30 INFO  [order-service] txn_id=TXN-102214 customer_id=C10321 action=checkout order_id=ORD-550734 product_id=NM-2002 qty=1 amount=1899.00 payment_method=CARD status=SUCCESS response_ms=703 region=South
2026-09-18T23:20:33.112+05:30 INFO  [auth-service] txn_id=TXN-102190 customer_id=C10028 action=login status=SUCCESS response_ms=162
2026-09-18T23:20:35.198+05:30 INFO  [cart-service] txn_id=TXN-102191 customer_id=C10028 action=addtocart product_id=NM-1003 qty=1 status=SUCCESS response_ms=30
2026-09-18T23:21:28.232+05:30 INFO  [cart-service] txn_id=TXN-102218 customer_id=C10469 action=addtocart product_id=NM-6001 qty=1 status=SUCCESS response_ms=130
2026-09-18T23:21:37.044+05:30 INFO  [auth-service] txn_id=TXN-102244 customer_id=C10192 action=login status=SUCCESS response_ms=149
2026-09-18T23:22:03.445+05:30 INFO  [order-service] txn_id=TXN-102219 customer_id=C10469 action=checkout order_id=ORD-550736 product_id=NM-6001 qty=1 amount=349.00 payment_method=WALLET status=SUCCESS response_ms=445 region=South
2026-09-18T23:22:16.066+05:30 INFO  [cart-service] txn_id=TXN-102245 customer_id=C10192 action=addtocart product_id=NM-1005 qty=1 status=SUCCESS response_ms=43
2026-09-18T23:22:22.562+05:30 INFO  [order-service] txn_id=TXN-102192 customer_id=C10028 action=checkout order_id=ORD-550728 product_id=NM-1003 qty=1 amount=1799.00 payment_method=NETBANKING status=SUCCESS response_ms=562 region=South
2026-09-18T23:22:28.089+05:30 INFO  [cart-service] txn_id=TXN-102223 customer_id=C10366 action=addtocart product_id=NM-6001 qty=2 status=SUCCESS response_ms=31
2026-09-18T23:22:37.055+05:30 INFO  [cart-service] txn_id=TXN-102199 customer_id=C10581 action=addtocart product_id=NM-6001 qty=1 status=SUCCESS response_ms=109
2026-09-18T23:22:54.206+05:30 INFO  [cart-service] txn_id=TXN-102236 customer_id=C10629 action=addtocart product_id=NM-3001 qty=1 status=SUCCESS response_ms=98
2026-09-18T23:23:32.565+05:30 INFO  [order-service] txn_id=TXN-102224 customer_id=C10366 action=checkout order_id=ORD-550738 product_id=NM-6001 qty=2 amount=698.00 payment_method=CARD status=SUCCESS response_ms=565 region=South
2026-09-18T23:23:59.824+05:30 INFO  [order-service] txn_id=TXN-102237 customer_id=C10629 action=checkout order_id=ORD-550743 product_id=NM-3001 qty=1 amount=3499.00 payment_method=CARD status=SUCCESS response_ms=824 region=South
2026-09-18T23:24:26.080+05:30 INFO  [cart-service] txn_id=TXN-102188 customer_id=C10333 action=addtocart product_id=NM-1002 qty=1 status=SUCCESS response_ms=92
2026-09-18T23:24:34.183+05:30 INFO  [auth-service] txn_id=TXN-102170 customer_id=C10632 action=login status=SUCCESS response_ms=109
2026-09-18T23:24:56.048+05:30 INFO  [cart-service] txn_id=TXN-102242 customer_id=C10222 action=addtocart product_id=NM-1003 qty=1 status=SUCCESS response_ms=126
2026-09-18T23:25:03.526+05:30 INFO  [order-service] txn_id=TXN-102189 customer_id=C10333 action=checkout order_id=ORD-550727 product_id=NM-1002 qty=1 amount=2499.00 payment_method=UPI status=SUCCESS response_ms=526 region=West
2026-09-18T23:25:09.212+05:30 INFO  [cart-service] txn_id=TXN-102171 customer_id=C10632 action=addtocart product_id=NM-1003 qty=1 status=SUCCESS response_ms=45
2026-09-18T23:25:36.155+05:30 INFO  [cart-service] txn_id=TXN-102200 customer_id=C10598 action=addtocart product_id=NM-1005 qty=1 status=SUCCESS response_ms=77
2026-09-18T23:26:00.554+05:30 INFO  [order-service] txn_id=TXN-102172 customer_id=C10632 action=checkout order_id=ORD-550721 product_id=NM-1003 qty=1 amount=1799.00 payment_method=UPI status=SUCCESS response_ms=554 region=North
2026-09-18T23:26:25.272+05:30 INFO  [order-service] txn_id=TXN-102243 customer_id=C10222 action=checkout order_id=ORD-550746 product_id=NM-1003 qty=1 amount=1799.00 payment_method=COD status=SUCCESS response_ms=272 region=South
2026-09-18T23:27:08.126+05:30 INFO  [cart-service] txn_id=TXN-102193 customer_id=C10466 action=addtocart product_id=NM-1001 qty=1 status=SUCCESS response_ms=160
2026-09-18T23:27:32.770+05:30 INFO  [order-service] txn_id=TXN-102201 customer_id=C10598 action=checkout order_id=ORD-550731 product_id=NM-1005 qty=1 amount=4999.00 payment_method=CARD status=SUCCESS response_ms=770 region=West
2026-09-18T23:28:14.690+05:30 INFO  [order-service] txn_id=TXN-102194 customer_id=C10466 action=checkout order_id=ORD-550729 product_id=NM-1001 qty=1 amount=18999.00 payment_method=CARD status=SUCCESS response_ms=690 region=North
2026-09-18T23:29:23.230+05:30 INFO  [cart-service] txn_id=TXN-102226 customer_id=C10150 action=addtocart product_id=NM-4001 qty=1 status=SUCCESS response_ms=174
2026-09-18T23:29:30.057+05:30 INFO  [cart-service] txn_id=TXN-102197 customer_id=C10483 action=addtocart product_id=NM-1005 qty=2 status=SUCCESS response_ms=31
2026-09-18T23:30:09.283+05:30 INFO  [order-service] txn_id=TXN-102227 customer_id=C10150 action=checkout order_id=ORD-550739 product_id=NM-4001 qty=1 amount=899.00 payment_method=CARD status=SUCCESS response_ms=283 region=East
2026-09-18T23:30:34.438+05:30 INFO  [order-service] txn_id=TXN-102198 customer_id=C10483 action=checkout order_id=ORD-550730 product_id=NM-1005 qty=2 amount=9998.00 payment_method=COD status=SUCCESS response_ms=438 region=South
2026-09-18T23:32:13.133+05:30 INFO  [cart-service] txn_id=TXN-102240 customer_id=C10514 action=addtocart product_id=NM-5001 qty=1 status=SUCCESS response_ms=115
2026-09-18T23:33:10.492+05:30 INFO  [order-service] txn_id=TXN-102241 customer_id=C10514 action=checkout order_id=ORD-550745 product_id=NM-5001 qty=1 amount=1299.00 payment_method=CARD status=SUCCESS response_ms=492 region=East
2026-09-18T23:34:44.136+05:30 INFO  [auth-service] txn_id=TXN-102215 customer_id=C10108 action=login status=SUCCESS response_ms=80
2026-09-18T23:35:12.036+05:30 INFO  [cart-service] txn_id=TXN-102216 customer_id=C10108 action=addtocart product_id=NM-4001 qty=1 status=SUCCESS response_ms=94
2026-09-18T23:36:03.377+05:30 INFO  [order-service] txn_id=TXN-102217 customer_id=C10108 action=checkout order_id=ORD-550735 product_id=NM-4001 qty=1 amount=899.00 payment_method=UPI status=SUCCESS response_ms=377 region=North
2026-09-18T23:36:37.131+05:30 INFO  [auth-service] txn_id=TXN-102220 customer_id=C10496 action=login status=SUCCESS response_ms=79
2026-09-18T23:36:57.097+05:30 INFO  [cart-service] txn_id=TXN-102221 customer_id=C10496 action=addtocart product_id=NM-1002 qty=1 status=SUCCESS response_ms=59
2026-09-18T23:38:28.274+05:30 INFO  [cart-service] txn_id=TXN-102234 customer_id=C10304 action=addtocart product_id=NM-6001 qty=1 status=SUCCESS response_ms=124
2026-09-18T23:38:29.106+05:30 INFO  [cart-service] txn_id=TXN-102206 customer_id=C10030 action=addtocart product_id=NM-2002 qty=1 status=SUCCESS response_ms=110
2026-09-18T23:38:53.576+05:30 INFO  [order-service] txn_id=TXN-102222 customer_id=C10496 action=checkout order_id=ORD-550737 product_id=NM-1002 qty=1 amount=2499.00 payment_method=UPI status=SUCCESS response_ms=576 region=North
2026-09-18T23:39:40.612+05:30 INFO  [order-service] txn_id=TXN-102235 customer_id=C10304 action=checkout order_id=ORD-550742 product_id=NM-6001 qty=1 amount=349.00 payment_method=UPI status=SUCCESS response_ms=612 region=South
2026-09-18T23:40:07.260+05:30 INFO  [cart-service] txn_id=TXN-102207 customer_id=C10617 action=addtocart product_id=NM-1004 qty=1 status=SUCCESS response_ms=38
2026-09-18T23:41:08.120+05:30 INFO  [auth-service] txn_id=TXN-102176 customer_id=C10574 action=login status=SUCCESS response_ms=210
2026-09-18T23:41:16.226+05:30 INFO  [auth-service] txn_id=TXN-102182 customer_id=C10355 action=login status=SUCCESS response_ms=196
2026-09-18T23:41:20.153+05:30 INFO  [cart-service] txn_id=TXN-102177 customer_id=C10574 action=addtocart product_id=NM-1001 qty=2 status=SUCCESS response_ms=132
2026-09-18T23:41:46.047+05:30 INFO  [cart-service] txn_id=TXN-102183 customer_id=C10355 action=addtocart product_id=NM-6001 qty=1 status=SUCCESS response_ms=83
2026-09-18T23:41:51.123+05:30 INFO  [cart-service] txn_id=TXN-102238 customer_id=C10650 action=addtocart product_id=NM-2002 qty=1 status=SUCCESS response_ms=112
2026-09-18T23:42:15.765+05:30 INFO  [order-service] txn_id=TXN-102239 customer_id=C10650 action=checkout order_id=ORD-550744 product_id=NM-2002 qty=1 amount=1899.00 payment_method=CARD status=SUCCESS response_ms=765 region=North
2026-09-18T23:42:32.765+05:30 INFO  [order-service] txn_id=TXN-102178 customer_id=C10574 action=checkout order_id=ORD-550723 product_id=NM-1001 qty=2 amount=37998.00 payment_method=CARD status=SUCCESS response_ms=765 region=South
2026-09-18T23:43:00.167+05:30 INFO  [cart-service] txn_id=TXN-102225 customer_id=C10468 action=addtocart product_id=NM-6002 qty=1 status=SUCCESS response_ms=166
2026-09-18T23:43:34.392+05:30 INFO  [order-service] txn_id=TXN-102184 customer_id=C10355 action=checkout order_id=ORD-550725 product_id=NM-6001 qty=1 amount=349.00 payment_method=CARD status=SUCCESS response_ms=392 region=South
2026-09-18T23:44:59.299+05:30 INFO  [auth-service] txn_id=TXN-102202 customer_id=C10365 action=login status=SUCCESS response_ms=180
2026-09-18T23:45:02.076+05:30 INFO  [cart-service] txn_id=TXN-102203 customer_id=C10365 action=addtocart product_id=NM-1001 qty=1 status=SUCCESS response_ms=134
2026-09-18T23:48:32.122+05:30 INFO  [auth-service] txn_id=TXN-102179 customer_id=C10153 action=login status=SUCCESS response_ms=49
2026-09-18T23:48:52.174+05:30 INFO  [cart-service] txn_id=TXN-102180 customer_id=C10153 action=addtocart product_id=NM-1003 qty=2 status=SUCCESS response_ms=106
2026-09-18T23:49:39.114+05:30 INFO  [cart-service] txn_id=TXN-102168 customer_id=C10373 action=addtocart product_id=NM-1001 qty=3 status=SUCCESS response_ms=55
2026-09-18T23:49:57.243+05:30 INFO  [order-service] txn_id=TXN-102181 customer_id=C10153 action=checkout order_id=ORD-550724 product_id=NM-1003 qty=2 amount=3598.00 payment_method=COD status=SUCCESS response_ms=243 region=South
2026-09-18T23:50:37.337+05:30 INFO  [order-service] txn_id=TXN-102169 customer_id=C10373 action=checkout order_id=ORD-550720 product_id=NM-1001 qty=3 amount=56997.00 payment_method=CARD status=SUCCESS response_ms=337 region=East
2026-09-18T23:53:58.083+05:30 INFO  [cart-service] txn_id=TXN-102211 customer_id=C10503 action=addtocart product_id=NM-5001 qty=1 status=SUCCESS response_ms=87
2026-09-18T23:54:39.244+05:30 INFO  [order-service] txn_id=TXN-102212 customer_id=C10503 action=checkout order_id=ORD-550733 product_id=NM-5001 qty=1 amount=1299.00 payment_method=CARD status=SUCCESS response_ms=244 region=West
2026-09-18T23:57:47.064+05:30 INFO  [cart-service] txn_id=TXN-102185 customer_id=C10237 action=addtocart product_id=NM-1005 qty=1 status=SUCCESS response_ms=165
2026-09-18T23:58:15.382+05:30 INFO  [order-service] txn_id=TXN-102186 customer_id=C10237 action=checkout order_id=ORD-550726 product_id=NM-1005 qty=1 amount=4999.00 payment_method=UPI status=SUCCESS response_ms=382 region=West
2026-09-18T23:58:26.206+05:30 INFO  [auth-service] txn_id=TXN-102162 customer_id=C10306 action=login status=SUCCESS response_ms=93
2026-09-18T23:58:29.133+05:30 INFO  [cart-service] txn_id=TXN-102163 customer_id=C10306 action=addtocart product_id=NM-1002 qty=3 status=SUCCESS response_ms=42
2026-09-18T23:58:33.146+05:30 INFO  [auth-service] txn_id=TXN-102228 customer_id=C10083 action=login status=SUCCESS response_ms=114
2026-09-18T23:58:47.041+05:30 INFO  [cart-service] txn_id=TXN-102229 customer_id=C10083 action=addtocart product_id=NM-6002 qty=1 status=SUCCESS response_ms=126
2026-09-18T23:59:16.538+05:30 INFO  [order-service] txn_id=TXN-102230 customer_id=C10083 action=checkout order_id=ORD-550740 product_id=NM-6002 qty=1 amount=799.00 payment_method=CARD status=SUCCESS response_ms=538 region=North
2026-09-18T23:59:25.162+05:30 INFO  [auth-service] txn_id=TXN-102204 customer_id=C10518 action=login status=SUCCESS response_ms=109
2026-09-18T23:59:27.024+05:30 INFO  [cart-service] txn_id=TXN-102205 customer_id=C10518 action=addtocart product_id=NM-3001 qty=1 status=SUCCESS response_ms=50
2026-09-18T23:59:29.317+05:30 INFO  [order-service] txn_id=TXN-102164 customer_id=C10306 action=checkout order_id=ORD-550719 product_id=NM-1002 qty=3 amount=7497.00 payment_method=UPI status=SUCCESS response_ms=317 region=South
2026-09-19T00:00:00.000+05:30 INFO  [platform] Heartbeat OK services=5 jvm_heap_used_pct=59
2026-09-19T00:50:56.056+05:30 INFO  [cart-service] txn_id=TXN-102246 customer_id=C10144 action=addtocart product_id=NM-1001 qty=1 status=SUCCESS response_ms=30
2026-09-19T00:52:01.292+05:30 INFO  [order-service] txn_id=TXN-102247 customer_id=C10144 action=checkout order_id=ORD-550747 product_id=NM-1001 qty=1 amount=18999.00 payment_method=COD status=SUCCESS response_ms=292 region=West
2026-09-19T01:00:02.000+05:30 INFO  [platform] Heartbeat OK services=5 jvm_heap_used_pct=50
2026-09-19T01:51:30.190+05:30 INFO  [cart-service] txn_id=TXN-102248 customer_id=C10175 action=addtocart product_id=NM-3004 qty=2 status=SUCCESS response_ms=127
2026-09-19T02:00:00.000+05:30 INFO  [platform] Heartbeat OK services=5 jvm_heap_used_pct=44
2026-09-19T02:13:28.000+05:30 WARN  [inventory-service] Low stock alert product_id=NM-2004 remaining=9 warehouse=WH-MUM
2026-09-19T02:40:42.070+05:30 INFO  [cart-service] txn_id=TXN-102249 customer_id=C10018 action=addtocart product_id=NM-4002 qty=1 status=SUCCESS response_ms=101
2026-09-19T02:41:55.216+05:30 INFO  [order-service] txn_id=TXN-102250 customer_id=C10018 action=checkout order_id=ORD-550748 product_id=NM-4002 qty=1 amount=399.00 payment_method=CARD status=SUCCESS response_ms=216 region=South
2026-09-19T03:00:01.000+05:30 INFO  [platform] Heartbeat OK services=5 jvm_heap_used_pct=53
2026-09-19T03:47:36.000+05:30 WARN  [inventory-service] Low stock alert product_id=NM-3002 remaining=8 warehouse=WH-DEL
2026-09-19T04:00:02.000+05:30 INFO  [platform] Heartbeat OK services=5 jvm_heap_used_pct=71
2026-09-19T05:00:01.000+05:30 INFO  [platform] Heartbeat OK services=5 jvm_heap_used_pct=49
2026-09-19T05:07:32.000+05:30 WARN  [inventory-service] Low stock alert product_id=NM-1001 remaining=1 warehouse=WH-MUM
2026-09-19T05:26:12.236+05:30 INFO  [cart-service] txn_id=TXN-102251 customer_id=C10409 action=addtocart product_id=NM-6002 qty=1 status=SUCCESS response_ms=82
2026-09-19T05:27:05.178+05:30 INFO  [order-service] txn_id=TXN-102252 customer_id=C10409 action=checkout order_id=ORD-550749 product_id=NM-6002 qty=1 amount=799.00 payment_method=UPI status=SUCCESS response_ms=178 region=East
2026-09-19T06:00:02.000+05:30 INFO  [platform] Heartbeat OK services=5 jvm_heap_used_pct=52
2026-09-19T06:20:57.263+05:30 INFO  [cart-service] txn_id=TXN-102256 customer_id=C10018 action=addtocart product_id=NM-1001 qty=1 status=SUCCESS response_ms=39
2026-09-19T06:22:56.343+05:30 INFO  [order-service] txn_id=TXN-102257 customer_id=C10018 action=checkout order_id=ORD-550750 product_id=NM-1001 qty=1 amount=18999.00 payment_method=NETBANKING status=SUCCESS response_ms=343 region=South
2026-09-19T06:32:41.000+05:30 WARN  [inventory-service] Low stock alert product_id=NM-2002 remaining=1 warehouse=WH-MUM
2026-09-19T06:33:17.082+05:30 INFO  [auth-service] txn_id=TXN-102254 customer_id=C10514 action=login status=SUCCESS response_ms=134
2026-09-19T06:33:45.295+05:30 INFO  [cart-service] txn_id=TXN-102255 customer_id=C10514 action=addtocart product_id=NM-5002 qty=1 status=SUCCESS response_ms=180
2026-09-19T06:54:02.205+05:30 INFO  [cart-service] txn_id=TXN-102253 customer_id=C10017 action=addtocart product_id=NM-1002 qty=1 status=SUCCESS response_ms=102
2026-09-19T07:00:00.000+05:30 INFO  [platform] Heartbeat OK services=5 jvm_heap_used_pct=54
2026-09-19T07:16:48.120+05:30 INFO  [cart-service] txn_id=TXN-102260 customer_id=C10133 action=addtocart product_id=NM-3004 qty=1 status=SUCCESS response_ms=61
2026-09-19T07:28:43.175+05:30 INFO  [cart-service] txn_id=TXN-102261 customer_id=C10246 action=addtocart product_id=NM-5001 qty=1 status=SUCCESS response_ms=176
2026-09-19T07:30:10.210+05:30 INFO  [cart-service] txn_id=TXN-102259 customer_id=C10219 action=addtocart product_id=NM-5001 qty=1 status=SUCCESS response_ms=41
2026-09-19T07:30:33.147+05:30 INFO  [order-service] txn_id=TXN-102262 customer_id=C10246 action=checkout order_id=ORD-550751 product_id=NM-5001 qty=1 amount=1299.00 payment_method=CARD status=SUCCESS response_ms=147 region=North
2026-09-19T07:34:14.295+05:30 INFO  [cart-service] txn_id=TXN-102258 customer_id=C10143 action=addtocart product_id=NM-1001 qty=1 status=SUCCESS response_ms=139
2026-09-19T07:39:08.273+05:30 INFO  [auth-service] txn_id=TXN-102263 customer_id=C10590 action=login status=SUCCESS response_ms=194
2026-09-19T07:39:35.088+05:30 INFO  [cart-service] txn_id=TXN-102264 customer_id=C10590 action=addtocart product_id=NM-1003 qty=1 status=SUCCESS response_ms=151
2026-09-19T07:41:29.394+05:30 INFO  [order-service] txn_id=TXN-102265 customer_id=C10590 action=checkout order_id=ORD-550752 product_id=NM-1003 qty=1 amount=1799.00 payment_method=CARD status=SUCCESS response_ms=394 region=South
2026-09-19T08:00:00.000+05:30 INFO  [platform] Heartbeat OK services=5 jvm_heap_used_pct=44
2026-09-19T08:04:35.231+05:30 INFO  [cart-service] txn_id=TXN-102278 customer_id=C10265 action=addtocart product_id=NM-1003 qty=1 status=SUCCESS response_ms=101
2026-09-19T08:06:26.282+05:30 INFO  [order-service] txn_id=TXN-102279 customer_id=C10265 action=checkout order_id=ORD-550757 product_id=NM-1003 qty=1 amount=1799.00 payment_method=UPI status=SUCCESS response_ms=282 region=South
2026-09-19T08:09:06.021+05:30 INFO  [cart-service] txn_id=TXN-102266 customer_id=C10589 action=addtocart product_id=NM-1001 qty=1 status=SUCCESS response_ms=178
2026-09-19T08:10:19.207+05:30 WARN  [order-service] txn_id=TXN-102267 customer_id=C10589 action=checkout order_id=ORD-550753 product_id=NM-1001 qty=1 amount=18999.00 payment_method=NETBANKING status=DECLINED error_code=PAY_DECLINED response_ms=207 region=North
2026-09-19T08:28:10.300+05:30 INFO  [cart-service] txn_id=TXN-102277 customer_id=C10549 action=addtocart product_id=NM-6001 qty=1 status=SUCCESS response_ms=78
2026-09-19T08:46:15.061+05:30 INFO  [auth-service] txn_id=TXN-102271 customer_id=C10423 action=login status=SUCCESS response_ms=208
2026-09-19T08:46:48.184+05:30 INFO  [cart-service] txn_id=TXN-102272 customer_id=C10423 action=addtocart product_id=NM-1002 qty=1 status=SUCCESS response_ms=123
2026-09-19T08:47:23.267+05:30 INFO  [auth-service] txn_id=TXN-102274 customer_id=C10097 action=login status=SUCCESS response_ms=145
2026-09-19T08:47:56.206+05:30 INFO  [cart-service] txn_id=TXN-102275 customer_id=C10097 action=addtocart product_id=NM-1003 qty=1 status=SUCCESS response_ms=65
2026-09-19T08:48:33.402+05:30 INFO  [order-service] txn_id=TXN-102273 customer_id=C10423 action=checkout order_id=ORD-550755 product_id=NM-1002 qty=1 amount=2499.00 payment_method=CARD status=SUCCESS response_ms=402 region=North
2026-09-19T08:48:51.201+05:30 INFO  [order-service] txn_id=TXN-102276 customer_id=C10097 action=checkout order_id=ORD-550756 product_id=NM-1003 qty=1 amount=1799.00 payment_method=UPI status=SUCCESS response_ms=201 region=North
2026-09-19T08:53:44.097+05:30 INFO  [auth-service] txn_id=TXN-102268 customer_id=C10107 action=login status=SUCCESS response_ms=180
2026-09-19T08:54:09.230+05:30 INFO  [cart-service] txn_id=TXN-102269 customer_id=C10107 action=addtocart product_id=NM-3002 qty=1 status=SUCCESS response_ms=140
2026-09-19T08:55:47.293+05:30 INFO  [order-service] txn_id=TXN-102270 customer_id=C10107 action=checkout order_id=ORD-550754 product_id=NM-3002 qty=1 amount=5999.00 payment_method=WALLET status=SUCCESS response_ms=293 region=North
2026-09-19T09:00:02.000+05:30 INFO  [platform] Heartbeat OK services=5 jvm_heap_used_pct=52
2026-09-19T09:07:11.278+05:30 INFO  [auth-service] txn_id=TXN-102282 customer_id=C10039 action=login status=SUCCESS response_ms=172
2026-09-19T09:07:51.038+05:30 INFO  [cart-service] txn_id=TXN-102283 customer_id=C10039 action=addtocart product_id=NM-6001 qty=2 status=SUCCESS response_ms=76
2026-09-19T09:09:35.240+05:30 INFO  [auth-service] txn_id=TXN-102284 customer_id=C10421 action=login status=SUCCESS response_ms=125
2026-09-19T09:10:03.148+05:30 INFO  [cart-service] txn_id=TXN-102285 customer_id=C10421 action=addtocart product_id=NM-3002 qty=2 status=SUCCESS response_ms=179
2026-09-19T09:10:48.334+05:30 INFO  [order-service] txn_id=TXN-102286 customer_id=C10421 action=checkout order_id=ORD-550759 product_id=NM-3002 qty=2 amount=11998.00 payment_method=CARD status=SUCCESS response_ms=334 region=North
2026-09-19T09:19:29.112+05:30 INFO  [cart-service] txn_id=TXN-102287 customer_id=C10577 action=addtocart product_id=NM-6002 qty=1 status=SUCCESS response_ms=41
2026-09-19T09:20:18.332+05:30 INFO  [order-service] txn_id=TXN-102288 customer_id=C10577 action=checkout order_id=ORD-550760 product_id=NM-6002 qty=1 amount=799.00 payment_method=CARD status=SUCCESS response_ms=332 region=North
2026-09-19T09:38:25.000+05:30 ERROR [search-service] Elasticsearch query failed: connection reset by peer (node=es-data-02)
2026-09-19T09:46:23.168+05:30 INFO  [cart-service] txn_id=TXN-102280 customer_id=C10494 action=addtocart product_id=NM-2003 qty=1 status=SUCCESS response_ms=52
2026-09-19T09:46:38.464+05:30 INFO  [order-service] txn_id=TXN-102281 customer_id=C10494 action=checkout order_id=ORD-550758 product_id=NM-2003 qty=1 amount=2999.00 payment_method=CARD status=SUCCESS response_ms=464 region=North
2026-09-19T09:49:37.282+05:30 INFO  [cart-service] txn_id=TXN-102289 customer_id=C10217 action=addtocart product_id=NM-4001 qty=1 status=SUCCESS response_ms=61
2026-09-19T10:00:01.000+05:30 INFO  [platform] Heartbeat OK services=5 jvm_heap_used_pct=62
2026-09-19T10:06:00.258+05:30 INFO  [auth-service] txn_id=TXN-102294 customer_id=C10281 action=login status=SUCCESS response_ms=135
2026-09-19T10:06:40.243+05:30 INFO  [cart-service] txn_id=TXN-102295 customer_id=C10281 action=addtocart product_id=NM-5001 qty=1 status=SUCCESS response_ms=81
2026-09-19T10:06:56.383+05:30 INFO  [order-service] txn_id=TXN-102296 customer_id=C10281 action=checkout order_id=ORD-550763 product_id=NM-5001 qty=1 amount=1299.00 payment_method=COD status=SUCCESS response_ms=383 region=North
2026-09-19T10:32:20.220+05:30 INFO  [cart-service] txn_id=TXN-102292 customer_id=C10621 action=addtocart product_id=NM-2002 qty=2 status=SUCCESS response_ms=64
2026-09-19T10:33:39.413+05:30 INFO  [order-service] txn_id=TXN-102293 customer_id=C10621 action=checkout order_id=ORD-550762 product_id=NM-2002 qty=2 amount=3798.00 payment_method=UPI status=SUCCESS response_ms=413 region=North
2026-09-19T10:38:06.214+05:30 INFO  [cart-service] txn_id=TXN-102302 customer_id=C10466 action=addtocart product_id=NM-1005 qty=1 status=SUCCESS response_ms=74
2026-09-19T10:38:43.259+05:30 INFO  [cart-service] txn_id=TXN-102299 customer_id=C10552 action=addtocart product_id=NM-6001 qty=1 status=SUCCESS response_ms=104
2026-09-19T10:40:16.324+05:30 WARN  [order-service] txn_id=TXN-102300 customer_id=C10552 action=checkout order_id=ORD-550765 product_id=NM-6001 qty=1 amount=349.00 payment_method=CARD status=DECLINED error_code=PAY_DECLINED response_ms=324 region=West
2026-09-19T10:40:38.194+05:30 INFO  [cart-service] txn_id=TXN-102290 customer_id=C10187 action=addtocart product_id=NM-2001 qty=1 status=SUCCESS response_ms=109
2026-09-19T10:41:11.410+05:30 INFO  [order-service] txn_id=TXN-102291 customer_id=C10187 action=checkout order_id=ORD-550761 product_id=NM-2001 qty=1 amount=1499.00 payment_method=CARD status=SUCCESS response_ms=410 region=West
2026-09-19T10:44:14.165+05:30 INFO  [cart-service] txn_id=TXN-102301 customer_id=C10562 action=addtocart product_id=NM-1002 qty=1 status=SUCCESS response_ms=86
2026-09-19T10:45:34.077+05:30 INFO  [cart-service] txn_id=TXN-102297 customer_id=C10082 action=addtocart product_id=NM-1002 qty=2 status=SUCCESS response_ms=44
2026-09-19T10:46:09.316+05:30 INFO  [order-service] txn_id=TXN-102298 customer_id=C10082 action=checkout order_id=ORD-550764 product_id=NM-1002 qty=2 amount=4998.00 payment_method=NETBANKING status=SUCCESS response_ms=316 region=South
2026-09-19T11:00:00.000+05:30 INFO  [platform] Heartbeat OK services=5 jvm_heap_used_pct=40
2026-09-19T11:00:03.104+05:30 INFO  [cart-service] txn_id=TXN-102303 customer_id=C10251 action=addtocart product_id=NM-1003 qty=1 status=SUCCESS response_ms=78
2026-09-19T11:16:05.045+05:30 INFO  [cart-service] txn_id=TXN-102308 customer_id=C10033 action=addtocart product_id=NM-1001 qty=1 status=SUCCESS response_ms=159
2026-09-19T11:17:53.201+05:30 INFO  [order-service] txn_id=TXN-102309 customer_id=C10033 action=checkout order_id=ORD-550766 product_id=NM-1001 qty=1 amount=18999.00 payment_method=UPI status=SUCCESS response_ms=201 region=West
2026-09-19T11:21:24.290+05:30 INFO  [cart-service] txn_id=TXN-102314 customer_id=C10224 action=addtocart product_id=NM-1002 qty=1 status=SUCCESS response_ms=158
2026-09-19T11:21:25.275+05:30 INFO  [cart-service] txn_id=TXN-102307 customer_id=C10024 action=addtocart product_id=NM-6002 qty=1 status=SUCCESS response_ms=54
2026-09-19T11:40:15.270+05:30 INFO  [auth-service] txn_id=TXN-102304 customer_id=C10589 action=login status=SUCCESS response_ms=196
2026-09-19T11:40:44.142+05:30 INFO  [cart-service] txn_id=TXN-102305 customer_id=C10589 action=addtocart product_id=NM-2003 qty=1 status=SUCCESS response_ms=65
2026-09-19T11:54:45.194+05:30 INFO  [cart-service] txn_id=TXN-102310 customer_id=C10247 action=addtocart product_id=NM-1005 qty=2 status=SUCCESS response_ms=132
2026-09-19T11:56:36.342+05:30 INFO  [order-service] txn_id=TXN-102311 customer_id=C10247 action=checkout order_id=ORD-550767 product_id=NM-1005 qty=2 amount=9998.00 payment_method=CARD status=SUCCESS response_ms=342 region=North
2026-09-19T11:57:23.043+05:30 INFO  [cart-service] txn_id=TXN-102312 customer_id=C10644 action=addtocart product_id=NM-1003 qty=1 status=SUCCESS response_ms=144
2026-09-19T11:58:58.281+05:30 INFO  [cart-service] txn_id=TXN-102306 customer_id=C10035 action=addtocart product_id=NM-6002 qty=1 status=SUCCESS response_ms=50
2026-09-19T11:59:03.288+05:30 INFO  [order-service] txn_id=TXN-102313 customer_id=C10644 action=checkout order_id=ORD-550768 product_id=NM-1003 qty=1 amount=1799.00 payment_method=CARD status=SUCCESS response_ms=288 region=West
2026-09-19T12:00:01.000+05:30 INFO  [platform] Heartbeat OK services=5 jvm_heap_used_pct=61
2026-09-19T12:01:30.073+05:30 INFO  [cart-service] txn_id=TXN-102315 customer_id=C10023 action=addtocart product_id=NM-2003 qty=1 status=SUCCESS response_ms=151
2026-09-19T12:02:24.293+05:30 INFO  [order-service] txn_id=TXN-102316 customer_id=C10023 action=checkout order_id=ORD-550769 product_id=NM-2003 qty=1 amount=2999.00 payment_method=COD status=SUCCESS response_ms=293 region=North
2026-09-19T12:07:19.124+05:30 INFO  [cart-service] txn_id=TXN-102331 customer_id=C10366 action=addtocart product_id=NM-6001 qty=1 status=SUCCESS response_ms=176
2026-09-19T12:07:55.310+05:30 INFO  [order-service] txn_id=TXN-102332 customer_id=C10366 action=checkout order_id=ORD-550775 product_id=NM-6001 qty=1 amount=349.00 payment_method=NETBANKING status=SUCCESS response_ms=310 region=South
2026-09-19T12:14:39.156+05:30 INFO  [auth-service] txn_id=TXN-102319 customer_id=C10155 action=login status=SUCCESS response_ms=129
2026-09-19T12:14:55.272+05:30 INFO  [cart-service] txn_id=TXN-102320 customer_id=C10155 action=addtocart product_id=NM-2003 qty=1 status=SUCCESS response_ms=106
2026-09-19T12:15:57.031+05:30 INFO  [cart-service] txn_id=TXN-102321 customer_id=C10491 action=addtocart product_id=NM-1003 qty=1 status=SUCCESS response_ms=70
2026-09-19T12:16:44.360+05:30 INFO  [order-service] txn_id=TXN-102322 customer_id=C10491 action=checkout order_id=ORD-550771 product_id=NM-1003 qty=1 amount=1799.00 payment_method=CARD status=SUCCESS response_ms=360 region=North
2026-09-19T12:24:59.291+05:30 INFO  [cart-service] txn_id=TXN-102329 customer_id=C10596 action=addtocart product_id=NM-2003 qty=1 status=SUCCESS response_ms=68
2026-09-19T12:25:38.277+05:30 INFO  [order-service] txn_id=TXN-102330 customer_id=C10596 action=checkout order_id=ORD-550774 product_id=NM-2003 qty=1 amount=2999.00 payment_method=UPI status=SUCCESS response_ms=277 region=North
2026-09-19T12:32:34.024+05:30 INFO  [cart-service] txn_id=TXN-102327 customer_id=C10164 action=addtocart product_id=NM-4002 qty=1 status=SUCCESS response_ms=32
2026-09-19T12:33:19.357+05:30 INFO  [order-service] txn_id=TXN-102328 customer_id=C10164 action=checkout order_id=ORD-550773 product_id=NM-4002 qty=1 amount=399.00 payment_method=NETBANKING status=SUCCESS response_ms=357 region=North
2026-09-19T12:42:33.000+05:30 WARN  [inventory-service] Low stock alert product_id=NM-5001 remaining=7 warehouse=WH-MUM
2026-09-19T12:44:18.124+05:30 INFO  [cart-service] txn_id=TXN-102325 customer_id=C10424 action=addtocart product_id=NM-4002 qty=3 status=SUCCESS response_ms=73
2026-09-19T12:45:13.135+05:30 WARN  [order-service] txn_id=TXN-102326 customer_id=C10424 action=checkout order_id=ORD-550772 product_id=NM-4002 qty=3 amount=1197.00 payment_method=CARD status=DECLINED error_code=PAY_DECLINED response_ms=135 region=West
2026-09-19T12:50:31.255+05:30 INFO  [auth-service] txn_id=TXN-102323 customer_id=C10101 action=login status=SUCCESS response_ms=171
2026-09-19T12:51:09.083+05:30 INFO  [cart-service] txn_id=TXN-102324 customer_id=C10101 action=addtocart product_id=NM-6001 qty=1 status=SUCCESS response_ms=40
2026-09-19T12:56:23.292+05:30 INFO  [cart-service] txn_id=TXN-102317 customer_id=C10021 action=addtocart product_id=NM-1005 qty=2 status=SUCCESS response_ms=110
2026-09-19T12:58:30.258+05:30 INFO  [order-service] txn_id=TXN-102318 customer_id=C10021 action=checkout order_id=ORD-550770 product_id=NM-1005 qty=2 amount=9998.00 payment_method=CARD status=SUCCESS response_ms=258 region=South
2026-09-19T13:00:02.000+05:30 INFO  [platform] Heartbeat OK services=5 jvm_heap_used_pct=39
2026-09-19T13:03:53.259+05:30 INFO  [auth-service] txn_id=TXN-102333 customer_id=C10528 action=login status=SUCCESS response_ms=55
2026-09-19T13:04:28.057+05:30 INFO  [cart-service] txn_id=TXN-102334 customer_id=C10528 action=addtocart product_id=NM-6002 qty=3 status=SUCCESS response_ms=111
2026-09-19T13:20:10.131+05:30 INFO  [cart-service] txn_id=TXN-102338 customer_id=C10487 action=addtocart product_id=NM-1002 qty=1 status=SUCCESS response_ms=39
2026-09-19T13:20:40.199+05:30 INFO  [order-service] txn_id=TXN-102339 customer_id=C10487 action=checkout order_id=ORD-550777 product_id=NM-1002 qty=1 amount=2499.00 payment_method=CARD status=SUCCESS response_ms=199 region=North
2026-09-19T13:27:17.243+05:30 INFO  [cart-service] txn_id=TXN-102335 customer_id=C10034 action=addtocart product_id=NM-1002 qty=1 status=SUCCESS response_ms=118
2026-09-19T13:27:32.246+05:30 INFO  [cart-service] txn_id=TXN-102344 customer_id=C10279 action=addtocart product_id=NM-3001 qty=2 status=SUCCESS response_ms=165
2026-09-19T13:28:20.395+05:30 INFO  [order-service] txn_id=TXN-102345 customer_id=C10279 action=checkout order_id=ORD-550779 product_id=NM-3001 qty=2 amount=6998.00 payment_method=CARD status=SUCCESS response_ms=395 region=North
2026-09-19T13:28:41.215+05:30 INFO  [order-service] txn_id=TXN-102336 customer_id=C10034 action=checkout order_id=ORD-550776 product_id=NM-1002 qty=1 amount=2499.00 payment_method=UPI status=SUCCESS response_ms=215 region=South
2026-09-19T13:43:25.047+05:30 INFO  [cart-service] txn_id=TXN-102337 customer_id=C10593 action=addtocart product_id=NM-3003 qty=1 status=SUCCESS response_ms=87
2026-09-19T13:54:52.179+05:30 INFO  [auth-service] txn_id=TXN-102341 customer_id=C10142 action=login status=SUCCESS response_ms=213
2026-09-19T13:55:01.277+05:30 INFO  [cart-service] txn_id=TXN-102342 customer_id=C10142 action=addtocart product_id=NM-2002 qty=1 status=SUCCESS response_ms=126
2026-09-19T13:56:21.442+05:30 INFO  [order-service] txn_id=TXN-102343 customer_id=C10142 action=checkout order_id=ORD-550778 product_id=NM-2002 qty=1 amount=1899.00 payment_method=UPI status=SUCCESS response_ms=442 region=North
2026-09-19T14:00:01.000+05:30 INFO  [platform] Heartbeat OK services=5 jvm_heap_used_pct=63
2026-09-19T14:00:31.220+05:30 INFO  [cart-service] txn_id=TXN-102340 customer_id=C10552 action=addtocart product_id=NM-6001 qty=1 status=SUCCESS response_ms=39
2026-09-19T14:01:57.164+05:30 INFO  [auth-service] txn_id=TXN-102354 customer_id=C10603 action=login status=SUCCESS response_ms=210
2026-09-19T14:02:17.027+05:30 INFO  [cart-service] txn_id=TXN-102355 customer_id=C10603 action=addtocart product_id=NM-1002 qty=1 status=SUCCESS response_ms=105
2026-09-19T14:03:50.142+05:30 INFO  [cart-service] txn_id=TXN-102346 customer_id=C10184 action=addtocart product_id=NM-1002 qty=1 status=SUCCESS response_ms=172
2026-09-19T14:05:11.399+05:30 INFO  [order-service] txn_id=TXN-102347 customer_id=C10184 action=checkout order_id=ORD-550780 product_id=NM-1002 qty=1 amount=2499.00 payment_method=UPI status=SUCCESS response_ms=399 region=West
2026-09-19T14:17:50.236+05:30 INFO  [auth-service] txn_id=TXN-102349 customer_id=C10585 action=login status=SUCCESS response_ms=60
2026-09-19T14:17:56.204+05:30 INFO  [cart-service] txn_id=TXN-102350 customer_id=C10585 action=addtocart product_id=NM-5002 qty=1 status=SUCCESS response_ms=112
2026-09-19T14:19:25.361+05:30 INFO  [order-service] txn_id=TXN-102351 customer_id=C10585 action=checkout order_id=ORD-550781 product_id=NM-5002 qty=1 amount=3999.00 payment_method=CARD status=SUCCESS response_ms=361 region=South
2026-09-19T14:24:49.000+05:30 WARN  [inventory-service] Low stock alert product_id=NM-1002 remaining=2 warehouse=WH-DEL
2026-09-19T14:25:00.140+05:30 INFO  [cart-service] txn_id=TXN-102348 customer_id=C10628 action=addtocart product_id=NM-2001 qty=1 status=SUCCESS response_ms=177
2026-09-19T14:55:42.239+05:30 INFO  [cart-service] txn_id=TXN-102352 customer_id=C10583 action=addtocart product_id=NM-5002 qty=1 status=SUCCESS response_ms=145
2026-09-19T14:57:25.475+05:30 INFO  [order-service] txn_id=TXN-102353 customer_id=C10583 action=checkout order_id=ORD-550782 product_id=NM-5002 qty=1 amount=3999.00 payment_method=UPI status=SUCCESS response_ms=475 region=North
2026-09-19T15:00:00.000+05:30 INFO  [platform] Heartbeat OK services=5 jvm_heap_used_pct=41
2026-09-19T15:06:59.168+05:30 INFO  [cart-service] txn_id=TXN-102360 customer_id=C10400 action=addtocart product_id=NM-2002 qty=1 status=SUCCESS response_ms=76
2026-09-19T15:07:33.063+05:30 INFO  [cart-service] txn_id=TXN-102356 customer_id=C10237 action=addtocart product_id=NM-2001 qty=1 status=SUCCESS response_ms=119
2026-09-19T15:07:48.476+05:30 INFO  [order-service] txn_id=TXN-102361 customer_id=C10400 action=checkout order_id=ORD-550785 product_id=NM-2002 qty=1 amount=1899.00 payment_method=UPI status=SUCCESS response_ms=476 region=North
2026-09-19T15:08:16.256+05:30 INFO  [order-service] txn_id=TXN-102357 customer_id=C10237 action=checkout order_id=ORD-550783 product_id=NM-2001 qty=1 amount=1499.00 payment_method=UPI status=SUCCESS response_ms=256 region=West
2026-09-19T15:21:00.096+05:30 INFO  [auth-service] txn_id=TXN-102364 customer_id=C10138 action=login status=SUCCESS response_ms=94
2026-09-19T15:21:32.206+05:30 INFO  [cart-service] txn_id=TXN-102365 customer_id=C10138 action=addtocart product_id=NM-2002 qty=1 status=SUCCESS response_ms=179
2026-09-19T15:32:13.104+05:30 INFO  [cart-service] txn_id=TXN-102358 customer_id=C10500 action=addtocart product_id=NM-1004 qty=1 status=SUCCESS response_ms=136
2026-09-19T15:34:08.187+05:30 INFO  [order-service] txn_id=TXN-102359 customer_id=C10500 action=checkout order_id=ORD-550784 product_id=NM-1004 qty=1 amount=27999.00 payment_method=COD status=SUCCESS response_ms=187 region=West
2026-09-19T15:43:09.212+05:30 INFO  [cart-service] txn_id=TXN-102366 customer_id=C10632 action=addtocart product_id=NM-6002 qty=1 status=SUCCESS response_ms=32
2026-09-19T15:43:36.348+05:30 INFO  [order-service] txn_id=TXN-102367 customer_id=C10632 action=checkout order_id=ORD-550786 product_id=NM-6002 qty=1 amount=799.00 payment_method=CARD status=SUCCESS response_ms=348 region=North
2026-09-19T15:49:37.245+05:30 INFO  [auth-service] txn_id=TXN-102362 customer_id=C10157 action=login status=SUCCESS response_ms=188
2026-09-19T15:49:44.076+05:30 INFO  [cart-service] txn_id=TXN-102363 customer_id=C10157 action=addtocart product_id=NM-1005 qty=3 status=SUCCESS response_ms=144
2026-09-19T16:00:02.000+05:30 INFO  [platform] Heartbeat OK services=5 jvm_heap_used_pct=65
2026-09-19T16:21:44.000+05:30 ERROR [search-service] Elasticsearch query failed: connection reset by peer (node=es-data-02)
2026-09-19T16:24:42.066+05:30 INFO  [cart-service] txn_id=TXN-102370 customer_id=C10381 action=addtocart product_id=NM-1001 qty=1 status=SUCCESS response_ms=69
2026-09-19T16:45:54.298+05:30 INFO  [cart-service] txn_id=TXN-102368 customer_id=C10358 action=addtocart product_id=NM-1005 qty=1 status=SUCCESS response_ms=119
2026-09-19T16:47:39.000+05:30 ERROR [search-service] Elasticsearch query failed: connection reset by peer (node=es-data-02)
2026-09-19T16:55:07.079+05:30 INFO  [cart-service] txn_id=TXN-102369 customer_id=C10582 action=addtocart product_id=NM-3001 qty=3 status=SUCCESS response_ms=159
2026-09-19T16:58:10.241+05:30 INFO  [cart-service] txn_id=TXN-102371 customer_id=C10405 action=addtocart product_id=NM-1005 qty=1 status=SUCCESS response_ms=130
2026-09-19T16:58:50.260+05:30 INFO  [auth-service] txn_id=TXN-102373 customer_id=C10302 action=login status=SUCCESS response_ms=191
2026-09-19T16:58:52.308+05:30 INFO  [order-service] txn_id=TXN-102372 customer_id=C10405 action=checkout order_id=ORD-550787 product_id=NM-1005 qty=1 amount=4999.00 payment_method=UPI status=SUCCESS response_ms=308 region=West
2026-09-19T16:59:13.116+05:30 INFO  [cart-service] txn_id=TXN-102374 customer_id=C10302 action=addtocart product_id=NM-1001 qty=1 status=SUCCESS response_ms=36
2026-09-19T16:59:44.160+05:30 INFO  [order-service] txn_id=TXN-102375 customer_id=C10302 action=checkout order_id=ORD-550788 product_id=NM-1001 qty=1 amount=18999.00 payment_method=CARD status=SUCCESS response_ms=160 region=South
2026-09-19T17:00:02.000+05:30 INFO  [platform] Heartbeat OK services=5 jvm_heap_used_pct=39
2026-09-19T17:17:27.021+05:30 INFO  [auth-service] txn_id=TXN-102382 customer_id=C10170 action=login status=SUCCESS response_ms=129
2026-09-19T17:17:54.053+05:30 INFO  [cart-service] txn_id=TXN-102383 customer_id=C10170 action=addtocart product_id=NM-6001 qty=1 status=SUCCESS response_ms=136
2026-09-19T17:18:36.379+05:30 INFO  [order-service] txn_id=TXN-102384 customer_id=C10170 action=checkout order_id=ORD-550790 product_id=NM-6001 qty=1 amount=349.00 payment_method=UPI status=SUCCESS response_ms=379 region=South
2026-09-19T17:22:55.201+05:30 INFO  [cart-service] txn_id=TXN-102376 customer_id=C10481 action=addtocart product_id=NM-2002 qty=1 status=SUCCESS response_ms=72
2026-09-19T17:28:38.117+05:30 INFO  [cart-service] txn_id=TXN-102379 customer_id=C10087 action=addtocart product_id=NM-6002 qty=1 status=SUCCESS response_ms=148
2026-09-19T17:29:16.242+05:30 INFO  [order-service] txn_id=TXN-102380 customer_id=C10087 action=checkout order_id=ORD-550789 product_id=NM-6002 qty=1 amount=799.00 payment_method=UPI status=SUCCESS response_ms=242 region=North
2026-09-19T17:38:06.199+05:30 INFO  [auth-service] txn_id=TXN-102377 customer_id=C10280 action=login status=SUCCESS response_ms=166
2026-09-19T17:38:23.044+05:30 INFO  [cart-service] txn_id=TXN-102378 customer_id=C10280 action=addtocart product_id=NM-1001 qty=1 status=SUCCESS response_ms=151
2026-09-19T17:45:41.089+05:30 INFO  [auth-service] txn_id=TXN-102385 customer_id=C10601 action=login status=SUCCESS response_ms=101
2026-09-19T17:45:52.240+05:30 INFO  [cart-service] txn_id=TXN-102386 customer_id=C10601 action=addtocart product_id=NM-5001 qty=1 status=SUCCESS response_ms=138
2026-09-19T17:46:58.392+05:30 INFO  [order-service] txn_id=TXN-102387 customer_id=C10601 action=checkout order_id=ORD-550791 product_id=NM-5001 qty=1 amount=1299.00 payment_method=WALLET status=SUCCESS response_ms=392 region=South
2026-09-19T17:53:58.182+05:30 INFO  [cart-service] txn_id=TXN-102381 customer_id=C10553 action=addtocart product_id=NM-2004 qty=1 status=SUCCESS response_ms=47
2026-09-19T18:00:00.000+05:30 INFO  [platform] Heartbeat OK services=5 jvm_heap_used_pct=65
2026-09-19T18:16:54.091+05:30 INFO  [cart-service] txn_id=TXN-102395 customer_id=C10259 action=addtocart product_id=NM-1002 qty=2 status=SUCCESS response_ms=161
2026-09-19T18:18:30.152+05:30 INFO  [order-service] txn_id=TXN-102396 customer_id=C10259 action=checkout order_id=ORD-550794 product_id=NM-1002 qty=2 amount=4998.00 payment_method=CARD status=SUCCESS response_ms=152 region=North
2026-09-19T18:20:48.181+05:30 INFO  [cart-service] txn_id=TXN-102400 customer_id=C10166 action=addtocart product_id=NM-6002 qty=1 status=SUCCESS response_ms=71
2026-09-19T18:22:14.219+05:30 INFO  [cart-service] txn_id=TXN-102391 customer_id=C10352 action=addtocart product_id=NM-5001 qty=1 status=SUCCESS response_ms=163
2026-09-19T18:23:41.426+05:30 INFO  [order-service] txn_id=TXN-102392 customer_id=C10352 action=checkout order_id=ORD-550793 product_id=NM-5001 qty=1 amount=1299.00 payment_method=CARD status=SUCCESS response_ms=426 region=North
2026-09-19T18:25:01.110+05:30 INFO  [auth-service] txn_id=TXN-102397 customer_id=C10604 action=login status=SUCCESS response_ms=113
2026-09-19T18:25:20.108+05:30 INFO  [cart-service] txn_id=TXN-102398 customer_id=C10604 action=addtocart product_id=NM-3002 qty=1 status=SUCCESS response_ms=163
2026-09-19T18:26:57.319+05:30 INFO  [order-service] txn_id=TXN-102399 customer_id=C10604 action=checkout order_id=ORD-550795 product_id=NM-3002 qty=1 amount=5999.00 payment_method=CARD status=SUCCESS response_ms=319 region=North
2026-09-19T18:28:41.099+05:30 INFO  [auth-service] txn_id=TXN-102388 customer_id=C10506 action=login status=SUCCESS response_ms=107
2026-09-19T18:29:14.165+05:30 INFO  [cart-service] txn_id=TXN-102389 customer_id=C10506 action=addtocart product_id=NM-2001 qty=2 status=SUCCESS response_ms=173
2026-09-19T18:29:56.224+05:30 INFO  [auth-service] txn_id=TXN-102393 customer_id=C10306 action=login status=SUCCESS response_ms=159
2026-09-19T18:30:31.126+05:30 INFO  [cart-service] txn_id=TXN-102394 customer_id=C10306 action=addtocart product_id=NM-5001 qty=1 status=SUCCESS response_ms=109
2026-09-19T18:30:58.322+05:30 WARN  [order-service] txn_id=TXN-102390 customer_id=C10506 action=checkout order_id=ORD-550792 product_id=NM-2001 qty=2 amount=2998.00 payment_method=CARD status=DECLINED error_code=PAY_DECLINED response_ms=322 region=South
2026-09-19T18:40:02.000+05:30 WARN  [inventory-service] Low stock alert product_id=NM-5002 remaining=2 warehouse=WH-DEL
2026-09-19T18:40:57.000+05:30 WARN  [inventory-service] Low stock alert product_id=NM-2003 remaining=8 warehouse=WH-BLR
2026-09-19T18:53:41.108+05:30 INFO  [auth-service] txn_id=TXN-102401 customer_id=C10602 action=login status=SUCCESS response_ms=121
2026-09-19T18:54:12.039+05:30 INFO  [cart-service] txn_id=TXN-102402 customer_id=C10602 action=addtocart product_id=NM-6002 qty=1 status=SUCCESS response_ms=169
2026-09-19T18:55:22.234+05:30 INFO  [order-service] txn_id=TXN-102403 customer_id=C10602 action=checkout order_id=ORD-550796 product_id=NM-6002 qty=1 amount=799.00 payment_method=WALLET status=SUCCESS response_ms=234 region=North
2026-09-19T19:00:02.000+05:30 INFO  [platform] Heartbeat OK services=5 jvm_heap_used_pct=46
2026-09-19T19:03:03.139+05:30 INFO  [cart-service] txn_id=TXN-102425 customer_id=C10078 action=addtocart product_id=NM-3003 qty=1 status=SUCCESS response_ms=151
2026-09-19T19:04:34.184+05:30 INFO  [order-service] txn_id=TXN-102426 customer_id=C10078 action=checkout order_id=ORD-550803 product_id=NM-3003 qty=1 amount=1199.00 payment_method=CARD status=SUCCESS response_ms=184 region=North
2026-09-19T19:06:38.060+05:30 INFO  [cart-service] txn_id=TXN-102413 customer_id=C10365 action=addtocart product_id=NM-5002 qty=1 status=SUCCESS response_ms=164
2026-09-19T19:07:42.426+05:30 INFO  [order-service] txn_id=TXN-102414 customer_id=C10365 action=checkout order_id=ORD-550799 product_id=NM-5002 qty=1 amount=3999.00 payment_method=CARD status=SUCCESS response_ms=426 region=South
2026-09-19T19:12:31.145+05:30 INFO  [cart-service] txn_id=TXN-102408 customer_id=C10094 action=addtocart product_id=NM-6001 qty=1 status=SUCCESS response_ms=69
2026-09-19T19:13:36.247+05:30 INFO  [order-service] txn_id=TXN-102409 customer_id=C10094 action=checkout order_id=ORD-550798 product_id=NM-6001 qty=1 amount=349.00 payment_method=NETBANKING status=SUCCESS response_ms=247 region=North
2026-09-19T19:14:31.131+05:30 INFO  [cart-service] txn_id=TXN-102411 customer_id=C10007 action=addtocart product_id=NM-2002 qty=1 status=SUCCESS response_ms=88
2026-09-19T19:26:08.233+05:30 INFO  [cart-service] txn_id=TXN-102407 customer_id=C10255 action=addtocart product_id=NM-1003 qty=1 status=SUCCESS response_ms=43
2026-09-19T19:30:45.221+05:30 INFO  [cart-service] txn_id=TXN-102423 customer_id=C10251 action=addtocart product_id=NM-2004 qty=1 status=SUCCESS response_ms=138
2026-09-19T19:32:28.307+05:30 INFO  [order-service] txn_id=TXN-102424 customer_id=C10251 action=checkout order_id=ORD-550802 product_id=NM-2004 qty=1 amount=2299.00 payment_method=WALLET status=SUCCESS response_ms=307 region=West
2026-09-19T19:32:53.000+05:30 ERROR [search-service] Elasticsearch query failed: connection reset by peer (node=es-data-02)
2026-09-19T19:41:31.060+05:30 INFO  [auth-service] txn_id=TXN-102427 customer_id=C10337 action=login status=SUCCESS response_ms=150
2026-09-19T19:42:07.047+05:30 INFO  [cart-service] txn_id=TXN-102428 customer_id=C10337 action=addtocart product_id=NM-3004 qty=1 status=SUCCESS response_ms=135
2026-09-19T19:42:48.184+05:30 INFO  [auth-service] txn_id=TXN-102416 customer_id=C10370 action=login status=SUCCESS response_ms=176
2026-09-19T19:43:17.121+05:30 INFO  [cart-service] txn_id=TXN-102417 customer_id=C10370 action=addtocart product_id=NM-3003 qty=1 status=SUCCESS response_ms=90
2026-09-19T19:43:44.354+05:30 INFO  [order-service] txn_id=TXN-102418 customer_id=C10370 action=checkout order_id=ORD-550800 product_id=NM-3003 qty=1 amount=1199.00 payment_method=COD status=SUCCESS response_ms=354 region=East
2026-09-19T19:45:17.159+05:30 INFO  [cart-service] txn_id=TXN-102419 customer_id=C10533 action=addtocart product_id=NM-3002 qty=1 status=SUCCESS response_ms=136
2026-09-19T19:46:00.220+05:30 INFO  [order-service] txn_id=TXN-102420 customer_id=C10533 action=checkout order_id=ORD-550801 product_id=NM-3002 qty=1 amount=5999.00 payment_method=UPI status=SUCCESS response_ms=220 region=North
2026-09-19T19:47:39.215+05:30 INFO  [cart-service] txn_id=TXN-102410 customer_id=C10606 action=addtocart product_id=NM-2001 qty=1 status=SUCCESS response_ms=136
2026-09-19T19:47:45.233+05:30 INFO  [auth-service] txn_id=TXN-102421 customer_id=C10606 action=login status=SUCCESS response_ms=204
2026-09-19T19:48:06.245+05:30 INFO  [cart-service] txn_id=TXN-102422 customer_id=C10606 action=addtocart product_id=NM-3001 qty=3 status=SUCCESS response_ms=51
2026-09-19T19:53:20.102+05:30 INFO  [cart-service] txn_id=TXN-102415 customer_id=C10062 action=addtocart product_id=NM-5003 qty=1 status=SUCCESS response_ms=163
2026-09-19T19:57:34.149+05:30 INFO  [cart-service] txn_id=TXN-102412 customer_id=C10452 action=addtocart product_id=NM-3004 qty=1 status=SUCCESS response_ms=165
2026-09-19T20:00:02.000+05:30 INFO  [platform] Heartbeat OK services=5 jvm_heap_used_pct=43
2026-09-19T20:01:09.185+05:30 INFO  [auth-service] txn_id=TXN-102404 customer_id=C10499 action=login status=SUCCESS response_ms=116
2026-09-19T20:01:47.023+05:30 INFO  [cart-service] txn_id=TXN-102405 customer_id=C10499 action=addtocart product_id=NM-2004 qty=1 status=SUCCESS response_ms=127
2026-09-19T20:02:59.248+05:30 INFO  [order-service] txn_id=TXN-102406 customer_id=C10499 action=checkout order_id=ORD-550797 product_id=NM-2004 qty=1 amount=2299.00 payment_method=UPI status=SUCCESS response_ms=248 region=East
2026-09-19T20:13:14.169+05:30 INFO  [cart-service] txn_id=TXN-102443 customer_id=C10024 action=addtocart product_id=NM-1003 qty=1 status=SUCCESS response_ms=59
2026-09-19T20:14:00.172+05:30 INFO  [order-service] txn_id=TXN-102444 customer_id=C10024 action=checkout order_id=ORD-550808 product_id=NM-1003 qty=1 amount=1799.00 payment_method=CARD status=SUCCESS response_ms=172 region=South
2026-09-19T20:14:31.067+05:30 INFO  [cart-service] txn_id=TXN-102434 customer_id=C10458 action=addtocart product_id=NM-1001 qty=1 status=SUCCESS response_ms=165
2026-09-19T20:15:34.385+05:30 INFO  [order-service] txn_id=TXN-102435 customer_id=C10458 action=checkout order_id=ORD-550805 product_id=NM-1001 qty=1 amount=18999.00 payment_method=COD status=SUCCESS response_ms=385 region=West
2026-09-19T20:16:33.139+05:30 INFO  [cart-service] txn_id=TXN-102445 customer_id=C10426 action=addtocart product_id=NM-2001 qty=1 status=SUCCESS response_ms=174
2026-09-19T20:18:30.205+05:30 INFO  [auth-service] txn_id=TXN-102432 customer_id=C10185 action=login status=SUCCESS response_ms=116
2026-09-19T20:18:53.178+05:30 INFO  [cart-service] txn_id=TXN-102433 customer_id=C10185 action=addtocart product_id=NM-3004 qty=1 status=SUCCESS response_ms=169
2026-09-19T20:18:54.247+05:30 INFO  [cart-service] txn_id=TXN-102438 customer_id=C10105 action=addtocart product_id=NM-3004 qty=1 status=SUCCESS response_ms=117
2026-09-19T20:19:47.416+05:30 INFO  [order-service] txn_id=TXN-102439 customer_id=C10105 action=checkout order_id=ORD-550806 product_id=NM-3004 qty=1 amount=599.00 payment_method=UPI status=SUCCESS response_ms=416 region=North
2026-09-19T20:26:06.089+05:30 INFO  [auth-service] txn_id=TXN-102429 customer_id=C10487 action=login status=SUCCESS response_ms=89
2026-09-19T20:26:30.258+05:30 INFO  [cart-service] txn_id=TXN-102430 customer_id=C10487 action=addtocart product_id=NM-6001 qty=2 status=SUCCESS response_ms=99
2026-09-19T20:26:35.143+05:30 INFO  [cart-service] txn_id=TXN-102437 customer_id=C10210 action=addtocart product_id=NM-1002 qty=1 status=SUCCESS response_ms=82
2026-09-19T20:28:00.317+05:30 INFO  [order-service] txn_id=TXN-102431 customer_id=C10487 action=checkout order_id=ORD-550804 product_id=NM-6001 qty=2 amount=698.00 payment_method=COD status=SUCCESS response_ms=317 region=North
2026-09-19T20:46:09.032+05:30 INFO  [cart-service] txn_id=TXN-102436 customer_id=C10487 action=addtocart product_id=NM-2001 qty=2 status=SUCCESS response_ms=100
2026-09-19T20:46:18.256+05:30 INFO  [cart-service] txn_id=TXN-102446 customer_id=C10002 action=addtocart product_id=NM-1003 qty=2 status=SUCCESS response_ms=74
2026-09-19T20:47:43.122+05:30 INFO  [order-service] txn_id=TXN-102447 customer_id=C10002 action=checkout order_id=ORD-550809 product_id=NM-1003 qty=2 amount=3598.00 payment_method=UPI status=SUCCESS response_ms=122 region=North
2026-09-19T20:50:38.155+05:30 INFO  [auth-service] txn_id=TXN-102440 customer_id=C10522 action=login status=SUCCESS response_ms=186
2026-09-19T20:51:02.218+05:30 INFO  [cart-service] txn_id=TXN-102441 customer_id=C10522 action=addtocart product_id=NM-1001 qty=1 status=SUCCESS response_ms=86
2026-09-19T20:52:21.179+05:30 INFO  [order-service] txn_id=TXN-102442 customer_id=C10522 action=checkout order_id=ORD-550807 product_id=NM-1001 qty=1 amount=18999.00 payment_method=CARD status=SUCCESS response_ms=179 region=North
2026-09-19T20:55:23.064+05:30 INFO  [auth-service] txn_id=TXN-102448 customer_id=C10583 action=login status=SUCCESS response_ms=193
2026-09-19T20:56:01.212+05:30 INFO  [cart-service] txn_id=TXN-102449 customer_id=C10583 action=addtocart product_id=NM-1005 qty=1 status=SUCCESS response_ms=161
2026-09-19T21:00:02.000+05:30 INFO  [platform] Heartbeat OK services=5 jvm_heap_used_pct=38
2026-09-19T21:05:36.084+05:30 INFO  [cart-service] txn_id=TXN-102466 customer_id=C10060 action=addtocart product_id=NM-2003 qty=2 status=SUCCESS response_ms=88
2026-09-19T21:06:36.457+05:30 INFO  [order-service] txn_id=TXN-102467 customer_id=C10060 action=checkout order_id=ORD-550813 product_id=NM-2003 qty=2 amount=5998.00 payment_method=UPI status=SUCCESS response_ms=457 region=West
2026-09-19T21:07:23.274+05:30 INFO  [cart-service] txn_id=TXN-102464 customer_id=C10120 action=addtocart product_id=NM-3004 qty=1 status=SUCCESS response_ms=172
2026-09-19T21:09:11.091+05:30 INFO  [cart-service] txn_id=TXN-102470 customer_id=C10401 action=addtocart product_id=NM-5001 qty=1 status=SUCCESS response_ms=112
2026-09-19T21:12:57.141+05:30 INFO  [auth-service] txn_id=TXN-102451 customer_id=C10497 action=login status=SUCCESS response_ms=159
2026-09-19T21:13:12.204+05:30 INFO  [cart-service] txn_id=TXN-102452 customer_id=C10497 action=addtocart product_id=NM-6001 qty=1 status=SUCCESS response_ms=123
2026-09-19T21:30:02.199+05:30 INFO  [cart-service] txn_id=TXN-102455 customer_id=C10270 action=addtocart product_id=NM-2002 qty=2 status=SUCCESS response_ms=99
2026-09-19T21:30:45.190+05:30 INFO  [cart-service] txn_id=TXN-102459 customer_id=C10505 action=addtocart product_id=NM-5003 qty=1 status=SUCCESS response_ms=175
2026-09-19T21:31:46.352+05:30 INFO  [order-service] txn_id=TXN-102460 customer_id=C10505 action=checkout order_id=ORD-550811 product_id=NM-5003 qty=1 amount=6499.00 payment_method=UPI status=SUCCESS response_ms=352 region=East
2026-09-19T21:33:14.228+05:30 INFO  [cart-service] txn_id=TXN-102458 customer_id=C10034 action=addtocart product_id=NM-1001 qty=1 status=SUCCESS response_ms=153
2026-09-19T21:35:38.254+05:30 INFO  [cart-service] txn_id=TXN-102468 customer_id=C10054 action=addtocart product_id=NM-2001 qty=1 status=SUCCESS response_ms=121
2026-09-19T21:35:40.215+05:30 INFO  [cart-service] txn_id=TXN-102454 customer_id=C10525 action=addtocart product_id=NM-3002 qty=2 status=SUCCESS response_ms=100
2026-09-19T21:36:38.329+05:30 INFO  [order-service] txn_id=TXN-102469 customer_id=C10054 action=checkout order_id=ORD-550814 product_id=NM-2001 qty=1 amount=1499.00 payment_method=UPI status=SUCCESS response_ms=329 region=South
2026-09-19T21:41:41.073+05:30 INFO  [cart-service] txn_id=TXN-102453 customer_id=C10253 action=addtocart product_id=NM-6001 qty=1 status=SUCCESS response_ms=92
2026-09-19T21:46:16.218+05:30 INFO  [cart-service] txn_id=TXN-102463 customer_id=C10272 action=addtocart product_id=NM-1002 qty=1 status=SUCCESS response_ms=89
2026-09-19T21:49:33.083+05:30 INFO  [cart-service] txn_id=TXN-102461 customer_id=C10205 action=addtocart product_id=NM-1005 qty=1 status=SUCCESS response_ms=143
2026-09-19T21:49:34.064+05:30 INFO  [cart-service] txn_id=TXN-102456 customer_id=C10514 action=addtocart product_id=NM-5002 qty=1 status=SUCCESS response_ms=145
2026-09-19T21:50:26.334+05:30 INFO  [order-service] txn_id=TXN-102457 customer_id=C10514 action=checkout order_id=ORD-550810 product_id=NM-5002 qty=1 amount=3999.00 payment_method=UPI status=SUCCESS response_ms=334 region=East
2026-09-19T21:50:34.149+05:30 INFO  [order-service] txn_id=TXN-102462 customer_id=C10205 action=checkout order_id=ORD-550812 product_id=NM-1005 qty=1 amount=4999.00 payment_method=UPI status=SUCCESS response_ms=149 region=South
2026-09-19T21:54:05.134+05:30 INFO  [cart-service] txn_id=TXN-102465 customer_id=C10304 action=addtocart product_id=NM-1003 qty=2 status=SUCCESS response_ms=91
2026-09-19T22:00:01.000+05:30 INFO  [platform] Heartbeat OK services=5 jvm_heap_used_pct=69
2026-09-19T22:01:00.114+05:30 INFO  [cart-service] txn_id=TXN-102450 customer_id=C10425 action=addtocart product_id=NM-2003 qty=3 status=SUCCESS response_ms=136
2026-09-19T22:19:05.000+05:30 ERROR [search-service] Elasticsearch query failed: connection reset by peer (node=es-data-02)
2026-09-19T22:20:10.151+05:30 INFO  [cart-service] txn_id=TXN-102471 customer_id=C10572 action=addtocart product_id=NM-2002 qty=1 status=SUCCESS response_ms=43
2026-09-19T22:21:32.267+05:30 INFO  [cart-service] txn_id=TXN-102480 customer_id=C10157 action=addtocart product_id=NM-2001 qty=1 status=SUCCESS response_ms=126
2026-09-19T22:22:01.202+05:30 INFO  [order-service] txn_id=TXN-102472 customer_id=C10572 action=checkout order_id=ORD-550815 product_id=NM-2002 qty=1 amount=1899.00 payment_method=COD status=SUCCESS response_ms=202 region=West
2026-09-19T22:39:48.241+05:30 INFO  [auth-service] txn_id=TXN-102478 customer_id=C10430 action=login status=SUCCESS response_ms=84
2026-09-19T22:40:23.151+05:30 INFO  [cart-service] txn_id=TXN-102479 customer_id=C10430 action=addtocart product_id=NM-3004 qty=3 status=SUCCESS response_ms=49
2026-09-19T22:43:11.000+05:30 WARN  [inventory-service] Low stock alert product_id=NM-1005 remaining=8 warehouse=WH-BLR
2026-09-19T22:49:52.198+05:30 INFO  [cart-service] txn_id=TXN-102477 customer_id=C10315 action=addtocart product_id=NM-6002 qty=1 status=SUCCESS response_ms=161
2026-09-19T22:55:56.021+05:30 INFO  [cart-service] txn_id=TXN-102473 customer_id=C10288 action=addtocart product_id=NM-2002 qty=2 status=SUCCESS response_ms=149
2026-09-19T22:58:04.194+05:30 INFO  [auth-service] txn_id=TXN-102474 customer_id=C10239 action=login status=SUCCESS response_ms=103
2026-09-19T22:58:15.033+05:30 INFO  [cart-service] txn_id=TXN-102475 customer_id=C10239 action=addtocart product_id=NM-2002 qty=1 status=SUCCESS response_ms=73
2026-09-19T22:59:13.424+05:30 INFO  [order-service] txn_id=TXN-102476 customer_id=C10239 action=checkout order_id=ORD-550816 product_id=NM-2002 qty=1 amount=1899.00 payment_method=UPI status=SUCCESS response_ms=424 region=West
2026-09-19T23:00:00.000+05:30 INFO  [platform] Heartbeat OK services=5 jvm_heap_used_pct=71
2026-09-19T23:05:01.147+05:30 INFO  [cart-service] txn_id=TXN-102484 customer_id=C10380 action=addtocart product_id=NM-1001 qty=1 status=SUCCESS response_ms=59
2026-09-19T23:05:29.148+05:30 INFO  [cart-service] txn_id=TXN-102483 customer_id=C10209 action=addtocart product_id=NM-3002 qty=1 status=SUCCESS response_ms=161
2026-09-19T23:06:34.200+05:30 INFO  [order-service] txn_id=TXN-102485 customer_id=C10380 action=checkout order_id=ORD-550818 product_id=NM-1001 qty=1 amount=18999.00 payment_method=CARD status=SUCCESS response_ms=200 region=South
2026-09-19T23:11:41.000+05:30 WARN  [inventory-service] Low stock alert product_id=NM-1004 remaining=6 warehouse=WH-MUM
2026-09-19T23:29:23.193+05:30 INFO  [cart-service] txn_id=TXN-102486 customer_id=C10143 action=addtocart product_id=NM-1005 qty=1 status=SUCCESS response_ms=108
2026-09-19T23:30:00.317+05:30 INFO  [order-service] txn_id=TXN-102487 customer_id=C10143 action=checkout order_id=ORD-550819 product_id=NM-1005 qty=1 amount=4999.00 payment_method=CARD status=SUCCESS response_ms=317 region=South
2026-09-19T23:37:46.067+05:30 INFO  [cart-service] txn_id=TXN-102489 customer_id=C10174 action=addtocart product_id=NM-3004 qty=1 status=SUCCESS response_ms=40
2026-09-19T23:39:04.408+05:30 INFO  [order-service] txn_id=TXN-102490 customer_id=C10174 action=checkout order_id=ORD-550820 product_id=NM-3004 qty=1 amount=599.00 payment_method=COD status=SUCCESS response_ms=408 region=North
2026-09-19T23:41:03.229+05:30 INFO  [cart-service] txn_id=TXN-102481 customer_id=C10334 action=addtocart product_id=NM-1002 qty=1 status=SUCCESS response_ms=69
2026-09-19T23:43:06.144+05:30 INFO  [order-service] txn_id=TXN-102482 customer_id=C10334 action=checkout order_id=ORD-550817 product_id=NM-1002 qty=1 amount=2499.00 payment_method=UPI status=SUCCESS response_ms=144 region=East
2026-09-19T23:55:58.287+05:30 INFO  [cart-service] txn_id=TXN-102488 customer_id=C10276 action=addtocart product_id=NM-1002 qty=1 status=SUCCESS response_ms=46
2026-09-20T00:00:02.000+05:30 INFO  [platform] Heartbeat OK services=5 jvm_heap_used_pct=45
2026-09-20T00:24:36.235+05:30 INFO  [auth-service] txn_id=TXN-102491 customer_id=C10594 action=login status=SUCCESS response_ms=156
2026-09-20T00:25:01.087+05:30 INFO  [cart-service] txn_id=TXN-102492 customer_id=C10594 action=addtocart product_id=NM-1001 qty=1 status=SUCCESS response_ms=163
2026-09-20T00:46:38.108+05:30 INFO  [cart-service] txn_id=TXN-102493 customer_id=C10507 action=addtocart product_id=NM-1005 qty=1 status=SUCCESS response_ms=67
2026-09-20T00:48:07.339+05:30 INFO  [order-service] txn_id=TXN-102494 customer_id=C10507 action=checkout order_id=ORD-550821 product_id=NM-1005 qty=1 amount=4999.00 payment_method=UPI status=SUCCESS response_ms=339 region=North
2026-09-20T00:50:03.000+05:30 WARN  [inventory-service] Low stock alert product_id=NM-2001 remaining=4 warehouse=WH-MUM
2026-09-20T01:00:02.000+05:30 INFO  [platform] Heartbeat OK services=5 jvm_heap_used_pct=59
2026-09-20T01:18:27.000+05:30 WARN  [inventory-service] Low stock alert product_id=NM-5003 remaining=3 warehouse=WH-MUM
2026-09-20T02:00:02.000+05:30 INFO  [platform] Heartbeat OK services=5 jvm_heap_used_pct=66
2026-09-20T02:58:47.073+05:30 INFO  [auth-service] txn_id=TXN-102495 customer_id=C10475 action=login status=SUCCESS response_ms=116
2026-09-20T02:58:49.276+05:30 INFO  [cart-service] txn_id=TXN-102496 customer_id=C10475 action=addtocart product_id=NM-3003 qty=1 status=SUCCESS response_ms=82
2026-09-20T02:59:36.210+05:30 INFO  [order-service] txn_id=TXN-102497 customer_id=C10475 action=checkout order_id=ORD-550822 product_id=NM-3003 qty=1 amount=1199.00 payment_method=UPI status=SUCCESS response_ms=210 region=West
2026-09-20T03:00:02.000+05:30 INFO  [platform] Heartbeat OK services=5 jvm_heap_used_pct=44
2026-09-20T03:20:22.000+05:30 ERROR [search-service] Elasticsearch query failed: connection reset by peer (node=es-data-02)
2026-09-20T04:00:02.000+05:30 INFO  [platform] Heartbeat OK services=5 jvm_heap_used_pct=66
2026-09-20T05:00:00.000+05:30 INFO  [platform] Heartbeat OK services=5 jvm_heap_used_pct=60
2026-09-20T05:51:45.158+05:30 INFO  [auth-service] txn_id=TXN-102498 customer_id=C10451 action=login status=SUCCESS response_ms=110
2026-09-20T05:52:10.290+05:30 INFO  [cart-service] txn_id=TXN-102499 customer_id=C10451 action=addtocart product_id=NM-3004 qty=1 status=SUCCESS response_ms=60
2026-09-20T06:00:01.000+05:30 INFO  [platform] Heartbeat OK services=5 jvm_heap_used_pct=71
2026-09-20T06:12:40.000+05:30 ERROR [search-service] Elasticsearch query failed: connection reset by peer (node=es-data-02)
2026-09-20T06:14:18.265+05:30 INFO  [cart-service] txn_id=TXN-102502 customer_id=C10642 action=addtocart product_id=NM-5001 qty=1 status=SUCCESS response_ms=138
2026-09-20T06:21:43.053+05:30 INFO  [auth-service] txn_id=TXN-102503 customer_id=C10252 action=login status=SUCCESS response_ms=77
2026-09-20T06:22:04.218+05:30 INFO  [cart-service] txn_id=TXN-102504 customer_id=C10252 action=addtocart product_id=NM-5003 qty=2 status=SUCCESS response_ms=70
2026-09-20T06:37:30.177+05:30 INFO  [cart-service] txn_id=TXN-102500 customer_id=C10473 action=addtocart product_id=NM-1004 qty=1 status=SUCCESS response_ms=114
2026-09-20T06:38:00.255+05:30 INFO  [order-service] txn_id=TXN-102501 customer_id=C10473 action=checkout order_id=ORD-550823 product_id=NM-1004 qty=1 amount=27999.00 payment_method=NETBANKING status=SUCCESS response_ms=255 region=North
2026-09-20T07:00:00.000+05:30 INFO  [platform] Heartbeat OK services=5 jvm_heap_used_pct=64
2026-09-20T07:12:23.050+05:30 INFO  [cart-service] txn_id=TXN-102507 customer_id=C10465 action=addtocart product_id=NM-2002 qty=1 status=SUCCESS response_ms=156
2026-09-20T07:12:56.402+05:30 INFO  [order-service] txn_id=TXN-102508 customer_id=C10465 action=checkout order_id=ORD-550825 product_id=NM-2002 qty=1 amount=1899.00 payment_method=UPI status=SUCCESS response_ms=402 region=South
2026-09-20T07:13:55.158+05:30 INFO  [cart-service] txn_id=TXN-102509 customer_id=C10182 action=addtocart product_id=NM-6001 qty=1 status=SUCCESS response_ms=163
2026-09-20T07:23:38.097+05:30 INFO  [cart-service] txn_id=TXN-102512 customer_id=C10016 action=addtocart product_id=NM-1003 qty=3 status=SUCCESS response_ms=88
2026-09-20T07:24:53.435+05:30 INFO  [order-service] txn_id=TXN-102513 customer_id=C10016 action=checkout order_id=ORD-550826 product_id=NM-1003 qty=3 amount=5397.00 payment_method=NETBANKING status=SUCCESS response_ms=435 region=East
2026-09-20T07:33:14.114+05:30 INFO  [cart-service] txn_id=TXN-102505 customer_id=C10322 action=addtocart product_id=NM-6001 qty=1 status=SUCCESS response_ms=48
2026-09-20T07:34:33.375+05:30 INFO  [order-service] txn_id=TXN-102506 customer_id=C10322 action=checkout order_id=ORD-550824 product_id=NM-6001 qty=1 amount=349.00 payment_method=UPI status=SUCCESS response_ms=375 region=South
2026-09-20T07:38:41.175+05:30 INFO  [auth-service] txn_id=TXN-102510 customer_id=C10262 action=login status=SUCCESS response_ms=61
2026-09-20T07:39:00.171+05:30 INFO  [cart-service] txn_id=TXN-102511 customer_id=C10262 action=addtocart product_id=NM-4002 qty=1 status=SUCCESS response_ms=68
2026-09-20T07:51:42.000+05:30 ERROR [search-service] Elasticsearch query failed: connection reset by peer (node=es-data-02)
2026-09-20T08:00:02.000+05:30 INFO  [platform] Heartbeat OK services=5 jvm_heap_used_pct=58
2026-09-20T08:05:58.183+05:30 INFO  [cart-service] txn_id=TXN-102514 customer_id=C10438 action=addtocart product_id=NM-2002 qty=1 status=SUCCESS response_ms=106
2026-09-20T08:06:55.327+05:30 INFO  [order-service] txn_id=TXN-102515 customer_id=C10438 action=checkout order_id=ORD-550827 product_id=NM-2002 qty=1 amount=1899.00 payment_method=UPI status=SUCCESS response_ms=327 region=East
2026-09-20T08:07:17.187+05:30 INFO  [cart-service] txn_id=TXN-102522 customer_id=C10532 action=addtocart product_id=NM-5002 qty=1 status=SUCCESS response_ms=137
2026-09-20T08:08:14.363+05:30 INFO  [order-service] txn_id=TXN-102523 customer_id=C10532 action=checkout order_id=ORD-550830 product_id=NM-5002 qty=1 amount=3999.00 payment_method=UPI status=SUCCESS response_ms=363 region=North
2026-09-20T08:48:30.046+05:30 INFO  [auth-service] txn_id=TXN-102516 customer_id=C10648 action=login status=SUCCESS response_ms=100
2026-09-20T08:48:53.085+05:30 INFO  [cart-service] txn_id=TXN-102517 customer_id=C10648 action=addtocart product_id=NM-1005 qty=1 status=SUCCESS response_ms=99
2026-09-20T08:50:18.341+05:30 INFO  [order-service] txn_id=TXN-102518 customer_id=C10648 action=checkout order_id=ORD-550828 product_id=NM-1005 qty=1 amount=4999.00 payment_method=WALLET status=SUCCESS response_ms=341 region=West
2026-09-20T08:54:08.286+05:30 INFO  [auth-service] txn_id=TXN-102519 customer_id=C10280 action=login status=SUCCESS response_ms=146
2026-09-20T08:54:45.279+05:30 INFO  [cart-service] txn_id=TXN-102520 customer_id=C10280 action=addtocart product_id=NM-2004 qty=1 status=SUCCESS response_ms=174
2026-09-20T08:55:14.419+05:30 INFO  [order-service] txn_id=TXN-102521 customer_id=C10280 action=checkout order_id=ORD-550829 product_id=NM-2004 qty=1 amount=2299.00 payment_method=WALLET status=SUCCESS response_ms=419 region=North
2026-09-20T09:00:02.000+05:30 INFO  [platform] Heartbeat OK services=5 jvm_heap_used_pct=58
2026-09-20T09:06:52.191+05:30 INFO  [auth-service] txn_id=TXN-102527 customer_id=C10078 action=login status=SUCCESS response_ms=96
2026-09-20T09:07:12.232+05:30 INFO  [cart-service] txn_id=TXN-102528 customer_id=C10078 action=addtocart product_id=NM-1003 qty=1 status=SUCCESS response_ms=72
2026-09-20T09:22:17.283+05:30 INFO  [cart-service] txn_id=TXN-102525 customer_id=C10103 action=addtocart product_id=NM-1001 qty=1 status=SUCCESS response_ms=161
2026-09-20T09:23:29.232+05:30 WARN  [order-service] txn_id=TXN-102526 customer_id=C10103 action=checkout order_id=ORD-550831 product_id=NM-1001 qty=1 amount=18999.00 payment_method=UPI status=DECLINED error_code=PAY_DECLINED response_ms=232 region=West
2026-09-20T09:37:46.000+05:30 ERROR [search-service] Elasticsearch query failed: connection reset by peer (node=es-data-02)
2026-09-20T09:46:04.248+05:30 INFO  [cart-service] txn_id=TXN-102524 customer_id=C10199 action=addtocart product_id=NM-6001 qty=1 status=SUCCESS response_ms=43
2026-09-20T09:53:01.209+05:30 INFO  [cart-service] txn_id=TXN-102529 customer_id=C10429 action=addtocart product_id=NM-1005 qty=2 status=SUCCESS response_ms=76
2026-09-20T10:00:00.000+05:30 INFO  [platform] Heartbeat OK services=5 jvm_heap_used_pct=49
2026-09-20T10:05:30.274+05:30 INFO  [auth-service] txn_id=TXN-102531 customer_id=C10002 action=login status=SUCCESS response_ms=165
2026-09-20T10:06:06.085+05:30 INFO  [cart-service] txn_id=TXN-102532 customer_id=C10002 action=addtocart product_id=NM-5001 qty=1 status=SUCCESS response_ms=62
2026-09-20T10:07:02.349+05:30 INFO  [order-service] txn_id=TXN-102533 customer_id=C10002 action=checkout order_id=ORD-550832 product_id=NM-5001 qty=1 amount=1299.00 payment_method=CARD status=SUCCESS response_ms=349 region=North
2026-09-20T10:21:28.227+05:30 INFO  [cart-service] txn_id=TXN-102530 customer_id=C10208 action=addtocart product_id=NM-1001 qty=1 status=SUCCESS response_ms=141
2026-09-20T10:47:07.285+05:30 INFO  [cart-service] txn_id=TXN-102541 customer_id=C10059 action=addtocart product_id=NM-4001 qty=1 status=SUCCESS response_ms=64
2026-09-20T10:48:42.202+05:30 INFO  [order-service] txn_id=TXN-102542 customer_id=C10059 action=checkout order_id=ORD-550835 product_id=NM-4001 qty=1 amount=899.00 payment_method=COD status=SUCCESS response_ms=202 region=West
2026-09-20T10:52:09.087+05:30 INFO  [auth-service] txn_id=TXN-102534 customer_id=C10064 action=login status=SUCCESS response_ms=42
2026-09-20T10:52:18.199+05:30 INFO  [cart-service] txn_id=TXN-102535 customer_id=C10064 action=addtocart product_id=NM-6002 qty=1 status=SUCCESS response_ms=69
2026-09-20T10:52:25.244+05:30 INFO  [auth-service] txn_id=TXN-102536 customer_id=C10529 action=login status=SUCCESS response_ms=218
2026-09-20T10:52:50.240+05:30 INFO  [cart-service] txn_id=TXN-102537 customer_id=C10529 action=addtocart product_id=NM-2003 qty=1 status=SUCCESS response_ms=63
2026-09-20T10:54:28.392+05:30 INFO  [order-service] txn_id=TXN-102538 customer_id=C10529 action=checkout order_id=ORD-550833 product_id=NM-2003 qty=1 amount=2999.00 payment_method=CARD status=SUCCESS response_ms=392 region=North
2026-09-20T10:55:04.287+05:30 INFO  [cart-service] txn_id=TXN-102539 customer_id=C10497 action=addtocart product_id=NM-3001 qty=1 status=SUCCESS response_ms=133
2026-09-20T10:57:01.253+05:30 INFO  [order-service] txn_id=TXN-102540 customer_id=C10497 action=checkout order_id=ORD-550834 product_id=NM-3001 qty=1 amount=3499.00 payment_method=CARD status=SUCCESS response_ms=253 region=West
2026-09-20T11:00:01.000+05:30 INFO  [platform] Heartbeat OK services=5 jvm_heap_used_pct=64
2026-09-20T11:06:12.240+05:30 INFO  [cart-service] txn_id=TXN-102547 customer_id=C10371 action=addtocart product_id=NM-1004 qty=1 status=SUCCESS response_ms=176
2026-09-20T11:07:17.425+05:30 INFO  [order-service] txn_id=TXN-102548 customer_id=C10371 action=checkout order_id=ORD-550838 product_id=NM-1004 qty=1 amount=27999.00 payment_method=UPI status=SUCCESS response_ms=425 region=North
2026-09-20T11:10:00.296+05:30 INFO  [cart-service] txn_id=TXN-102543 customer_id=C10058 action=addtocart product_id=NM-2004 qty=1 status=SUCCESS response_ms=81
2026-09-20T11:10:45.306+05:30 INFO  [order-service] txn_id=TXN-102544 customer_id=C10058 action=checkout order_id=ORD-550836 product_id=NM-2004 qty=1 amount=2299.00 payment_method=CARD status=SUCCESS response_ms=306 region=South
2026-09-20T11:25:14.138+05:30 INFO  [cart-service] txn_id=TXN-102545 customer_id=C10109 action=addtocart product_id=NM-1003 qty=1 status=SUCCESS response_ms=131
2026-09-20T11:25:49.248+05:30 INFO  [order-service] txn_id=TXN-102546 customer_id=C10109 action=checkout order_id=ORD-550837 product_id=NM-1003 qty=1 amount=1799.00 payment_method=UPI status=SUCCESS response_ms=248 region=West
2026-09-20T11:25:57.219+05:30 INFO  [cart-service] txn_id=TXN-102553 customer_id=C10256 action=addtocart product_id=NM-2004 qty=1 status=SUCCESS response_ms=176
2026-09-20T11:45:05.099+05:30 INFO  [cart-service] txn_id=TXN-102551 customer_id=C10382 action=addtocart product_id=NM-5001 qty=1 status=SUCCESS response_ms=66
2026-09-20T11:46:20.313+05:30 INFO  [order-service] txn_id=TXN-102552 customer_id=C10382 action=checkout order_id=ORD-550839 product_id=NM-5001 qty=1 amount=1299.00 payment_method=CARD status=SUCCESS response_ms=313 region=North
2026-09-20T11:57:16.223+05:30 INFO  [auth-service] txn_id=TXN-102549 customer_id=C10307 action=login status=SUCCESS response_ms=57
2026-09-20T11:57:46.198+05:30 INFO  [cart-service] txn_id=TXN-102550 customer_id=C10307 action=addtocart product_id=NM-3003 qty=2 status=SUCCESS response_ms=110
2026-09-20T11:59:35.106+05:30 INFO  [cart-service] txn_id=TXN-102554 customer_id=C10326 action=addtocart product_id=NM-1005 qty=1 status=SUCCESS response_ms=99
2026-09-20T12:00:02.000+05:30 INFO  [platform] Heartbeat OK services=5 jvm_heap_used_pct=40
2026-09-20T12:03:57.069+05:30 INFO  [auth-service] txn_id=TXN-102558 customer_id=C10580 action=login status=SUCCESS response_ms=41
2026-09-20T12:04:01.081+05:30 INFO  [cart-service] txn_id=TXN-102559 customer_id=C10580 action=addtocart product_id=NM-5001 qty=1 status=SUCCESS response_ms=157
2026-09-20T12:11:29.058+05:30 INFO  [cart-service] txn_id=TXN-102557 customer_id=C10601 action=addtocart product_id=NM-1004 qty=1 status=SUCCESS response_ms=114
2026-09-20T12:15:14.000+05:30 WARN  [inventory-service] Low stock alert product_id=NM-6002 remaining=8 warehouse=WH-DEL
2026-09-20T12:29:36.255+05:30 INFO  [auth-service] txn_id=TXN-102560 customer_id=C10338 action=login status=SUCCESS response_ms=167
2026-09-20T12:29:52.154+05:30 INFO  [cart-service] txn_id=TXN-102561 customer_id=C10338 action=addtocart product_id=NM-4002 qty=1 status=SUCCESS response_ms=157
2026-09-20T12:43:11.131+05:30 INFO  [cart-service] txn_id=TXN-102562 customer_id=C10475 action=addtocart product_id=NM-2002 qty=1 status=SUCCESS response_ms=124
2026-09-20T12:45:08.136+05:30 INFO  [cart-service] txn_id=TXN-102563 customer_id=C10075 action=addtocart product_id=NM-4001 qty=1 status=SUCCESS response_ms=111
2026-09-20T12:52:04.202+05:30 INFO  [cart-service] txn_id=TXN-102555 customer_id=C10068 action=addtocart product_id=NM-5002 qty=1 status=SUCCESS response_ms=155
2026-09-20T12:53:22.135+05:30 INFO  [order-service] txn_id=TXN-102556 customer_id=C10068 action=checkout order_id=ORD-550840 product_id=NM-5002 qty=1 amount=3999.00 payment_method=NETBANKING status=SUCCESS response_ms=135 region=South
2026-09-20T13:00:00.000+05:30 INFO  [platform] Heartbeat OK services=5 jvm_heap_used_pct=63
2026-09-20T13:10:20.023+05:30 INFO  [cart-service] txn_id=TXN-102570 customer_id=C10278 action=addtocart product_id=NM-5001 qty=1 status=SUCCESS response_ms=54
2026-09-20T13:11:38.288+05:30 INFO  [order-service] txn_id=TXN-102571 customer_id=C10278 action=checkout order_id=ORD-550843 product_id=NM-5001 qty=1 amount=1299.00 payment_method=CARD status=SUCCESS response_ms=288 region=West
2026-09-20T13:13:47.147+05:30 INFO  [cart-service] txn_id=TXN-102564 customer_id=C10491 action=addtocart product_id=NM-6001 qty=1 status=SUCCESS response_ms=32
2026-09-20T13:14:18.164+05:30 INFO  [order-service] txn_id=TXN-102565 customer_id=C10491 action=checkout order_id=ORD-550841 product_id=NM-6001 qty=1 amount=349.00 payment_method=CARD status=SUCCESS response_ms=164 region=North
2026-09-20T13:15:41.295+05:30 INFO  [cart-service] txn_id=TXN-102568 customer_id=C10242 action=addtocart product_id=NM-3004 qty=1 status=SUCCESS response_ms=59
2026-09-20T13:16:59.457+05:30 INFO  [order-service] txn_id=TXN-102569 customer_id=C10242 action=checkout order_id=ORD-550842 product_id=NM-3004 qty=1 amount=599.00 payment_method=UPI status=SUCCESS response_ms=457 region=North
2026-09-20T13:26:06.181+05:30 INFO  [cart-service] txn_id=TXN-102572 customer_id=C10512 action=addtocart product_id=NM-5001 qty=1 status=SUCCESS response_ms=55
2026-09-20T13:35:53.282+05:30 INFO  [auth-service] txn_id=TXN-102566 customer_id=C10121 action=login status=SUCCESS response_ms=110
2026-09-20T13:36:22.284+05:30 INFO  [cart-service] txn_id=TXN-102567 customer_id=C10121 action=addtocart product_id=NM-1003 qty=2 status=SUCCESS response_ms=88
2026-09-20T14:00:01.000+05:30 INFO  [platform] Heartbeat OK services=5 jvm_heap_used_pct=65
2026-09-20T14:07:24.034+05:30 INFO  [auth-service] txn_id=TXN-102573 customer_id=C10003 action=login status=SUCCESS response_ms=102
2026-09-20T14:07:33.059+05:30 INFO  [cart-service] txn_id=TXN-102574 customer_id=C10003 action=addtocart product_id=NM-2003 qty=1 status=SUCCESS response_ms=180
2026-09-20T14:08:21.395+05:30 INFO  [order-service] txn_id=TXN-102575 customer_id=C10003 action=checkout order_id=ORD-550844 product_id=NM-2003 qty=1 amount=2999.00 payment_method=CARD status=SUCCESS response_ms=395 region=West
2026-09-20T14:38:01.259+05:30 INFO  [cart-service] txn_id=TXN-102578 customer_id=C10235 action=addtocart product_id=NM-3004 qty=2 status=SUCCESS response_ms=127
2026-09-20T14:39:14.447+05:30 INFO  [order-service] txn_id=TXN-102579 customer_id=C10235 action=checkout order_id=ORD-550845 product_id=NM-3004 qty=2 amount=1198.00 payment_method=CARD status=SUCCESS response_ms=447 region=North
2026-09-20T14:43:16.145+05:30 INFO  [cart-service] txn_id=TXN-102580 customer_id=C10595 action=addtocart product_id=NM-1005 qty=2 status=SUCCESS response_ms=166
2026-09-20T14:44:48.236+05:30 INFO  [order-service] txn_id=TXN-102581 customer_id=C10595 action=checkout order_id=ORD-550846 product_id=NM-1005 qty=2 amount=9998.00 payment_method=UPI status=SUCCESS response_ms=236 region=West
2026-09-20T14:57:17.063+05:30 INFO  [auth-service] txn_id=TXN-102576 customer_id=C10173 action=login status=SUCCESS response_ms=91
2026-09-20T14:57:34.043+05:30 INFO  [cart-service] txn_id=TXN-102577 customer_id=C10173 action=addtocart product_id=NM-1003 qty=1 status=SUCCESS response_ms=131
2026-09-20T15:00:02.000+05:30 INFO  [platform] Heartbeat OK services=5 jvm_heap_used_pct=54
2026-09-20T15:30:15.128+05:30 INFO  [auth-service] txn_id=TXN-102591 customer_id=C10474 action=login status=SUCCESS response_ms=136
2026-09-20T15:30:46.272+05:30 INFO  [cart-service] txn_id=TXN-102592 customer_id=C10474 action=addtocart product_id=NM-6002 qty=2 status=SUCCESS response_ms=82
2026-09-20T15:32:16.140+05:30 WARN  [order-service] txn_id=TXN-102593 customer_id=C10474 action=checkout order_id=ORD-550849 product_id=NM-6002 qty=2 amount=1598.00 payment_method=UPI status=DECLINED error_code=PAY_DECLINED response_ms=140 region=South
2026-09-20T15:33:55.027+05:30 INFO  [auth-service] txn_id=TXN-102588 customer_id=C10506 action=login status=SUCCESS response_ms=121
2026-09-20T15:34:15.163+05:30 INFO  [cart-service] txn_id=TXN-102589 customer_id=C10506 action=addtocart product_id=NM-3001 qty=2 status=SUCCESS response_ms=55
2026-09-20T15:35:15.380+05:30 INFO  [order-service] txn_id=TXN-102590 customer_id=C10506 action=checkout order_id=ORD-550848 product_id=NM-3001 qty=2 amount=6998.00 payment_method=NETBANKING status=SUCCESS response_ms=380 region=South
2026-09-20T15:50:37.085+05:30 INFO  [cart-service] txn_id=TXN-102587 customer_id=C10118 action=addtocart product_id=NM-3003 qty=1 status=SUCCESS response_ms=159
2026-09-20T15:52:23.101+05:30 INFO  [cart-service] txn_id=TXN-102582 customer_id=C10122 action=addtocart product_id=NM-5001 qty=1 status=SUCCESS response_ms=150
2026-09-20T15:54:13.284+05:30 INFO  [cart-service] txn_id=TXN-102583 customer_id=C10315 action=addtocart product_id=NM-6001 qty=1 status=SUCCESS response_ms=134
2026-09-20T15:58:33.216+05:30 INFO  [auth-service] txn_id=TXN-102584 customer_id=C10097 action=login status=SUCCESS response_ms=70
2026-09-20T15:59:11.250+05:30 INFO  [cart-service] txn_id=TXN-102585 customer_id=C10097 action=addtocart product_id=NM-2003 qty=1 status=SUCCESS response_ms=63
2026-09-20T15:59:49.193+05:30 INFO  [order-service] txn_id=TXN-102586 customer_id=C10097 action=checkout order_id=ORD-550847 product_id=NM-2003 qty=1 amount=2999.00 payment_method=COD status=SUCCESS response_ms=193 region=North
2026-09-20T16:00:01.000+05:30 INFO  [platform] Heartbeat OK services=5 jvm_heap_used_pct=54
2026-09-20T16:04:57.115+05:30 INFO  [cart-service] txn_id=TXN-102596 customer_id=C10353 action=addtocart product_id=NM-1002 qty=1 status=SUCCESS response_ms=61
2026-09-20T16:26:40.207+05:30 INFO  [cart-service] txn_id=TXN-102594 customer_id=C10579 action=addtocart product_id=NM-3003 qty=1 status=SUCCESS response_ms=73
2026-09-20T16:27:39.272+05:30 WARN  [order-service] txn_id=TXN-102595 customer_id=C10579 action=checkout order_id=ORD-550850 product_id=NM-3003 qty=1 amount=1199.00 payment_method=WALLET status=DECLINED error_code=PAY_DECLINED response_ms=272 region=North
2026-09-20T16:31:56.131+05:30 INFO  [cart-service] txn_id=TXN-102597 customer_id=C10223 action=addtocart product_id=NM-2001 qty=1 status=SUCCESS response_ms=109
2026-09-20T16:33:22.427+05:30 INFO  [order-service] txn_id=TXN-102598 customer_id=C10223 action=checkout order_id=ORD-550851 product_id=NM-2001 qty=1 amount=1499.00 payment_method=UPI status=SUCCESS response_ms=427 region=West
2026-09-20T16:39:10.000+05:30 WARN  [inventory-service] Low stock alert product_id=NM-2004 remaining=3 warehouse=WH-BLR
2026-09-20T16:50:33.000+05:30 WARN  [inventory-service] Low stock alert product_id=NM-5001 remaining=4 warehouse=WH-BLR
2026-09-20T16:54:55.210+05:30 INFO  [auth-service] txn_id=TXN-102599 customer_id=C10268 action=login status=SUCCESS response_ms=180
2026-09-20T16:54:59.245+05:30 INFO  [cart-service] txn_id=TXN-102600 customer_id=C10268 action=addtocart product_id=NM-2002 qty=1 status=SUCCESS response_ms=161
2026-09-20T16:55:40.298+05:30 INFO  [order-service] txn_id=TXN-102601 customer_id=C10268 action=checkout order_id=ORD-550852 product_id=NM-2002 qty=1 amount=1899.00 payment_method=COD status=SUCCESS response_ms=298 region=North
2026-09-20T17:00:00.000+05:30 INFO  [platform] Heartbeat OK services=5 jvm_heap_used_pct=63
2026-09-20T17:21:47.070+05:30 INFO  [cart-service] txn_id=TXN-102604 customer_id=C10395 action=addtocart product_id=NM-6002 qty=1 status=SUCCESS response_ms=173
2026-09-20T17:23:08.456+05:30 INFO  [order-service] txn_id=TXN-102605 customer_id=C10395 action=checkout order_id=ORD-550854 product_id=NM-6002 qty=1 amount=799.00 payment_method=COD status=SUCCESS response_ms=456 region=North
2026-09-20T17:44:44.000+05:30 WARN  [inventory-service] Low stock alert product_id=NM-2004 remaining=8 warehouse=WH-BLR
2026-09-20T17:55:08.066+05:30 INFO  [cart-service] txn_id=TXN-102602 customer_id=C10098 action=addtocart product_id=NM-1002 qty=1 status=SUCCESS response_ms=163
2026-09-20T17:55:47.194+05:30 INFO  [order-service] txn_id=TXN-102603 customer_id=C10098 action=checkout order_id=ORD-550853 product_id=NM-1002 qty=1 amount=2499.00 payment_method=NETBANKING status=SUCCESS response_ms=194 region=West
2026-09-20T18:00:01.000+05:30 INFO  [platform] Heartbeat OK services=5 jvm_heap_used_pct=70
2026-09-20T18:03:53.173+05:30 INFO  [cart-service] txn_id=TXN-102616 customer_id=C10245 action=addtocart product_id=NM-1002 qty=1 status=SUCCESS response_ms=40
2026-09-20T18:04:44.251+05:30 INFO  [cart-service] txn_id=TXN-102626 customer_id=C10221 action=addtocart product_id=NM-1004 qty=1 status=SUCCESS response_ms=125
2026-09-20T18:05:09.405+05:30 INFO  [order-service] txn_id=TXN-102617 customer_id=C10245 action=checkout order_id=ORD-550858 product_id=NM-1002 qty=1 amount=2499.00 payment_method=UPI status=SUCCESS response_ms=405 region=North
2026-09-20T18:06:00.452+05:30 INFO  [order-service] txn_id=TXN-102627 customer_id=C10221 action=checkout order_id=ORD-550862 product_id=NM-1004 qty=1 amount=27999.00 payment_method=NETBANKING status=SUCCESS response_ms=452 region=North
2026-09-20T18:14:00.087+05:30 INFO  [cart-service] txn_id=TXN-102614 customer_id=C10525 action=addtocart product_id=NM-6001 qty=1 status=SUCCESS response_ms=81
2026-09-20T18:15:21.162+05:30 INFO  [auth-service] txn_id=TXN-102611 customer_id=C10245 action=login status=SUCCESS response_ms=166
2026-09-20T18:15:28.192+05:30 INFO  [cart-service] txn_id=TXN-102612 customer_id=C10245 action=addtocart product_id=NM-4001 qty=1 status=SUCCESS response_ms=154
2026-09-20T18:17:02.341+05:30 INFO  [order-service] txn_id=TXN-102613 customer_id=C10245 action=checkout order_id=ORD-550857 product_id=NM-4001 qty=1 amount=899.00 payment_method=UPI status=SUCCESS response_ms=341 region=North
2026-09-20T18:26:54.136+05:30 INFO  [cart-service] txn_id=TXN-102609 customer_id=C10205 action=addtocart product_id=NM-3004 qty=2 status=SUCCESS response_ms=54
2026-09-20T18:27:48.268+05:30 INFO  [order-service] txn_id=TXN-102610 customer_id=C10205 action=checkout order_id=ORD-550856 product_id=NM-3004 qty=2 amount=1198.00 payment_method=CARD status=SUCCESS response_ms=268 region=South
2026-09-20T18:38:57.105+05:30 INFO  [auth-service] txn_id=TXN-102606 customer_id=C10038 action=login status=SUCCESS response_ms=159
2026-09-20T18:39:14.286+05:30 INFO  [cart-service] txn_id=TXN-102607 customer_id=C10038 action=addtocart product_id=NM-1002 qty=2 status=SUCCESS response_ms=44
2026-09-20T18:39:39.190+05:30 INFO  [cart-service] txn_id=TXN-102621 customer_id=C10143 action=addtocart product_id=NM-1001 qty=1 status=SUCCESS response_ms=107
2026-09-20T18:40:08.426+05:30 INFO  [order-service] txn_id=TXN-102608 customer_id=C10038 action=checkout order_id=ORD-550855 product_id=NM-1002 qty=2 amount=4998.00 payment_method=UPI status=SUCCESS response_ms=426 region=West
2026-09-20T18:41:28.401+05:30 INFO  [order-service] txn_id=TXN-102622 customer_id=C10143 action=checkout order_id=ORD-550860 product_id=NM-1001 qty=1 amount=18999.00 payment_method=UPI status=SUCCESS response_ms=401 region=South
2026-09-20T18:43:40.121+05:30 INFO  [cart-service] txn_id=TXN-102620 customer_id=C10600 action=addtocart product_id=NM-4001 qty=2 status=SUCCESS response_ms=135
2026-09-20T18:43:59.057+05:30 INFO  [auth-service] txn_id=TXN-102623 customer_id=C10255 action=login status=SUCCESS response_ms=105
2026-09-20T18:44:05.265+05:30 INFO  [cart-service] txn_id=TXN-102624 customer_id=C10255 action=addtocart product_id=NM-4001 qty=1 status=SUCCESS response_ms=46
2026-09-20T18:45:45.252+05:30 INFO  [order-service] txn_id=TXN-102625 customer_id=C10255 action=checkout order_id=ORD-550861 product_id=NM-4001 qty=1 amount=899.00 payment_method=CARD status=SUCCESS response_ms=252 region=West
2026-09-20T18:48:30.219+05:30 INFO  [auth-service] txn_id=TXN-102628 customer_id=C10434 action=login status=SUCCESS response_ms=62
2026-09-20T18:49:04.033+05:30 INFO  [cart-service] txn_id=TXN-102629 customer_id=C10434 action=addtocart product_id=NM-1005 qty=1 status=SUCCESS response_ms=168
2026-09-20T18:50:49.339+05:30 INFO  [order-service] txn_id=TXN-102630 customer_id=C10434 action=checkout order_id=ORD-550863 product_id=NM-1005 qty=1 amount=4999.00 payment_method=UPI status=SUCCESS response_ms=339 region=North
2026-09-20T18:56:41.233+05:30 INFO  [cart-service] txn_id=TXN-102618 customer_id=C10070 action=addtocart product_id=NM-4001 qty=1 status=SUCCESS response_ms=74
2026-09-20T18:58:17.438+05:30 INFO  [order-service] txn_id=TXN-102619 customer_id=C10070 action=checkout order_id=ORD-550859 product_id=NM-4001 qty=1 amount=899.00 payment_method=CARD status=SUCCESS response_ms=438 region=South
2026-09-20T18:58:52.051+05:30 INFO  [cart-service] txn_id=TXN-102615 customer_id=C10192 action=addtocart product_id=NM-6002 qty=1 status=SUCCESS response_ms=178
2026-09-20T19:00:00.000+05:30 INFO  [platform] Heartbeat OK services=5 jvm_heap_used_pct=47
2026-09-20T19:10:12.054+05:30 INFO  [cart-service] txn_id=TXN-102640 customer_id=C10308 action=addtocart product_id=NM-1002 qty=1 status=SUCCESS response_ms=50
2026-09-20T19:13:50.180+05:30 INFO  [cart-service] txn_id=TXN-102633 customer_id=C10401 action=addtocart product_id=NM-2003 qty=1 status=SUCCESS response_ms=37
2026-09-20T19:15:43.180+05:30 INFO  [order-service] txn_id=TXN-102634 customer_id=C10401 action=checkout order_id=ORD-550865 product_id=NM-2003 qty=1 amount=2999.00 payment_method=CARD status=SUCCESS response_ms=180 region=South
2026-09-20T19:17:10.101+05:30 INFO  [cart-service] txn_id=TXN-102646 customer_id=C10124 action=addtocart product_id=NM-3002 qty=1 status=SUCCESS response_ms=144
2026-09-20T19:18:46.298+05:30 INFO  [order-service] txn_id=TXN-102647 customer_id=C10124 action=checkout order_id=ORD-550870 product_id=NM-3002 qty=1 amount=5999.00 payment_method=CARD status=SUCCESS response_ms=298 region=North
2026-09-20T19:23:23.205+05:30 INFO  [auth-service] txn_id=TXN-102635 customer_id=C10339 action=login status=SUCCESS response_ms=166
2026-09-20T19:23:26.056+05:30 INFO  [cart-service] txn_id=TXN-102636 customer_id=C10339 action=addtocart product_id=NM-1003 qty=1 status=SUCCESS response_ms=138
2026-09-20T19:23:49.000+05:30 ERROR [search-service] Elasticsearch query failed: connection reset by peer (node=es-data-02)
2026-09-20T19:24:19.212+05:30 INFO  [order-service] txn_id=TXN-102637 customer_id=C10339 action=checkout order_id=ORD-550866 product_id=NM-1003 qty=1 amount=1799.00 payment_method=CARD status=SUCCESS response_ms=212 region=South
2026-09-20T19:24:45.260+05:30 INFO  [cart-service] txn_id=TXN-102631 customer_id=C10172 action=addtocart product_id=NM-1005 qty=2 status=SUCCESS response_ms=153
2026-09-20T19:26:00.362+05:30 INFO  [order-service] txn_id=TXN-102632 customer_id=C10172 action=checkout order_id=ORD-550864 product_id=NM-1005 qty=2 amount=9998.00 payment_method=CARD status=SUCCESS response_ms=362 region=South
2026-09-20T19:27:21.181+05:30 INFO  [cart-service] txn_id=TXN-102644 customer_id=C10173 action=addtocart product_id=NM-6001 qty=2 status=SUCCESS response_ms=110
2026-09-20T19:28:18.417+05:30 INFO  [order-service] txn_id=TXN-102645 customer_id=C10173 action=checkout order_id=ORD-550869 product_id=NM-6001 qty=2 amount=698.00 payment_method=CARD status=SUCCESS response_ms=417 region=South
2026-09-20T19:42:03.285+05:30 INFO  [cart-service] txn_id=TXN-102648 customer_id=C10005 action=addtocart product_id=NM-3001 qty=2 status=SUCCESS response_ms=128
2026-09-20T19:55:53.067+05:30 INFO  [cart-service] txn_id=TXN-102638 customer_id=C10329 action=addtocart product_id=NM-1005 qty=2 status=SUCCESS response_ms=170
2026-09-20T19:56:33.332+05:30 INFO  [order-service] txn_id=TXN-102639 customer_id=C10329 action=checkout order_id=ORD-550867 product_id=NM-1005 qty=2 amount=9998.00 payment_method=CARD status=SUCCESS response_ms=332 region=East
2026-09-20T19:57:55.193+05:30 INFO  [auth-service] txn_id=TXN-102641 customer_id=C10110 action=login status=SUCCESS response_ms=44
2026-09-20T19:58:03.268+05:30 INFO  [cart-service] txn_id=TXN-102642 customer_id=C10110 action=addtocart product_id=NM-5001 qty=1 status=SUCCESS response_ms=144
2026-09-20T19:59:02.240+05:30 INFO  [order-service] txn_id=TXN-102643 customer_id=C10110 action=checkout order_id=ORD-550868 product_id=NM-5001 qty=1 amount=1299.00 payment_method=COD status=SUCCESS response_ms=240 region=North
2026-09-20T20:00:02.000+05:30 INFO  [platform] Heartbeat OK services=5 jvm_heap_used_pct=52
2026-09-20T20:11:38.169+05:30 INFO  [auth-service] txn_id=TXN-102661 customer_id=C10371 action=login status=SUCCESS response_ms=216
2026-09-20T20:12:05.276+05:30 INFO  [cart-service] txn_id=TXN-102662 customer_id=C10371 action=addtocart product_id=NM-2003 qty=1 status=SUCCESS response_ms=135
2026-09-20T20:13:40.169+05:30 INFO  [order-service] txn_id=TXN-102663 customer_id=C10371 action=checkout order_id=ORD-550874 product_id=NM-2003 qty=1 amount=2999.00 payment_method=CARD status=SUCCESS response_ms=169 region=North
2026-09-20T20:18:04.059+05:30 INFO  [cart-service] txn_id=TXN-102659 customer_id=C10524 action=addtocart product_id=NM-5002 qty=1 status=SUCCESS response_ms=59
2026-09-20T20:19:18.225+05:30 INFO  [order-service] txn_id=TXN-102660 customer_id=C10524 action=checkout order_id=ORD-550873 product_id=NM-5002 qty=1 amount=3999.00 payment_method=CARD status=SUCCESS response_ms=225 region=North
2026-09-20T20:19:34.279+05:30 INFO  [cart-service] txn_id=TXN-102649 customer_id=C10259 action=addtocart product_id=NM-6001 qty=2 status=SUCCESS response_ms=65
2026-09-20T20:23:38.171+05:30 INFO  [cart-service] txn_id=TXN-102650 customer_id=C10401 action=addtocart product_id=NM-3002 qty=1 status=SUCCESS response_ms=180
2026-09-20T20:25:12.225+05:30 INFO  [order-service] txn_id=TXN-102651 customer_id=C10401 action=checkout order_id=ORD-550871 product_id=NM-3002 qty=1 amount=5999.00 payment_method=COD status=SUCCESS response_ms=225 region=South
2026-09-20T20:27:57.082+05:30 INFO  [auth-service] txn_id=TXN-102652 customer_id=C10428 action=login status=SUCCESS response_ms=151
2026-09-20T20:28:26.093+05:30 INFO  [cart-service] txn_id=TXN-102653 customer_id=C10428 action=addtocart product_id=NM-3003 qty=1 status=SUCCESS response_ms=151
2026-09-20T20:28:58.419+05:30 INFO  [order-service] txn_id=TXN-102654 customer_id=C10428 action=checkout order_id=ORD-550872 product_id=NM-3003 qty=1 amount=1199.00 payment_method=NETBANKING status=SUCCESS response_ms=419 region=North
2026-09-20T20:35:41.292+05:30 INFO  [auth-service] txn_id=TXN-102655 customer_id=C10604 action=login status=SUCCESS response_ms=68
2026-09-20T20:36:03.181+05:30 INFO  [cart-service] txn_id=TXN-102656 customer_id=C10604 action=addtocart product_id=NM-1003 qty=3 status=SUCCESS response_ms=48
2026-09-20T20:36:18.275+05:30 INFO  [cart-service] txn_id=TXN-102658 customer_id=C10557 action=addtocart product_id=NM-3001 qty=1 status=SUCCESS response_ms=180
2026-09-20T20:37:53.034+05:30 INFO  [cart-service] txn_id=TXN-102667 customer_id=C10306 action=addtocart product_id=NM-5002 qty=1 status=SUCCESS response_ms=170
2026-09-20T20:43:37.000+05:30 WARN  [inventory-service] Low stock alert product_id=NM-3003 remaining=8 warehouse=WH-MUM
2026-09-20T20:45:57.028+05:30 INFO  [cart-service] txn_id=TXN-102657 customer_id=C10122 action=addtocart product_id=NM-1005 qty=1 status=SUCCESS response_ms=147
2026-09-20T20:52:08.022+05:30 INFO  [auth-service] txn_id=TXN-102664 customer_id=C10103 action=login status=SUCCESS response_ms=183
2026-09-20T20:52:43.261+05:30 INFO  [cart-service] txn_id=TXN-102665 customer_id=C10103 action=addtocart product_id=NM-5001 qty=1 status=SUCCESS response_ms=44
2026-09-20T20:54:22.167+05:30 INFO  [order-service] txn_id=TXN-102666 customer_id=C10103 action=checkout order_id=ORD-550875 product_id=NM-5001 qty=1 amount=1299.00 payment_method=NETBANKING status=SUCCESS response_ms=167 region=West
2026-09-20T21:00:00.000+05:30 INFO  [platform] Heartbeat OK services=5 jvm_heap_used_pct=49
2026-09-20T21:03:38.142+05:30 INFO  [cart-service] txn_id=TXN-102673 customer_id=C10547 action=addtocart product_id=NM-6002 qty=1 status=SUCCESS response_ms=55
2026-09-20T21:07:14.170+05:30 INFO  [cart-service] txn_id=TXN-102685 customer_id=C10552 action=addtocart product_id=NM-1003 qty=1 status=SUCCESS response_ms=132
2026-09-20T21:08:13.225+05:30 INFO  [order-service] txn_id=TXN-102686 customer_id=C10552 action=checkout order_id=ORD-550880 product_id=NM-1003 qty=1 amount=1799.00 payment_method=UPI status=SUCCESS response_ms=225 region=West
2026-09-20T21:10:24.172+05:30 INFO  [auth-service] txn_id=TXN-102687 customer_id=C10642 action=login status=SUCCESS response_ms=67
2026-09-20T21:10:36.065+05:30 INFO  [cart-service] txn_id=TXN-102688 customer_id=C10642 action=addtocart product_id=NM-5001 qty=1 status=SUCCESS response_ms=98
2026-09-20T21:12:24.178+05:30 INFO  [order-service] txn_id=TXN-102689 customer_id=C10642 action=checkout order_id=ORD-550881 product_id=NM-5001 qty=1 amount=1299.00 payment_method=UPI status=SUCCESS response_ms=178 region=East
2026-09-20T21:20:34.291+05:30 INFO  [cart-service] txn_id=TXN-102693 customer_id=C10197 action=addtocart product_id=NM-1002 qty=1 status=SUCCESS response_ms=74
2026-09-20T21:20:58.000+05:30 ERROR [search-service] Elasticsearch query failed: connection reset by peer (node=es-data-02)
2026-09-20T21:21:08.465+05:30 INFO  [order-service] txn_id=TXN-102694 customer_id=C10197 action=checkout order_id=ORD-550883 product_id=NM-1002 qty=1 amount=2499.00 payment_method=WALLET status=SUCCESS response_ms=465 region=North
2026-09-20T21:21:21.183+05:30 INFO  [cart-service] txn_id=TXN-102679 customer_id=C10009 action=addtocart product_id=NM-1001 qty=1 status=SUCCESS response_ms=122
2026-09-20T21:23:01.422+05:30 INFO  [order-service] txn_id=TXN-102680 customer_id=C10009 action=checkout order_id=ORD-550878 product_id=NM-1001 qty=1 amount=18999.00 payment_method=CARD status=SUCCESS response_ms=422 region=West
2026-09-20T21:23:14.179+05:30 INFO  [cart-service] txn_id=TXN-102668 customer_id=C10209 action=addtocart product_id=NM-5001 qty=2 status=SUCCESS response_ms=166
2026-09-20T21:26:12.287+05:30 INFO  [auth-service] txn_id=TXN-102681 customer_id=C10402 action=login status=SUCCESS response_ms=72
2026-09-20T21:26:19.176+05:30 INFO  [cart-service] txn_id=TXN-102682 customer_id=C10402 action=addtocart product_id=NM-5003 qty=1 status=SUCCESS response_ms=80
2026-09-20T21:26:22.037+05:30 INFO  [auth-service] txn_id=TXN-102690 customer_id=C10356 action=login status=SUCCESS response_ms=134
2026-09-20T21:26:47.271+05:30 INFO  [cart-service] txn_id=TXN-102691 customer_id=C10356 action=addtocart product_id=NM-2001 qty=1 status=SUCCESS response_ms=82
2026-09-20T21:27:55.132+05:30 INFO  [order-service] txn_id=TXN-102692 customer_id=C10356 action=checkout order_id=ORD-550882 product_id=NM-2001 qty=1 amount=1499.00 payment_method=UPI status=SUCCESS response_ms=132 region=South
2026-09-20T21:28:32.199+05:30 INFO  [cart-service] txn_id=TXN-102697 customer_id=C10505 action=addtocart product_id=NM-3004 qty=1 status=SUCCESS response_ms=78
2026-09-20T21:33:37.265+05:30 INFO  [cart-service] txn_id=TXN-102696 customer_id=C10085 action=addtocart product_id=NM-3003 qty=1 status=SUCCESS response_ms=151
2026-09-20T21:34:46.192+05:30 INFO  [cart-service] txn_id=TXN-102669 customer_id=C10018 action=addtocart product_id=NM-1002 qty=1 status=SUCCESS response_ms=64
2026-09-20T21:35:19.281+05:30 INFO  [order-service] txn_id=TXN-102670 customer_id=C10018 action=checkout order_id=ORD-550876 product_id=NM-1002 qty=1 amount=2499.00 payment_method=UPI status=SUCCESS response_ms=281 region=South
2026-09-20T21:37:36.227+05:30 INFO  [cart-service] txn_id=TXN-102671 customer_id=C10333 action=addtocart product_id=NM-3003 qty=2 status=SUCCESS response_ms=76
2026-09-20T21:37:36.021+05:30 INFO  [cart-service] txn_id=TXN-102695 customer_id=C10084 action=addtocart product_id=NM-6002 qty=1 status=SUCCESS response_ms=115
2026-09-20T21:39:21.356+05:30 INFO  [order-service] txn_id=TXN-102672 customer_id=C10333 action=checkout order_id=ORD-550877 product_id=NM-3003 qty=2 amount=2398.00 payment_method=WALLET status=SUCCESS response_ms=356 region=West
2026-09-20T21:41:47.228+05:30 INFO  [cart-service] txn_id=TXN-102674 customer_id=C10518 action=addtocart product_id=NM-5001 qty=1 status=SUCCESS response_ms=173
2026-09-20T21:45:43.107+05:30 INFO  [cart-service] txn_id=TXN-102683 customer_id=C10617 action=addtocart product_id=NM-5003 qty=1 status=SUCCESS response_ms=72
2026-09-20T21:46:49.186+05:30 INFO  [auth-service] txn_id=TXN-102675 customer_id=C10004 action=login status=SUCCESS response_ms=70
2026-09-20T21:46:54.337+05:30 INFO  [order-service] txn_id=TXN-102684 customer_id=C10617 action=checkout order_id=ORD-550879 product_id=NM-5003 qty=1 amount=6499.00 payment_method=UPI status=SUCCESS response_ms=337 region=West
2026-09-20T21:47:15.293+05:30 INFO  [cart-service] txn_id=TXN-102676 customer_id=C10004 action=addtocart product_id=NM-3003 qty=1 status=SUCCESS response_ms=133
2026-09-20T21:49:08.035+05:30 INFO  [auth-service] txn_id=TXN-102677 customer_id=C10174 action=login status=SUCCESS response_ms=168
2026-09-20T21:49:20.250+05:30 INFO  [cart-service] txn_id=TXN-102678 customer_id=C10174 action=addtocart product_id=NM-1001 qty=1 status=SUCCESS response_ms=97
2026-09-20T22:00:01.000+05:30 INFO  [platform] Heartbeat OK services=5 jvm_heap_used_pct=44
2026-09-20T22:04:08.178+05:30 INFO  [auth-service] txn_id=TXN-102712 customer_id=C10284 action=login status=SUCCESS response_ms=215
2026-09-20T22:04:21.197+05:30 INFO  [cart-service] txn_id=TXN-102713 customer_id=C10284 action=addtocart product_id=NM-4002 qty=1 status=SUCCESS response_ms=32
2026-09-20T22:05:35.472+05:30 INFO  [order-service] txn_id=TXN-102714 customer_id=C10284 action=checkout order_id=ORD-550888 product_id=NM-4002 qty=1 amount=399.00 payment_method=UPI status=SUCCESS response_ms=472 region=East
2026-09-20T22:13:53.193+05:30 INFO  [cart-service] txn_id=TXN-102707 customer_id=C10119 action=addtocart product_id=NM-1003 qty=1 status=SUCCESS response_ms=35
2026-09-20T22:15:54.171+05:30 INFO  [order-service] txn_id=TXN-102708 customer_id=C10119 action=checkout order_id=ORD-550887 product_id=NM-1003 qty=1 amount=1799.00 payment_method=UPI status=SUCCESS response_ms=171 region=North
2026-09-20T22:21:44.109+05:30 INFO  [auth-service] txn_id=TXN-102698 customer_id=C10259 action=login status=SUCCESS response_ms=125
2026-09-20T22:22:12.202+05:30 INFO  [cart-service] txn_id=TXN-102699 customer_id=C10259 action=addtocart product_id=NM-1001 qty=1 status=SUCCESS response_ms=83
2026-09-20T22:23:37.295+05:30 INFO  [order-service] txn_id=TXN-102700 customer_id=C10259 action=checkout order_id=ORD-550884 product_id=NM-1001 qty=1 amount=18999.00 payment_method=UPI status=SUCCESS response_ms=295 region=North
2026-09-20T22:24:44.255+05:30 INFO  [auth-service] txn_id=TXN-102701 customer_id=C10068 action=login status=SUCCESS response_ms=89
2026-09-20T22:25:00.064+05:30 INFO  [cart-service] txn_id=TXN-102702 customer_id=C10068 action=addtocart product_id=NM-1001 qty=1 status=SUCCESS response_ms=120
2026-09-20T22:26:03.320+05:30 INFO  [order-service] txn_id=TXN-102703 customer_id=C10068 action=checkout order_id=ORD-550885 product_id=NM-1001 qty=1 amount=18999.00 payment_method=NETBANKING status=SUCCESS response_ms=320 region=South
2026-09-20T22:29:23.081+05:30 INFO  [cart-service] txn_id=TXN-102704 customer_id=C10466 action=addtocart product_id=NM-1004 qty=1 status=SUCCESS response_ms=53
2026-09-20T22:30:32.144+05:30 INFO  [order-service] txn_id=TXN-102705 customer_id=C10466 action=checkout order_id=ORD-550886 product_id=NM-1004 qty=1 amount=27999.00 payment_method=COD status=SUCCESS response_ms=144 region=North
2026-09-20T22:32:53.253+05:30 INFO  [auth-service] txn_id=TXN-102719 customer_id=C10380 action=login status=SUCCESS response_ms=179
2026-09-20T22:33:19.134+05:30 INFO  [cart-service] txn_id=TXN-102720 customer_id=C10380 action=addtocart product_id=NM-2003 qty=1 status=SUCCESS response_ms=129
2026-09-20T22:35:03.250+05:30 INFO  [cart-service] txn_id=TXN-102706 customer_id=C10566 action=addtocart product_id=NM-1003 qty=2 status=SUCCESS response_ms=172
2026-09-20T22:39:57.023+05:30 INFO  [cart-service] txn_id=TXN-102715 customer_id=C10555 action=addtocart product_id=NM-1001 qty=1 status=SUCCESS response_ms=31
2026-09-20T22:41:17.230+05:30 INFO  [order-service] txn_id=TXN-102716 customer_id=C10555 action=checkout order_id=ORD-550889 product_id=NM-1001 qty=1 amount=18999.00 payment_method=UPI status=SUCCESS response_ms=230 region=South
2026-09-20T22:41:24.289+05:30 INFO  [cart-service] txn_id=TXN-102709 customer_id=C10394 action=addtocart product_id=NM-2001 qty=1 status=SUCCESS response_ms=158
2026-09-20T22:48:35.000+05:30 ERROR [search-service] Elasticsearch query failed: connection reset by peer (node=es-data-02)
2026-09-20T22:50:43.250+05:30 INFO  [auth-service] txn_id=TXN-102710 customer_id=C10263 action=login status=SUCCESS response_ms=120
2026-09-20T22:51:01.028+05:30 INFO  [cart-service] txn_id=TXN-102711 customer_id=C10263 action=addtocart product_id=NM-2002 qty=1 status=SUCCESS response_ms=141
2026-09-20T22:59:34.075+05:30 INFO  [auth-service] txn_id=TXN-102717 customer_id=C10334 action=login status=SUCCESS response_ms=119
2026-09-20T22:59:48.075+05:30 INFO  [cart-service] txn_id=TXN-102718 customer_id=C10334 action=addtocart product_id=NM-3002 qty=1 status=SUCCESS response_ms=36
2026-09-20T23:00:00.000+05:30 INFO  [platform] Heartbeat OK services=5 jvm_heap_used_pct=63
2026-09-20T23:02:30.164+05:30 INFO  [cart-service] txn_id=TXN-102731 customer_id=C10055 action=addtocart product_id=NM-2004 qty=1 status=SUCCESS response_ms=62
2026-09-20T23:04:57.131+05:30 INFO  [cart-service] txn_id=TXN-102729 customer_id=C10024 action=addtocart product_id=NM-6002 qty=1 status=SUCCESS response_ms=146
2026-09-20T23:05:37.378+05:30 INFO  [order-service] txn_id=TXN-102730 customer_id=C10024 action=checkout order_id=ORD-550892 product_id=NM-6002 qty=1 amount=799.00 payment_method=UPI status=SUCCESS response_ms=378 region=South
2026-09-20T23:08:58.189+05:30 INFO  [auth-service] txn_id=TXN-102723 customer_id=C10305 action=login status=SUCCESS response_ms=170
2026-09-20T23:09:21.123+05:30 INFO  [cart-service] txn_id=TXN-102724 customer_id=C10305 action=addtocart product_id=NM-1005 qty=1 status=SUCCESS response_ms=48
2026-09-20T23:10:25.138+05:30 INFO  [order-service] txn_id=TXN-102725 customer_id=C10305 action=checkout order_id=ORD-550890 product_id=NM-1005 qty=1 amount=4999.00 payment_method=CARD status=SUCCESS response_ms=138 region=East
2026-09-20T23:36:40.000+05:30 ERROR [search-service] Elasticsearch query failed: connection reset by peer (node=es-data-02)
2026-09-20T23:36:53.046+05:30 INFO  [auth-service] txn_id=TXN-102726 customer_id=C10141 action=login status=SUCCESS response_ms=59
2026-09-20T23:37:29.148+05:30 INFO  [cart-service] txn_id=TXN-102727 customer_id=C10141 action=addtocart product_id=NM-1005 qty=1 status=SUCCESS response_ms=172
2026-09-20T23:38:16.392+05:30 INFO  [order-service] txn_id=TXN-102728 customer_id=C10141 action=checkout order_id=ORD-550891 product_id=NM-1005 qty=1 amount=4999.00 payment_method=UPI status=SUCCESS response_ms=392 region=North
2026-09-20T23:54:40.047+05:30 INFO  [auth-service] txn_id=TXN-102721 customer_id=C10081 action=login status=SUCCESS response_ms=144
2026-09-20T23:55:13.214+05:30 INFO  [cart-service] txn_id=TXN-102722 customer_id=C10081 action=addtocart product_id=NM-5001 qty=1 status=SUCCESS response_ms=43
